{
  "fio version" : "fio-3.36",
  "timestamp" : 1775119167,
  "timestamp_ms" : 1775119167277,
  "time" : "Thu Apr  2 16:39:27 2026",
  "jobs" : [
    {
      "jobname" : "engine_pvsync_rand_write",
      "groupid" : 0,
      "job_start" : 1775119131833,
      "error" : 0,
      "eta" : 0,
      "elapsed" : 31,
      "job options" : {
        "name" : "engine_pvsync_rand_write",
        "filename" : "fio_test_file",
        "rw" : "randwrite",
        "bs" : "4k",
        "ioengine" : "pvsync",
        "numjobs" : "1",
        "iodepth" : "1",
        "size" : "1G",
        "time_based" : "1",
        "runtime" : "30",
        "direct" : "1",
        "group_reporting" : "1"
      },
      "read" : {
        "io_bytes" : 0,
        "io_kbytes" : 0,
        "bw_bytes" : 0,
        "bw" : 0,
        "iops" : 0.000000,
        "runtime" : 0,
        "total_ios" : 0,
        "short_ios" : 0,
        "drop_ios" : 0,
        "slat_ns" : {
          "min" : 0,
          "max" : 0,
          "mean" : 0.000000,
          "stddev" : 0.000000,
          "N" : 0
        },
        "clat_ns" : {
          "min" : 0,
          "max" : 0,
          "mean" : 0.000000,
          "stddev" : 0.000000,
          "N" : 0
        },
        "lat_ns" : {
          "min" : 0,
          "max" : 0,
          "mean" : 0.000000,
          "stddev" : 0.000000,
          "N" : 0
        },
        "bw_min" : 0,
        "bw_max" : 0,
        "bw_agg" : 0.000000,
        "bw_mean" : 0.000000,
        "bw_dev" : 0.000000,
        "bw_samples" : 0,
        "iops_min" : 0,
        "iops_max" : 0,
        "iops_mean" : 0.000000,
        "iops_stddev" : 0.000000,
        "iops_samples" : 0
      },
      "write" : {
        "io_bytes" : 1211957248,
        "io_kbytes" : 1183552,
        "bw_bytes" : 40397228,
        "bw" : 39450,
        "iops" : 9862.604580,
        "runtime" : 30001,
        "total_ios" : 295888,
        "short_ios" : 0,
        "drop_ios" : 0,
        "slat_ns" : {
          "min" : 0,
          "max" : 0,
          "mean" : 0.000000,
          "stddev" : 0.000000,
          "N" : 0
        },
        "clat_ns" : {
          "min" : 32366,
          "max" : 513609902,
          "mean" : 100560.039092,
          "stddev" : 2412360.140131,
          "N" : 295888,
          "percentile" : {
            "1.000000" : 46848,
            "5.000000" : 48896,
            "10.000000" : 49920,
            "20.000000" : 51456,
            "30.000000" : 52480,
            "40.000000" : 53504,
            "50.000000" : 55040,
            "60.000000" : 58112,
            "70.000000" : 63232,
            "80.000000" : 73216,
            "90.000000" : 88576,
            "95.000000" : 102912,
            "99.000000" : 168960,
            "99.500000" : 220160,
            "99.900000" : 716800,
            "99.950000" : 3817472,
            "99.990000" : 102236160
          }
        },
        "lat_ns" : {
          "min" : 32437,
          "max" : 513609934,
          "mean" : 100651.236779,
          "stddev" : 2412360.400187,
          "N" : 295888
        },
        "bw_min" : 6144,
        "bw_max" : 66168,
        "bw_agg" : 99.438744,
        "bw_mean" : 39229.966102,
        "bw_dev" : 16071.379785,
        "bw_samples" : 59,
        "iops_min" : 1536,
        "iops_max" : 16542,
        "iops_mean" : 9807.491525,
        "iops_stddev" : 4017.844946,
        "iops_samples" : 59
      },
      "trim" : {
        "io_bytes" : 0,
        "io_kbytes" : 0,
        "bw_bytes" : 0,
        "bw" : 0,
        "iops" : 0.000000,
        "runtime" : 0,
        "total_ios" : 0,
        "short_ios" : 0,
        "drop_ios" : 0,
        "slat_ns" : {
          "min" : 0,
          "max" : 0,
          "mean" : 0.000000,
          "stddev" : 0.000000,
          "N" : 0
        },
        "clat_ns" : {
          "min" : 0,
          "max" : 0,
          "mean" : 0.000000,
          "stddev" : 0.000000,
          "N" : 0
        },
        "lat_ns" : {
          "min" : 0,
          "max" : 0,
          "mean" : 0.000000,
          "stddev" : 0.000000,
          "N" : 0
        },
        "bw_min" : 0,
        "bw_max" : 0,
        "bw_agg" : 0.000000,
        "bw_mean" : 0.000000,
        "bw_dev" : 0.000000,
        "bw_samples" : 0,
        "iops_min" : 0,
        "iops_max" : 0,
        "iops_mean" : 0.000000,
        "iops_stddev" : 0.000000,
        "iops_samples" : 0
      },
      "sync" : {
        "total_ios" : 0,
        "lat_ns" : {
          "min" : 0,
          "max" : 0,
          "mean" : 0.000000,
          "stddev" : 0.000000,
          "N" : 0
        }
      },
      "job_runtime" : 30000,
      "usr_cpu" : 1.700000,
      "sys_cpu" : 15.080000,
      "ctx" : 295886,
      "majf" : 0,
      "minf" : 8,
      "iodepth_level" : {
        "1" : 100.000000,
        "2" : 0.000000,
        "4" : 0.000000,
        "8" : 0.000000,
        "16" : 0.000000,
        "32" : 0.000000,
        ">=64" : 0.000000
      },
      "iodepth_submit" : {
        "0" : 0.000000,
        "4" : 100.000000,
        "8" : 0.000000,
        "16" : 0.000000,
        "32" : 0.000000,
        "64" : 0.000000,
        ">=64" : 0.000000
      },
      "iodepth_complete" : {
        "0" : 0.000000,
        "4" : 100.000000,
        "8" : 0.000000,
        "16" : 0.000000,
        "32" : 0.000000,
        "64" : 0.000000,
        ">=64" : 0.000000
      },
      "latency_ns" : {
        "2" : 0.000000,
        "4" : 0.000000,
        "10" : 0.000000,
        "20" : 0.000000,
        "50" : 0.000000,
        "100" : 0.000000,
        "250" : 0.000000,
        "500" : 0.000000,
        "750" : 0.000000,
        "1000" : 0.000000
      },
      "latency_us" : {
        "2" : 0.000000,
        "4" : 0.000000,
        "10" : 0.000000,
        "20" : 0.000000,
        "50" : 9.870965,
        "100" : 84.343062,
        "250" : 5.432123,
        "500" : 0.214946,
        "750" : 0.043260,
        "1000" : 0.020616
      },
      "latency_ms" : {
        "2" : 0.017912,
        "4" : 0.010000,
        "10" : 0.010000,
        "20" : 0.010000,
        "50" : 0.010000,
        "100" : 0.017236,
        "250" : 0.010000,
        "500" : 0.010000,
        "750" : 0.010000,
        "1000" : 0.000000,
        "2000" : 0.000000,
        ">=2000" : 0.000000
      },
      "latency_depth" : 1,
      "latency_target" : 0,
      "latency_percentile" : 100.000000,
      "latency_window" : 0
    }
  ],
  "disk_util" : [
    {
      "name" : "sdd",
      "read_ios" : 2,
      "write_ios" : 294649,
      "read_sectors" : 16,
      "write_sectors" : 2365384,
      "read_merges" : 0,
      "write_merges" : 78,
      "read_ticks" : 1,
      "write_ticks" : 27450,
      "in_queue" : 27524,
      "util" : 75.947172
    }
  ]
}
