{
  "fio version" : "fio-3.36",
  "timestamp" : 1775119266,
  "timestamp_ms" : 1775119266977,
  "time" : "Thu Apr  2 16:41:06 2026",
  "jobs" : [
    {
      "jobname" : "engine_mmap_rand_write",
      "groupid" : 0,
      "job_start" : 1775119234035,
      "error" : 0,
      "eta" : 0,
      "elapsed" : 31,
      "job options" : {
        "name" : "engine_mmap_rand_write",
        "filename" : "fio_test_file",
        "rw" : "randwrite",
        "bs" : "4k",
        "ioengine" : "mmap",
        "numjobs" : "1",
        "iodepth" : "1",
        "size" : "1G",
        "time_based" : "1",
        "runtime" : "30",
        "direct" : "1",
        "group_reporting" : "1"
      },
      "read" : {
        "io_bytes" : 0,
        "io_kbytes" : 0,
        "bw_bytes" : 0,
        "bw" : 0,
        "iops" : 0.000000,
        "runtime" : 0,
        "total_ios" : 0,
        "short_ios" : 0,
        "drop_ios" : 0,
        "slat_ns" : {
          "min" : 0,
          "max" : 0,
          "mean" : 0.000000,
          "stddev" : 0.000000,
          "N" : 0
        },
        "clat_ns" : {
          "min" : 0,
          "max" : 0,
          "mean" : 0.000000,
          "stddev" : 0.000000,
          "N" : 0
        },
        "lat_ns" : {
          "min" : 0,
          "max" : 0,
          "mean" : 0.000000,
          "stddev" : 0.000000,
          "N" : 0
        },
        "bw_min" : 0,
        "bw_max" : 0,
        "bw_agg" : 0.000000,
        "bw_mean" : 0.000000,
        "bw_dev" : 0.000000,
        "bw_samples" : 0,
        "iops_min" : 0,
        "iops_max" : 0,
        "iops_mean" : 0.000000,
        "iops_stddev" : 0.000000,
        "iops_samples" : 0
      },
      "write" : {
        "io_bytes" : 178393088,
        "io_kbytes" : 174212,
        "bw_bytes" : 5946238,
        "bw" : 5806,
        "iops" : 1451.718276,
        "runtime" : 30001,
        "total_ios" : 43553,
        "short_ios" : 0,
        "drop_ios" : 0,
        "slat_ns" : {
          "min" : 0,
          "max" : 0,
          "mean" : 0.000000,
          "stddev" : 0.000000,
          "N" : 0
        },
        "clat_ns" : {
          "min" : 332217,
          "max" : 1024620026,
          "mean" : 687283.021468,
          "stddev" : 7462285.164688,
          "N" : 43553,
          "percentile" : {
            "1.000000" : 350208,
            "5.000000" : 374784,
            "10.000000" : 387072,
            "20.000000" : 407552,
            "30.000000" : 423936,
            "40.000000" : 444416,
            "50.000000" : 460800,
            "60.000000" : 485376,
            "70.000000" : 514048,
            "80.000000" : 561152,
            "90.000000" : 724992,
            "95.000000" : 1155072,
            "99.000000" : 1777664,
            "99.500000" : 2342912,
            "99.900000" : 14090240,
            "99.950000" : 82313216,
            "99.990000" : 333447168
          }
        },
        "lat_ns" : {
          "min" : 332322,
          "max" : 1024620244,
          "mean" : 687455.285675,
          "stddev" : 7462287.736898,
          "N" : 43553
        },
        "bw_min" : 8,
        "bw_max" : 8256,
        "bw_agg" : 100.000000,
        "bw_mean" : 5865.793103,
        "bw_dev" : 2535.434789,
        "bw_samples" : 58,
        "iops_min" : 2,
        "iops_max" : 2064,
        "iops_mean" : 1466.448276,
        "iops_stddev" : 633.858697,
        "iops_samples" : 58
      },
      "trim" : {
        "io_bytes" : 0,
        "io_kbytes" : 0,
        "bw_bytes" : 0,
        "bw" : 0,
        "iops" : 0.000000,
        "runtime" : 0,
        "total_ios" : 0,
        "short_ios" : 0,
        "drop_ios" : 0,
        "slat_ns" : {
          "min" : 0,
          "max" : 0,
          "mean" : 0.000000,
          "stddev" : 0.000000,
          "N" : 0
        },
        "clat_ns" : {
          "min" : 0,
          "max" : 0,
          "mean" : 0.000000,
          "stddev" : 0.000000,
          "N" : 0
        },
        "lat_ns" : {
          "min" : 0,
          "max" : 0,
          "mean" : 0.000000,
          "stddev" : 0.000000,
          "N" : 0
        },
        "bw_min" : 0,
        "bw_max" : 0,
        "bw_agg" : 0.000000,
        "bw_mean" : 0.000000,
        "bw_dev" : 0.000000,
        "bw_samples" : 0,
        "iops_min" : 0,
        "iops_max" : 0,
        "iops_mean" : 0.000000,
        "iops_stddev" : 0.000000,
        "iops_samples" : 0
      },
      "sync" : {
        "total_ios" : 0,
        "lat_ns" : {
          "min" : 0,
          "max" : 0,
          "mean" : 0.000000,
          "stddev" : 0.000000,
          "N" : 0
        }
      },
      "job_runtime" : 30000,
      "usr_cpu" : 0.480000,
      "sys_cpu" : 5.480000,
      "ctx" : 130657,
      "majf" : 43553,
      "minf" : 11,
      "iodepth_level" : {
        "1" : 100.000000,
        "2" : 0.000000,
        "4" : 0.000000,
        "8" : 0.000000,
        "16" : 0.000000,
        "32" : 0.000000,
        ">=64" : 0.000000
      },
      "iodepth_submit" : {
        "0" : 0.000000,
        "4" : 100.000000,
        "8" : 0.000000,
        "16" : 0.000000,
        "32" : 0.000000,
        "64" : 0.000000,
        ">=64" : 0.000000
      },
      "iodepth_complete" : {
        "0" : 0.000000,
        "4" : 100.000000,
        "8" : 0.000000,
        "16" : 0.000000,
        "32" : 0.000000,
        "64" : 0.000000,
        ">=64" : 0.000000
      },
      "latency_ns" : {
        "2" : 0.000000,
        "4" : 0.000000,
        "10" : 0.000000,
        "20" : 0.000000,
        "50" : 0.000000,
        "100" : 0.000000,
        "250" : 0.000000,
        "500" : 0.000000,
        "750" : 0.000000,
        "1000" : 0.000000
      },
      "latency_us" : {
        "2" : 0.000000,
        "4" : 0.000000,
        "10" : 0.000000,
        "20" : 0.000000,
        "50" : 0.000000,
        "100" : 0.000000,
        "250" : 0.000000,
        "500" : 65.467362,
        "750" : 24.997130,
        "1000" : 2.527954
      },
      "latency_ms" : {
        "2" : 6.259041,
        "4" : 0.470691,
        "10" : 0.160724,
        "20" : 0.057401,
        "50" : 0.010000,
        "100" : 0.010000,
        "250" : 0.027553,
        "500" : 0.013776,
        "750" : 0.010000,
        "1000" : 0.000000,
        "2000" : 0.010000,
        ">=2000" : 0.000000
      },
      "latency_depth" : 1,
      "latency_target" : 0,
      "latency_percentile" : 100.000000,
      "latency_window" : 0
    }
  ],
  "disk_util" : [
    {
      "name" : "sdd",
      "read_ios" : 43338,
      "write_ios" : 86724,
      "read_sectors" : 346704,
      "write_sectors" : 354688,
      "read_merges" : 0,
      "write_merges" : 34,
      "read_ticks" : 6736,
      "write_ticks" : 21735,
      "in_queue" : 46945,
      "util" : 89.314301
    }
  ]
}
