{
  "fio version" : "fio-3.36",
  "timestamp" : 1775119026,
  "timestamp_ms" : 1775119026288,
  "time" : "Thu Apr  2 16:37:06 2026",
  "jobs" : [
    {
      "jobname" : "engine_pvsync_rand_read",
      "groupid" : 0,
      "job_start" : 1775118996272,
      "error" : 0,
      "eta" : 0,
      "elapsed" : 31,
      "job options" : {
        "name" : "engine_pvsync_rand_read",
        "filename" : "fio_test_file",
        "rw" : "randread",
        "bs" : "4k",
        "ioengine" : "pvsync",
        "numjobs" : "1",
        "iodepth" : "1",
        "size" : "1G",
        "time_based" : "1",
        "runtime" : "30",
        "direct" : "1",
        "group_reporting" : "1"
      },
      "read" : {
        "io_bytes" : 983777280,
        "io_kbytes" : 960720,
        "bw_bytes" : 32791482,
        "bw" : 32022,
        "iops" : 8005.733142,
        "runtime" : 30001,
        "total_ios" : 240180,
        "short_ios" : 0,
        "drop_ios" : 0,
        "slat_ns" : {
          "min" : 0,
          "max" : 0,
          "mean" : 0.000000,
          "stddev" : 0.000000,
          "N" : 0
        },
        "clat_ns" : {
          "min" : 73606,
          "max" : 24980143,
          "mean" : 124228.386939,
          "stddev" : 69289.004154,
          "N" : 240180,
          "percentile" : {
            "1.000000" : 79360,
            "5.000000" : 82432,
            "10.000000" : 84480,
            "20.000000" : 89600,
            "30.000000" : 96768,
            "40.000000" : 119296,
            "50.000000" : 122368,
            "60.000000" : 124416,
            "70.000000" : 129536,
            "80.000000" : 142336,
            "90.000000" : 164864,
            "95.000000" : 185344,
            "99.000000" : 280576,
            "99.500000" : 325632,
            "99.900000" : 440320,
            "99.950000" : 552960,
            "99.990000" : 1597440
          }
        },
        "lat_ns" : {
          "min" : 73622,
          "max" : 24980351,
          "mean" : 124269.568794,
          "stddev" : 69299.211530,
          "N" : 240180
        },
        "bw_min" : 29240,
        "bw_max" : 42344,
        "bw_agg" : 100.000000,
        "bw_mean" : 32058.847458,
        "bw_dev" : 3829.450959,
        "bw_samples" : 59,
        "iops_min" : 7310,
        "iops_max" : 10586,
        "iops_mean" : 8014.711864,
        "iops_stddev" : 957.362740,
        "iops_samples" : 59
      },
      "write" : {
        "io_bytes" : 0,
        "io_kbytes" : 0,
        "bw_bytes" : 0,
        "bw" : 0,
        "iops" : 0.000000,
        "runtime" : 0,
        "total_ios" : 0,
        "short_ios" : 0,
        "drop_ios" : 0,
        "slat_ns" : {
          "min" : 0,
          "max" : 0,
          "mean" : 0.000000,
          "stddev" : 0.000000,
          "N" : 0
        },
        "clat_ns" : {
          "min" : 0,
          "max" : 0,
          "mean" : 0.000000,
          "stddev" : 0.000000,
          "N" : 0
        },
        "lat_ns" : {
          "min" : 0,
          "max" : 0,
          "mean" : 0.000000,
          "stddev" : 0.000000,
          "N" : 0
        },
        "bw_min" : 0,
        "bw_max" : 0,
        "bw_agg" : 0.000000,
        "bw_mean" : 0.000000,
        "bw_dev" : 0.000000,
        "bw_samples" : 0,
        "iops_min" : 0,
        "iops_max" : 0,
        "iops_mean" : 0.000000,
        "iops_stddev" : 0.000000,
        "iops_samples" : 0
      },
      "trim" : {
        "io_bytes" : 0,
        "io_kbytes" : 0,
        "bw_bytes" : 0,
        "bw" : 0,
        "iops" : 0.000000,
        "runtime" : 0,
        "total_ios" : 0,
        "short_ios" : 0,
        "drop_ios" : 0,
        "slat_ns" : {
          "min" : 0,
          "max" : 0,
          "mean" : 0.000000,
          "stddev" : 0.000000,
          "N" : 0
        },
        "clat_ns" : {
          "min" : 0,
          "max" : 0,
          "mean" : 0.000000,
          "stddev" : 0.000000,
          "N" : 0
        },
        "lat_ns" : {
          "min" : 0,
          "max" : 0,
          "mean" : 0.000000,
          "stddev" : 0.000000,
          "N" : 0
        },
        "bw_min" : 0,
        "bw_max" : 0,
        "bw_agg" : 0.000000,
        "bw_mean" : 0.000000,
        "bw_dev" : 0.000000,
        "bw_samples" : 0,
        "iops_min" : 0,
        "iops_max" : 0,
        "iops_mean" : 0.000000,
        "iops_stddev" : 0.000000,
        "iops_samples" : 0
      },
      "sync" : {
        "total_ios" : 0,
        "lat_ns" : {
          "min" : 0,
          "max" : 0,
          "mean" : 0.000000,
          "stddev" : 0.000000,
          "N" : 0
        }
      },
      "job_runtime" : 30000,
      "usr_cpu" : 1.146667,
      "sys_cpu" : 5.573333,
      "ctx" : 240184,
      "majf" : 0,
      "minf" : 15,
      "iodepth_level" : {
        "1" : 100.000000,
        "2" : 0.000000,
        "4" : 0.000000,
        "8" : 0.000000,
        "16" : 0.000000,
        "32" : 0.000000,
        ">=64" : 0.000000
      },
      "iodepth_submit" : {
        "0" : 0.000000,
        "4" : 100.000000,
        "8" : 0.000000,
        "16" : 0.000000,
        "32" : 0.000000,
        "64" : 0.000000,
        ">=64" : 0.000000
      },
      "iodepth_complete" : {
        "0" : 0.000000,
        "4" : 100.000000,
        "8" : 0.000000,
        "16" : 0.000000,
        "32" : 0.000000,
        "64" : 0.000000,
        ">=64" : 0.000000
      },
      "latency_ns" : {
        "2" : 0.000000,
        "4" : 0.000000,
        "10" : 0.000000,
        "20" : 0.000000,
        "50" : 0.000000,
        "100" : 0.000000,
        "250" : 0.000000,
        "500" : 0.000000,
        "750" : 0.000000,
        "1000" : 0.000000
      },
      "latency_us" : {
        "2" : 0.000000,
        "4" : 0.000000,
        "10" : 0.000000,
        "20" : 0.000000,
        "50" : 0.000000,
        "100" : 31.791157,
        "250" : 66.565909,
        "500" : 1.576318,
        "750" : 0.034974,
        "1000" : 0.010000
      },
      "latency_ms" : {
        "2" : 0.019569,
        "4" : 0.010000,
        "10" : 0.010000,
        "20" : 0.000000,
        "50" : 0.010000,
        "100" : 0.000000,
        "250" : 0.000000,
        "500" : 0.000000,
        "750" : 0.000000,
        "1000" : 0.000000,
        "2000" : 0.000000,
        ">=2000" : 0.000000
      },
      "latency_depth" : 1,
      "latency_target" : 0,
      "latency_percentile" : 100.000000,
      "latency_window" : 0
    }
  ],
  "disk_util" : [
    {
      "name" : "sdd",
      "read_ios" : 239490,
      "write_ios" : 55,
      "read_sectors" : 1919352,
      "write_sectors" : 8720,
      "read_merges" : 50,
      "write_merges" : 45,
      "read_ticks" : 27599,
      "write_ticks" : 335,
      "in_queue" : 27940,
      "util" : 85.032017
    }
  ]
}
