{
  "fio version" : "fio-3.36",
  "timestamp" : 1775119101,
  "timestamp_ms" : 1775119101292,
  "time" : "Thu Apr  2 16:38:21 2026",
  "jobs" : [
    {
      "jobname" : "engine_io_uring_rand_read",
      "groupid" : 0,
      "job_start" : 1775119056888,
      "error" : 0,
      "eta" : 0,
      "elapsed" : 31,
      "job options" : {
        "name" : "engine_io_uring_rand_read",
        "filename" : "fio_test_file",
        "rw" : "randread",
        "bs" : "4k",
        "ioengine" : "io_uring",
        "numjobs" : "1",
        "iodepth" : "1",
        "size" : "1G",
        "time_based" : "1",
        "runtime" : "30",
        "direct" : "1",
        "group_reporting" : "1"
      },
      "read" : {
        "io_bytes" : 989753344,
        "io_kbytes" : 966556,
        "bw_bytes" : 32990678,
        "bw" : 32217,
        "iops" : 8054.364855,
        "runtime" : 30001,
        "total_ios" : 241639,
        "short_ios" : 0,
        "drop_ios" : 0,
        "slat_ns" : {
          "min" : 2100,
          "max" : 258709,
          "mean" : 4022.670380,
          "stddev" : 3244.054182,
          "N" : 241639
        },
        "clat_ns" : {
          "min" : 1425,
          "max" : 5432019,
          "mean" : 119462.203233,
          "stddev" : 49898.221584,
          "N" : 241639,
          "percentile" : {
            "1.000000" : 76288,
            "5.000000" : 79360,
            "10.000000" : 82432,
            "20.000000" : 86528,
            "30.000000" : 92672,
            "40.000000" : 115200,
            "50.000000" : 119296,
            "60.000000" : 121344,
            "70.000000" : 124416,
            "80.000000" : 136192,
            "90.000000" : 156672,
            "95.000000" : 173056,
            "99.000000" : 276480,
            "99.500000" : 329728,
            "99.900000" : 444416,
            "99.950000" : 577536,
            "99.990000" : 1826816
          }
        },
        "lat_ns" : {
          "min" : 72442,
          "max" : 5437223,
          "mean" : 123484.873613,
          "stddev" : 50868.977436,
          "N" : 241639
        },
        "bw_min" : 27847,
        "bw_max" : 42420,
        "bw_agg" : 100.000000,
        "bw_mean" : 32245.816667,
        "bw_dev" : 3756.911495,
        "bw_samples" : 60,
        "iops_min" : 6961,
        "iops_max" : 10605,
        "iops_mean" : 8061.283333,
        "iops_stddev" : 939.236583,
        "iops_samples" : 60
      },
      "write" : {
        "io_bytes" : 0,
        "io_kbytes" : 0,
        "bw_bytes" : 0,
        "bw" : 0,
        "iops" : 0.000000,
        "runtime" : 0,
        "total_ios" : 0,
        "short_ios" : 0,
        "drop_ios" : 0,
        "slat_ns" : {
          "min" : 0,
          "max" : 0,
          "mean" : 0.000000,
          "stddev" : 0.000000,
          "N" : 0
        },
        "clat_ns" : {
          "min" : 0,
          "max" : 0,
          "mean" : 0.000000,
          "stddev" : 0.000000,
          "N" : 0
        },
        "lat_ns" : {
          "min" : 0,
          "max" : 0,
          "mean" : 0.000000,
          "stddev" : 0.000000,
          "N" : 0
        },
        "bw_min" : 0,
        "bw_max" : 0,
        "bw_agg" : 0.000000,
        "bw_mean" : 0.000000,
        "bw_dev" : 0.000000,
        "bw_samples" : 0,
        "iops_min" : 0,
        "iops_max" : 0,
        "iops_mean" : 0.000000,
        "iops_stddev" : 0.000000,
        "iops_samples" : 0
      },
      "trim" : {
        "io_bytes" : 0,
        "io_kbytes" : 0,
        "bw_bytes" : 0,
        "bw" : 0,
        "iops" : 0.000000,
        "runtime" : 0,
        "total_ios" : 0,
        "short_ios" : 0,
        "drop_ios" : 0,
        "slat_ns" : {
          "min" : 0,
          "max" : 0,
          "mean" : 0.000000,
          "stddev" : 0.000000,
          "N" : 0
        },
        "clat_ns" : {
          "min" : 0,
          "max" : 0,
          "mean" : 0.000000,
          "stddev" : 0.000000,
          "N" : 0
        },
        "lat_ns" : {
          "min" : 0,
          "max" : 0,
          "mean" : 0.000000,
          "stddev" : 0.000000,
          "N" : 0
        },
        "bw_min" : 0,
        "bw_max" : 0,
        "bw_agg" : 0.000000,
        "bw_mean" : 0.000000,
        "bw_dev" : 0.000000,
        "bw_samples" : 0,
        "iops_min" : 0,
        "iops_max" : 0,
        "iops_mean" : 0.000000,
        "iops_stddev" : 0.000000,
        "iops_samples" : 0
      },
      "sync" : {
        "total_ios" : 0,
        "lat_ns" : {
          "min" : 0,
          "max" : 0,
          "mean" : 0.000000,
          "stddev" : 0.000000,
          "N" : 0
        }
      },
      "job_runtime" : 30000,
      "usr_cpu" : 1.226667,
      "sys_cpu" : 5.860000,
      "ctx" : 241638,
      "majf" : 0,
      "minf" : 12,
      "iodepth_level" : {
        "1" : 100.000000,
        "2" : 0.000000,
        "4" : 0.000000,
        "8" : 0.000000,
        "16" : 0.000000,
        "32" : 0.000000,
        ">=64" : 0.000000
      },
      "iodepth_submit" : {
        "0" : 0.000000,
        "4" : 100.000000,
        "8" : 0.000000,
        "16" : 0.000000,
        "32" : 0.000000,
        "64" : 0.000000,
        ">=64" : 0.000000
      },
      "iodepth_complete" : {
        "0" : 0.000000,
        "4" : 100.000000,
        "8" : 0.000000,
        "16" : 0.000000,
        "32" : 0.000000,
        "64" : 0.000000,
        ">=64" : 0.000000
      },
      "latency_ns" : {
        "2" : 0.000000,
        "4" : 0.000000,
        "10" : 0.000000,
        "20" : 0.000000,
        "50" : 0.000000,
        "100" : 0.000000,
        "250" : 0.000000,
        "500" : 0.000000,
        "750" : 0.000000,
        "1000" : 0.000000
      },
      "latency_us" : {
        "2" : 0.010000,
        "4" : 0.000000,
        "10" : 0.000000,
        "20" : 0.000000,
        "50" : 0.010000,
        "100" : 33.471832,
        "250" : 65.163322,
        "500" : 1.300287,
        "750" : 0.027727,
        "1000" : 0.010000
      },
      "latency_ms" : {
        "2" : 0.019037,
        "4" : 0.010000,
        "10" : 0.010000,
        "20" : 0.000000,
        "50" : 0.000000,
        "100" : 0.000000,
        "250" : 0.000000,
        "500" : 0.000000,
        "750" : 0.000000,
        "1000" : 0.000000,
        "2000" : 0.000000,
        ">=2000" : 0.000000
      },
      "latency_depth" : 1,
      "latency_target" : 0,
      "latency_percentile" : 100.000000,
      "latency_window" : 0
    }
  ],
  "disk_util" : [
    {
      "name" : "sdd",
      "read_ios" : 240694,
      "write_ios" : 94,
      "read_sectors" : 1926152,
      "write_sectors" : 9120,
      "read_merges" : 72,
      "write_merges" : 78,
      "read_ticks" : 28978,
      "write_ticks" : 61,
      "in_queue" : 29060,
      "util" : 89.837358
    }
  ]
}
