{
  "fio version" : "fio-3.36",
  "timestamp" : 1775119056,
  "timestamp_ms" : 1775119056635,
  "time" : "Thu Apr  2 16:37:36 2026",
  "jobs" : [
    {
      "jobname" : "engine_libaio_rand_read",
      "groupid" : 0,
      "job_start" : 1775119026574,
      "error" : 0,
      "eta" : 0,
      "elapsed" : 31,
      "job options" : {
        "name" : "engine_libaio_rand_read",
        "filename" : "fio_test_file",
        "rw" : "randread",
        "bs" : "4k",
        "ioengine" : "libaio",
        "numjobs" : "1",
        "iodepth" : "1",
        "size" : "1G",
        "time_based" : "1",
        "runtime" : "30",
        "direct" : "1",
        "group_reporting" : "1"
      },
      "read" : {
        "io_bytes" : 981467136,
        "io_kbytes" : 958464,
        "bw_bytes" : 32714480,
        "bw" : 31947,
        "iops" : 7986.933769,
        "runtime" : 30001,
        "total_ios" : 239616,
        "short_ios" : 0,
        "drop_ios" : 0,
        "slat_ns" : {
          "min" : 1649,
          "max" : 106330,
          "mean" : 4104.866753,
          "stddev" : 3189.699485,
          "N" : 239616
        },
        "clat_ns" : {
          "min" : 37291,
          "max" : 2159529,
          "mean" : 120428.640946,
          "stddev" : 43012.508686,
          "N" : 239616,
          "percentile" : {
            "1.000000" : 77312,
            "5.000000" : 80384,
            "10.000000" : 82432,
            "20.000000" : 87552,
            "30.000000" : 93696,
            "40.000000" : 116224,
            "50.000000" : 119296,
            "60.000000" : 122368,
            "70.000000" : 125440,
            "80.000000" : 136192,
            "90.000000" : 158720,
            "95.000000" : 177152,
            "99.000000" : 272384,
            "99.500000" : 325632,
            "99.900000" : 440320,
            "99.950000" : 528384,
            "99.990000" : 1335296
          }
        },
        "lat_ns" : {
          "min" : 73054,
          "max" : 2164892,
          "mean" : 124533.507700,
          "stddev" : 44130.221238,
          "N" : 239616
        },
        "bw_min" : 28856,
        "bw_max" : 40912,
        "bw_agg" : 100.000000,
        "bw_mean" : 31982.237288,
        "bw_dev" : 3579.242245,
        "bw_samples" : 59,
        "iops_min" : 7214,
        "iops_max" : 10228,
        "iops_mean" : 7995.559322,
        "iops_stddev" : 894.810561,
        "iops_samples" : 59
      },
      "write" : {
        "io_bytes" : 0,
        "io_kbytes" : 0,
        "bw_bytes" : 0,
        "bw" : 0,
        "iops" : 0.000000,
        "runtime" : 0,
        "total_ios" : 0,
        "short_ios" : 0,
        "drop_ios" : 0,
        "slat_ns" : {
          "min" : 0,
          "max" : 0,
          "mean" : 0.000000,
          "stddev" : 0.000000,
          "N" : 0
        },
        "clat_ns" : {
          "min" : 0,
          "max" : 0,
          "mean" : 0.000000,
          "stddev" : 0.000000,
          "N" : 0
        },
        "lat_ns" : {
          "min" : 0,
          "max" : 0,
          "mean" : 0.000000,
          "stddev" : 0.000000,
          "N" : 0
        },
        "bw_min" : 0,
        "bw_max" : 0,
        "bw_agg" : 0.000000,
        "bw_mean" : 0.000000,
        "bw_dev" : 0.000000,
        "bw_samples" : 0,
        "iops_min" : 0,
        "iops_max" : 0,
        "iops_mean" : 0.000000,
        "iops_stddev" : 0.000000,
        "iops_samples" : 0
      },
      "trim" : {
        "io_bytes" : 0,
        "io_kbytes" : 0,
        "bw_bytes" : 0,
        "bw" : 0,
        "iops" : 0.000000,
        "runtime" : 0,
        "total_ios" : 0,
        "short_ios" : 0,
        "drop_ios" : 0,
        "slat_ns" : {
          "min" : 0,
          "max" : 0,
          "mean" : 0.000000,
          "stddev" : 0.000000,
          "N" : 0
        },
        "clat_ns" : {
          "min" : 0,
          "max" : 0,
          "mean" : 0.000000,
          "stddev" : 0.000000,
          "N" : 0
        },
        "lat_ns" : {
          "min" : 0,
          "max" : 0,
          "mean" : 0.000000,
          "stddev" : 0.000000,
          "N" : 0
        },
        "bw_min" : 0,
        "bw_max" : 0,
        "bw_agg" : 0.000000,
        "bw_mean" : 0.000000,
        "bw_dev" : 0.000000,
        "bw_samples" : 0,
        "iops_min" : 0,
        "iops_max" : 0,
        "iops_mean" : 0.000000,
        "iops_stddev" : 0.000000,
        "iops_samples" : 0
      },
      "sync" : {
        "total_ios" : 0,
        "lat_ns" : {
          "min" : 0,
          "max" : 0,
          "mean" : 0.000000,
          "stddev" : 0.000000,
          "N" : 0
        }
      },
      "job_runtime" : 30000,
      "usr_cpu" : 1.553333,
      "sys_cpu" : 5.776667,
      "ctx" : 239617,
      "majf" : 0,
      "minf" : 12,
      "iodepth_level" : {
        "1" : 100.000000,
        "2" : 0.000000,
        "4" : 0.000000,
        "8" : 0.000000,
        "16" : 0.000000,
        "32" : 0.000000,
        ">=64" : 0.000000
      },
      "iodepth_submit" : {
        "0" : 0.000000,
        "4" : 100.000000,
        "8" : 0.000000,
        "16" : 0.000000,
        "32" : 0.000000,
        "64" : 0.000000,
        ">=64" : 0.000000
      },
      "iodepth_complete" : {
        "0" : 0.000000,
        "4" : 100.000000,
        "8" : 0.000000,
        "16" : 0.000000,
        "32" : 0.000000,
        "64" : 0.000000,
        ">=64" : 0.000000
      },
      "latency_ns" : {
        "2" : 0.000000,
        "4" : 0.000000,
        "10" : 0.000000,
        "20" : 0.000000,
        "50" : 0.000000,
        "100" : 0.000000,
        "250" : 0.000000,
        "500" : 0.000000,
        "750" : 0.000000,
        "1000" : 0.000000
      },
      "latency_us" : {
        "2" : 0.000000,
        "4" : 0.000000,
        "10" : 0.000000,
        "20" : 0.000000,
        "50" : 0.010000,
        "100" : 33.216062,
        "250" : 65.322850,
        "500" : 1.398905,
        "750" : 0.030465,
        "1000" : 0.010000
      },
      "latency_ms" : {
        "2" : 0.022119,
        "4" : 0.010000,
        "10" : 0.000000,
        "20" : 0.000000,
        "50" : 0.000000,
        "100" : 0.000000,
        "250" : 0.000000,
        "500" : 0.000000,
        "750" : 0.000000,
        "1000" : 0.000000,
        "2000" : 0.000000,
        ">=2000" : 0.000000
      },
      "latency_depth" : 1,
      "latency_target" : 0,
      "latency_percentile" : 100.000000,
      "latency_window" : 0
    }
  ],
  "disk_util" : [
    {
      "name" : "sdd",
      "read_ios" : 238961,
      "write_ios" : 92,
      "read_sectors" : 1920848,
      "write_sectors" : 9024,
      "read_merges" : 118,
      "write_merges" : 60,
      "read_ticks" : 27619,
      "write_ticks" : 61,
      "in_queue" : 27684,
      "util" : 84.978655
    }
  ]
}
