{
  "fio version" : "fio-3.36",
  "timestamp" : 1775119131,
  "timestamp_ms" : 1775119131581,
  "time" : "Thu Apr  2 16:38:51 2026",
  "jobs" : [
    {
      "jobname" : "engine_mmap_rand_read",
      "groupid" : 0,
      "job_start" : 1775119101545,
      "error" : 0,
      "eta" : 0,
      "elapsed" : 31,
      "job options" : {
        "name" : "engine_mmap_rand_read",
        "filename" : "fio_test_file",
        "rw" : "randread",
        "bs" : "4k",
        "ioengine" : "mmap",
        "numjobs" : "1",
        "iodepth" : "1",
        "size" : "1G",
        "time_based" : "1",
        "runtime" : "30",
        "direct" : "1",
        "group_reporting" : "1"
      },
      "read" : {
        "io_bytes" : 946831360,
        "io_kbytes" : 924640,
        "bw_bytes" : 31559993,
        "bw" : 30820,
        "iops" : 7705.076497,
        "runtime" : 30001,
        "total_ios" : 231160,
        "short_ios" : 0,
        "drop_ios" : 0,
        "slat_ns" : {
          "min" : 0,
          "max" : 0,
          "mean" : 0.000000,
          "stddev" : 0.000000,
          "N" : 0
        },
        "clat_ns" : {
          "min" : 75237,
          "max" : 5219894,
          "mean" : 129150.185958,
          "stddev" : 54250.774761,
          "N" : 231160,
          "percentile" : {
            "1.000000" : 81408,
            "5.000000" : 84480,
            "10.000000" : 87552,
            "20.000000" : 92672,
            "30.000000" : 103936,
            "40.000000" : 122368,
            "50.000000" : 125440,
            "60.000000" : 128512,
            "70.000000" : 136192,
            "80.000000" : 150528,
            "90.000000" : 171008,
            "95.000000" : 189440,
            "99.000000" : 292864,
            "99.500000" : 342016,
            "99.900000" : 473088,
            "99.950000" : 782336,
            "99.990000" : 1892352
          }
        },
        "lat_ns" : {
          "min" : 75264,
          "max" : 5219923,
          "mean" : 129193.989189,
          "stddev" : 54264.416749,
          "N" : 231160
        },
        "bw_min" : 23248,
        "bw_max" : 40584,
        "bw_agg" : 100.000000,
        "bw_mean" : 30849.491525,
        "bw_dev" : 3824.166632,
        "bw_samples" : 59,
        "iops_min" : 5812,
        "iops_max" : 10146,
        "iops_mean" : 7712.372881,
        "iops_stddev" : 956.041658,
        "iops_samples" : 59
      },
      "write" : {
        "io_bytes" : 0,
        "io_kbytes" : 0,
        "bw_bytes" : 0,
        "bw" : 0,
        "iops" : 0.000000,
        "runtime" : 0,
        "total_ios" : 0,
        "short_ios" : 0,
        "drop_ios" : 0,
        "slat_ns" : {
          "min" : 0,
          "max" : 0,
          "mean" : 0.000000,
          "stddev" : 0.000000,
          "N" : 0
        },
        "clat_ns" : {
          "min" : 0,
          "max" : 0,
          "mean" : 0.000000,
          "stddev" : 0.000000,
          "N" : 0
        },
        "lat_ns" : {
          "min" : 0,
          "max" : 0,
          "mean" : 0.000000,
          "stddev" : 0.000000,
          "N" : 0
        },
        "bw_min" : 0,
        "bw_max" : 0,
        "bw_agg" : 0.000000,
        "bw_mean" : 0.000000,
        "bw_dev" : 0.000000,
        "bw_samples" : 0,
        "iops_min" : 0,
        "iops_max" : 0,
        "iops_mean" : 0.000000,
        "iops_stddev" : 0.000000,
        "iops_samples" : 0
      },
      "trim" : {
        "io_bytes" : 0,
        "io_kbytes" : 0,
        "bw_bytes" : 0,
        "bw" : 0,
        "iops" : 0.000000,
        "runtime" : 0,
        "total_ios" : 0,
        "short_ios" : 0,
        "drop_ios" : 0,
        "slat_ns" : {
          "min" : 0,
          "max" : 0,
          "mean" : 0.000000,
          "stddev" : 0.000000,
          "N" : 0
        },
        "clat_ns" : {
          "min" : 0,
          "max" : 0,
          "mean" : 0.000000,
          "stddev" : 0.000000,
          "N" : 0
        },
        "lat_ns" : {
          "min" : 0,
          "max" : 0,
          "mean" : 0.000000,
          "stddev" : 0.000000,
          "N" : 0
        },
        "bw_min" : 0,
        "bw_max" : 0,
        "bw_agg" : 0.000000,
        "bw_mean" : 0.000000,
        "bw_dev" : 0.000000,
        "bw_samples" : 0,
        "iops_min" : 0,
        "iops_max" : 0,
        "iops_mean" : 0.000000,
        "iops_stddev" : 0.000000,
        "iops_samples" : 0
      },
      "sync" : {
        "total_ios" : 0,
        "lat_ns" : {
          "min" : 0,
          "max" : 0,
          "mean" : 0.000000,
          "stddev" : 0.000000,
          "N" : 0
        }
      },
      "job_runtime" : 30000,
      "usr_cpu" : 1.453333,
      "sys_cpu" : 9.273333,
      "ctx" : 231160,
      "majf" : 231160,
      "minf" : 15,
      "iodepth_level" : {
        "1" : 100.000000,
        "2" : 0.000000,
        "4" : 0.000000,
        "8" : 0.000000,
        "16" : 0.000000,
        "32" : 0.000000,
        ">=64" : 0.000000
      },
      "iodepth_submit" : {
        "0" : 0.000000,
        "4" : 100.000000,
        "8" : 0.000000,
        "16" : 0.000000,
        "32" : 0.000000,
        "64" : 0.000000,
        ">=64" : 0.000000
      },
      "iodepth_complete" : {
        "0" : 0.000000,
        "4" : 100.000000,
        "8" : 0.000000,
        "16" : 0.000000,
        "32" : 0.000000,
        "64" : 0.000000,
        ">=64" : 0.000000
      },
      "latency_ns" : {
        "2" : 0.000000,
        "4" : 0.000000,
        "10" : 0.000000,
        "20" : 0.000000,
        "50" : 0.000000,
        "100" : 0.000000,
        "250" : 0.000000,
        "500" : 0.000000,
        "750" : 0.000000,
        "1000" : 0.000000
      },
      "latency_us" : {
        "2" : 0.000000,
        "4" : 0.000000,
        "10" : 0.000000,
        "20" : 0.000000,
        "50" : 0.000000,
        "100" : 28.081848,
        "250" : 70.266049,
        "500" : 1.564717,
        "750" : 0.035473,
        "1000" : 0.013843
      },
      "latency_ms" : {
        "2" : 0.031147,
        "4" : 0.010000,
        "10" : 0.010000,
        "20" : 0.000000,
        "50" : 0.000000,
        "100" : 0.000000,
        "250" : 0.000000,
        "500" : 0.000000,
        "750" : 0.000000,
        "1000" : 0.000000,
        "2000" : 0.000000,
        ">=2000" : 0.000000
      },
      "latency_depth" : 1,
      "latency_target" : 0,
      "latency_percentile" : 100.000000,
      "latency_window" : 0
    }
  ],
  "disk_util" : [
    {
      "name" : "sdd",
      "read_ios" : 230404,
      "write_ios" : 34,
      "read_sectors" : 1843232,
      "write_sectors" : 8080,
      "read_merges" : 0,
      "write_merges" : 44,
      "read_ticks" : 26513,
      "write_ticks" : 12,
      "in_queue" : 26529,
      "util" : 81.123266
    }
  ]
}
