{
  "fio version" : "fio-3.36",
  "timestamp" : 1775119200,
  "timestamp_ms" : 1775119200539,
  "time" : "Thu Apr  2 16:40:00 2026",
  "jobs" : [
    {
      "jobname" : "engine_libaio_rand_write",
      "groupid" : 0,
      "job_start" : 1775119167529,
      "error" : 0,
      "eta" : 0,
      "elapsed" : 31,
      "job options" : {
        "name" : "engine_libaio_rand_write",
        "filename" : "fio_test_file",
        "rw" : "randwrite",
        "bs" : "4k",
        "ioengine" : "libaio",
        "numjobs" : "1",
        "iodepth" : "1",
        "size" : "1G",
        "time_based" : "1",
        "runtime" : "30",
        "direct" : "1",
        "group_reporting" : "1"
      },
      "read" : {
        "io_bytes" : 0,
        "io_kbytes" : 0,
        "bw_bytes" : 0,
        "bw" : 0,
        "iops" : 0.000000,
        "runtime" : 0,
        "total_ios" : 0,
        "short_ios" : 0,
        "drop_ios" : 0,
        "slat_ns" : {
          "min" : 0,
          "max" : 0,
          "mean" : 0.000000,
          "stddev" : 0.000000,
          "N" : 0
        },
        "clat_ns" : {
          "min" : 0,
          "max" : 0,
          "mean" : 0.000000,
          "stddev" : 0.000000,
          "N" : 0
        },
        "lat_ns" : {
          "min" : 0,
          "max" : 0,
          "mean" : 0.000000,
          "stddev" : 0.000000,
          "N" : 0
        },
        "bw_min" : 0,
        "bw_max" : 0,
        "bw_agg" : 0.000000,
        "bw_mean" : 0.000000,
        "bw_dev" : 0.000000,
        "bw_samples" : 0,
        "iops_min" : 0,
        "iops_max" : 0,
        "iops_mean" : 0.000000,
        "iops_stddev" : 0.000000,
        "iops_samples" : 0
      },
      "write" : {
        "io_bytes" : 1924317184,
        "io_kbytes" : 1879216,
        "bw_bytes" : 64141768,
        "bw" : 62638,
        "iops" : 15659.611346,
        "runtime" : 30001,
        "total_ios" : 469804,
        "short_ios" : 0,
        "drop_ios" : 0,
        "slat_ns" : {
          "min" : 2216,
          "max" : 252076,
          "mean" : 3618.727678,
          "stddev" : 2898.768563,
          "N" : 469804
        },
        "clat_ns" : {
          "min" : 409,
          "max" : 377069797,
          "mean" : 59686.474802,
          "stddev" : 1223437.379184,
          "N" : 469804,
          "percentile" : {
            "1.000000" : 38656,
            "5.000000" : 40704,
            "10.000000" : 41728,
            "20.000000" : 42240,
            "30.000000" : 42752,
            "40.000000" : 43264,
            "50.000000" : 43776,
            "60.000000" : 44800,
            "70.000000" : 47360,
            "80.000000" : 56064,
            "90.000000" : 73216,
            "95.000000" : 90624,
            "99.000000" : 160768,
            "99.500000" : 207872,
            "99.900000" : 296960,
            "99.950000" : 354304,
            "99.990000" : 6127616
          }
        },
        "lat_ns" : {
          "min" : 34566,
          "max" : 377072401,
          "mean" : 63305.202480,
          "stddev" : 1223464.725795,
          "N" : 469804
        },
        "bw_min" : 10712,
        "bw_max" : 74872,
        "bw_agg" : 99.807713,
        "bw_mean" : 62518.508475,
        "bw_dev" : 16120.055479,
        "bw_samples" : 59,
        "iops_min" : 2678,
        "iops_max" : 18718,
        "iops_mean" : 15629.627119,
        "iops_stddev" : 4030.013870,
        "iops_samples" : 59
      },
      "trim" : {
        "io_bytes" : 0,
        "io_kbytes" : 0,
        "bw_bytes" : 0,
        "bw" : 0,
        "iops" : 0.000000,
        "runtime" : 0,
        "total_ios" : 0,
        "short_ios" : 0,
        "drop_ios" : 0,
        "slat_ns" : {
          "min" : 0,
          "max" : 0,
          "mean" : 0.000000,
          "stddev" : 0.000000,
          "N" : 0
        },
        "clat_ns" : {
          "min" : 0,
          "max" : 0,
          "mean" : 0.000000,
          "stddev" : 0.000000,
          "N" : 0
        },
        "lat_ns" : {
          "min" : 0,
          "max" : 0,
          "mean" : 0.000000,
          "stddev" : 0.000000,
          "N" : 0
        },
        "bw_min" : 0,
        "bw_max" : 0,
        "bw_agg" : 0.000000,
        "bw_mean" : 0.000000,
        "bw_dev" : 0.000000,
        "bw_samples" : 0,
        "iops_min" : 0,
        "iops_max" : 0,
        "iops_mean" : 0.000000,
        "iops_stddev" : 0.000000,
        "iops_samples" : 0
      },
      "sync" : {
        "total_ios" : 0,
        "lat_ns" : {
          "min" : 0,
          "max" : 0,
          "mean" : 0.000000,
          "stddev" : 0.000000,
          "N" : 0
        }
      },
      "job_runtime" : 30000,
      "usr_cpu" : 2.806667,
      "sys_cpu" : 9.780000,
      "ctx" : 469788,
      "majf" : 0,
      "minf" : 14,
      "iodepth_level" : {
        "1" : 100.000000,
        "2" : 0.000000,
        "4" : 0.000000,
        "8" : 0.000000,
        "16" : 0.000000,
        "32" : 0.000000,
        ">=64" : 0.000000
      },
      "iodepth_submit" : {
        "0" : 0.000000,
        "4" : 100.000000,
        "8" : 0.000000,
        "16" : 0.000000,
        "32" : 0.000000,
        "64" : 0.000000,
        ">=64" : 0.000000
      },
      "iodepth_complete" : {
        "0" : 0.000000,
        "4" : 100.000000,
        "8" : 0.000000,
        "16" : 0.000000,
        "32" : 0.000000,
        "64" : 0.000000,
        ">=64" : 0.000000
      },
      "latency_ns" : {
        "2" : 0.000000,
        "4" : 0.000000,
        "10" : 0.000000,
        "20" : 0.000000,
        "50" : 0.000000,
        "100" : 0.000000,
        "250" : 0.000000,
        "500" : 0.010000,
        "750" : 0.010000,
        "1000" : 0.000000
      },
      "latency_us" : {
        "2" : 0.010000,
        "4" : 0.010000,
        "10" : 0.010000,
        "20" : 0.010000,
        "50" : 73.983832,
        "100" : 22.645401,
        "250" : 3.127474,
        "500" : 0.207959,
        "750" : 0.012346,
        "1000" : 0.010000
      },
      "latency_ms" : {
        "2" : 0.010000,
        "4" : 0.010000,
        "10" : 0.010000,
        "20" : 0.010000,
        "50" : 0.010000,
        "100" : 0.010000,
        "250" : 0.010000,
        "500" : 0.010000,
        "750" : 0.000000,
        "1000" : 0.000000,
        "2000" : 0.000000,
        ">=2000" : 0.000000
      },
      "latency_depth" : 1,
      "latency_target" : 0,
      "latency_percentile" : 100.000000,
      "latency_window" : 0
    }
  ],
  "disk_util" : [
    {
      "name" : "sdd",
      "read_ios" : 1,
      "write_ios" : 468073,
      "read_sectors" : 8,
      "write_sectors" : 3752496,
      "read_merges" : 0,
      "write_merges" : 63,
      "read_ticks" : 1,
      "write_ticks" : 21289,
      "in_queue" : 21302,
      "util" : 68.154077
    }
  ]
}
