{
  "fio version" : "fio-3.36",
  "timestamp" : 1775119233,
  "timestamp_ms" : 1775119233785,
  "time" : "Thu Apr  2 16:40:33 2026",
  "jobs" : [
    {
      "jobname" : "engine_io_uring_rand_write",
      "groupid" : 0,
      "job_start" : 1775119200790,
      "error" : 0,
      "eta" : 0,
      "elapsed" : 31,
      "job options" : {
        "name" : "engine_io_uring_rand_write",
        "filename" : "fio_test_file",
        "rw" : "randwrite",
        "bs" : "4k",
        "ioengine" : "io_uring",
        "numjobs" : "1",
        "iodepth" : "1",
        "size" : "1G",
        "time_based" : "1",
        "runtime" : "30",
        "direct" : "1",
        "group_reporting" : "1"
      },
      "read" : {
        "io_bytes" : 0,
        "io_kbytes" : 0,
        "bw_bytes" : 0,
        "bw" : 0,
        "iops" : 0.000000,
        "runtime" : 0,
        "total_ios" : 0,
        "short_ios" : 0,
        "drop_ios" : 0,
        "slat_ns" : {
          "min" : 0,
          "max" : 0,
          "mean" : 0.000000,
          "stddev" : 0.000000,
          "N" : 0
        },
        "clat_ns" : {
          "min" : 0,
          "max" : 0,
          "mean" : 0.000000,
          "stddev" : 0.000000,
          "N" : 0
        },
        "lat_ns" : {
          "min" : 0,
          "max" : 0,
          "mean" : 0.000000,
          "stddev" : 0.000000,
          "N" : 0
        },
        "bw_min" : 0,
        "bw_max" : 0,
        "bw_agg" : 0.000000,
        "bw_mean" : 0.000000,
        "bw_dev" : 0.000000,
        "bw_samples" : 0,
        "iops_min" : 0,
        "iops_max" : 0,
        "iops_mean" : 0.000000,
        "iops_stddev" : 0.000000,
        "iops_samples" : 0
      },
      "write" : {
        "io_bytes" : 1819680768,
        "io_kbytes" : 1777032,
        "bw_bytes" : 60654003,
        "bw" : 59232,
        "iops" : 14808.106396,
        "runtime" : 30001,
        "total_ios" : 444258,
        "short_ios" : 0,
        "drop_ios" : 0,
        "slat_ns" : {
          "min" : 1837,
          "max" : 251237,
          "mean" : 3944.831605,
          "stddev" : 2737.340286,
          "N" : 444258
        },
        "clat_ns" : {
          "min" : 213,
          "max" : 3777583,
          "mean" : 62930.185914,
          "stddev" : 28268.362935,
          "N" : 444258,
          "percentile" : {
            "1.000000" : 47872,
            "5.000000" : 49920,
            "10.000000" : 50432,
            "20.000000" : 50944,
            "30.000000" : 51968,
            "40.000000" : 52480,
            "50.000000" : 53504,
            "60.000000" : 55552,
            "70.000000" : 60160,
            "80.000000" : 70144,
            "90.000000" : 86528,
            "95.000000" : 101888,
            "99.000000" : 168960,
            "99.500000" : 216064,
            "99.900000" : 284672,
            "99.950000" : 317440,
            "99.990000" : 561152
          }
        },
        "lat_ns" : {
          "min" : 37538,
          "max" : 3780535,
          "mean" : 66875.017519,
          "stddev" : 29366.821971,
          "N" : 444258
        },
        "bw_min" : 53016,
        "bw_max" : 61992,
        "bw_agg" : 100.000000,
        "bw_mean" : 59245.559322,
        "bw_dev" : 1583.773062,
        "bw_samples" : 59,
        "iops_min" : 13254,
        "iops_max" : 15498,
        "iops_mean" : 14811.389831,
        "iops_stddev" : 395.943266,
        "iops_samples" : 59
      },
      "trim" : {
        "io_bytes" : 0,
        "io_kbytes" : 0,
        "bw_bytes" : 0,
        "bw" : 0,
        "iops" : 0.000000,
        "runtime" : 0,
        "total_ios" : 0,
        "short_ios" : 0,
        "drop_ios" : 0,
        "slat_ns" : {
          "min" : 0,
          "max" : 0,
          "mean" : 0.000000,
          "stddev" : 0.000000,
          "N" : 0
        },
        "clat_ns" : {
          "min" : 0,
          "max" : 0,
          "mean" : 0.000000,
          "stddev" : 0.000000,
          "N" : 0
        },
        "lat_ns" : {
          "min" : 0,
          "max" : 0,
          "mean" : 0.000000,
          "stddev" : 0.000000,
          "N" : 0
        },
        "bw_min" : 0,
        "bw_max" : 0,
        "bw_agg" : 0.000000,
        "bw_mean" : 0.000000,
        "bw_dev" : 0.000000,
        "bw_samples" : 0,
        "iops_min" : 0,
        "iops_max" : 0,
        "iops_mean" : 0.000000,
        "iops_stddev" : 0.000000,
        "iops_samples" : 0
      },
      "sync" : {
        "total_ios" : 0,
        "lat_ns" : {
          "min" : 0,
          "max" : 0,
          "mean" : 0.000000,
          "stddev" : 0.000000,
          "N" : 0
        }
      },
      "job_runtime" : 30000,
      "usr_cpu" : 2.556667,
      "sys_cpu" : 22.833333,
      "ctx" : 444251,
      "majf" : 0,
      "minf" : 8,
      "iodepth_level" : {
        "1" : 100.000000,
        "2" : 0.000000,
        "4" : 0.000000,
        "8" : 0.000000,
        "16" : 0.000000,
        "32" : 0.000000,
        ">=64" : 0.000000
      },
      "iodepth_submit" : {
        "0" : 0.000000,
        "4" : 100.000000,
        "8" : 0.000000,
        "16" : 0.000000,
        "32" : 0.000000,
        "64" : 0.000000,
        ">=64" : 0.000000
      },
      "iodepth_complete" : {
        "0" : 0.000000,
        "4" : 100.000000,
        "8" : 0.000000,
        "16" : 0.000000,
        "32" : 0.000000,
        "64" : 0.000000,
        ">=64" : 0.000000
      },
      "latency_ns" : {
        "2" : 0.000000,
        "4" : 0.000000,
        "10" : 0.000000,
        "20" : 0.000000,
        "50" : 0.000000,
        "100" : 0.000000,
        "250" : 0.010000,
        "500" : 0.010000,
        "750" : 0.010000,
        "1000" : 0.010000
      },
      "latency_us" : {
        "2" : 0.000000,
        "4" : 0.000000,
        "10" : 0.000000,
        "20" : 0.010000,
        "50" : 6.205403,
        "100" : 88.420242,
        "250" : 5.115946,
        "500" : 0.244227,
        "750" : 0.010000,
        "1000" : 0.010000
      },
      "latency_ms" : {
        "2" : 0.010000,
        "4" : 0.010000,
        "10" : 0.000000,
        "20" : 0.000000,
        "50" : 0.000000,
        "100" : 0.000000,
        "250" : 0.000000,
        "500" : 0.000000,
        "750" : 0.000000,
        "1000" : 0.000000,
        "2000" : 0.000000,
        ">=2000" : 0.000000
      },
      "latency_depth" : 1,
      "latency_target" : 0,
      "latency_percentile" : 100.000000,
      "latency_window" : 0
    }
  ],
  "disk_util" : [
    {
      "name" : "sdd",
      "read_ios" : 2,
      "write_ios" : 442754,
      "read_sectors" : 16,
      "write_sectors" : 3550232,
      "read_merges" : 0,
      "write_merges" : 72,
      "read_ticks" : 1,
      "write_ticks" : 18285,
      "in_queue" : 18297,
      "util" : 57.628814
    }
  ]
}
