{
  "fio version" : "fio-3.36",
  "timestamp" : 1775099557,
  "timestamp_ms" : 1775099557499,
  "time" : "Thu Apr  2 11:12:37 2026",
  "jobs" : [
    {
      "jobname" : "queue_1x1_rand_write",
      "groupid" : 0,
      "job_start" : 1775099515367,
      "error" : 0,
      "eta" : 0,
      "elapsed" : 31,
      "job options" : {
        "name" : "queue_1x1_rand_write",
        "filename" : "fio_test_file",
        "rw" : "randwrite",
        "bs" : "4k",
        "ioengine" : "libaio",
        "numjobs" : "1",
        "iodepth" : "1",
        "size" : "1G",
        "time_based" : "1",
        "runtime" : "30",
        "direct" : "1",
        "group_reporting" : "1"
      },
      "read" : {
        "io_bytes" : 0,
        "io_kbytes" : 0,
        "bw_bytes" : 0,
        "bw" : 0,
        "iops" : 0.000000,
        "runtime" : 0,
        "total_ios" : 0,
        "short_ios" : 0,
        "drop_ios" : 0,
        "slat_ns" : {
          "min" : 0,
          "max" : 0,
          "mean" : 0.000000,
          "stddev" : 0.000000,
          "N" : 0
        },
        "clat_ns" : {
          "min" : 0,
          "max" : 0,
          "mean" : 0.000000,
          "stddev" : 0.000000,
          "N" : 0
        },
        "lat_ns" : {
          "min" : 0,
          "max" : 0,
          "mean" : 0.000000,
          "stddev" : 0.000000,
          "N" : 0
        },
        "bw_min" : 0,
        "bw_max" : 0,
        "bw_agg" : 0.000000,
        "bw_mean" : 0.000000,
        "bw_dev" : 0.000000,
        "bw_samples" : 0,
        "iops_min" : 0,
        "iops_max" : 0,
        "iops_mean" : 0.000000,
        "iops_stddev" : 0.000000,
        "iops_samples" : 0
      },
      "write" : {
        "io_bytes" : 2050359296,
        "io_kbytes" : 2002304,
        "bw_bytes" : 68343031,
        "bw" : 66741,
        "iops" : 16685.310490,
        "runtime" : 30001,
        "total_ios" : 500576,
        "short_ios" : 0,
        "drop_ios" : 0,
        "slat_ns" : {
          "min" : 2189,
          "max" : 667731,
          "mean" : 3457.722665,
          "stddev" : 2762.657211,
          "N" : 500576
        },
        "clat_ns" : {
          "min" : 379,
          "max" : 4917707,
          "mean" : 55963.492169,
          "stddev" : 26570.527395,
          "N" : 500576,
          "percentile" : {
            "1.000000" : 41728,
            "5.000000" : 44800,
            "10.000000" : 46336,
            "20.000000" : 47360,
            "30.000000" : 47872,
            "40.000000" : 48384,
            "50.000000" : 49408,
            "60.000000" : 50432,
            "70.000000" : 52992,
            "80.000000" : 57088,
            "90.000000" : 71168,
            "95.000000" : 90624,
            "99.000000" : 152576,
            "99.500000" : 195584,
            "99.900000" : 288768,
            "99.950000" : 321536,
            "99.990000" : 407552
          }
        },
        "lat_ns" : {
          "min" : 35382,
          "max" : 4920333,
          "mean" : 59421.214835,
          "stddev" : 27511.123617,
          "N" : 500576
        },
        "bw_min" : 58912,
        "bw_max" : 70432,
        "bw_agg" : 100.000000,
        "bw_mean" : 66827.389831,
        "bw_dev" : 2346.729985,
        "bw_samples" : 59,
        "iops_min" : 14728,
        "iops_max" : 17608,
        "iops_mean" : 16706.728814,
        "iops_stddev" : 586.583175,
        "iops_samples" : 59
      },
      "trim" : {
        "io_bytes" : 0,
        "io_kbytes" : 0,
        "bw_bytes" : 0,
        "bw" : 0,
        "iops" : 0.000000,
        "runtime" : 0,
        "total_ios" : 0,
        "short_ios" : 0,
        "drop_ios" : 0,
        "slat_ns" : {
          "min" : 0,
          "max" : 0,
          "mean" : 0.000000,
          "stddev" : 0.000000,
          "N" : 0
        },
        "clat_ns" : {
          "min" : 0,
          "max" : 0,
          "mean" : 0.000000,
          "stddev" : 0.000000,
          "N" : 0
        },
        "lat_ns" : {
          "min" : 0,
          "max" : 0,
          "mean" : 0.000000,
          "stddev" : 0.000000,
          "N" : 0
        },
        "bw_min" : 0,
        "bw_max" : 0,
        "bw_agg" : 0.000000,
        "bw_mean" : 0.000000,
        "bw_dev" : 0.000000,
        "bw_samples" : 0,
        "iops_min" : 0,
        "iops_max" : 0,
        "iops_mean" : 0.000000,
        "iops_stddev" : 0.000000,
        "iops_samples" : 0
      },
      "sync" : {
        "total_ios" : 0,
        "lat_ns" : {
          "min" : 0,
          "max" : 0,
          "mean" : 0.000000,
          "stddev" : 0.000000,
          "N" : 0
        }
      },
      "job_runtime" : 30000,
      "usr_cpu" : 2.480000,
      "sys_cpu" : 10.356667,
      "ctx" : 500573,
      "majf" : 0,
      "minf" : 12,
      "iodepth_level" : {
        "1" : 100.000000,
        "2" : 0.000000,
        "4" : 0.000000,
        "8" : 0.000000,
        "16" : 0.000000,
        "32" : 0.000000,
        ">=64" : 0.000000
      },
      "iodepth_submit" : {
        "0" : 0.000000,
        "4" : 100.000000,
        "8" : 0.000000,
        "16" : 0.000000,
        "32" : 0.000000,
        "64" : 0.000000,
        ">=64" : 0.000000
      },
      "iodepth_complete" : {
        "0" : 0.000000,
        "4" : 100.000000,
        "8" : 0.000000,
        "16" : 0.000000,
        "32" : 0.000000,
        "64" : 0.000000,
        ">=64" : 0.000000
      },
      "latency_ns" : {
        "2" : 0.000000,
        "4" : 0.000000,
        "10" : 0.000000,
        "20" : 0.000000,
        "50" : 0.000000,
        "100" : 0.000000,
        "250" : 0.000000,
        "500" : 0.010000,
        "750" : 0.010000,
        "1000" : 0.010000
      },
      "latency_us" : {
        "2" : 0.000000,
        "4" : 0.010000,
        "10" : 0.000000,
        "20" : 0.010000,
        "50" : 55.388792,
        "100" : 41.205931,
        "250" : 3.186529,
        "500" : 0.211556,
        "750" : 0.010000,
        "1000" : 0.010000
      },
      "latency_ms" : {
        "2" : 0.010000,
        "4" : 0.010000,
        "10" : 0.010000,
        "20" : 0.000000,
        "50" : 0.000000,
        "100" : 0.000000,
        "250" : 0.000000,
        "500" : 0.000000,
        "750" : 0.000000,
        "1000" : 0.000000,
        "2000" : 0.000000,
        ">=2000" : 0.000000
      },
      "latency_depth" : 1,
      "latency_target" : 0,
      "latency_percentile" : 100.000000,
      "latency_window" : 0
    }
  ],
  "disk_util" : [
    {
      "name" : "sdd",
      "read_ios" : 0,
      "write_ios" : 499233,
      "read_sectors" : 0,
      "write_sectors" : 4003904,
      "read_merges" : 0,
      "write_merges" : 89,
      "read_ticks" : 0,
      "write_ticks" : 21640,
      "in_queue" : 21650,
      "util" : 68.872582
    }
  ]
}
