{
  "fio version" : "fio-3.36",
  "timestamp" : 1775099785,
  "timestamp_ms" : 1775099785372,
  "time" : "Thu Apr  2 11:16:25 2026",
  "jobs" : [
    {
      "jobname" : "queue_8x16_rand_write",
      "groupid" : 0,
      "job_start" : 1775099749613,
      "error" : 0,
      "eta" : 0,
      "elapsed" : 31,
      "job options" : {
        "name" : "queue_8x16_rand_write",
        "filename" : "fio_test_file",
        "rw" : "randwrite",
        "bs" : "4k",
        "ioengine" : "libaio",
        "numjobs" : "8",
        "iodepth" : "16",
        "size" : "1G",
        "time_based" : "1",
        "runtime" : "30",
        "direct" : "1",
        "group_reporting" : "1"
      },
      "read" : {
        "io_bytes" : 0,
        "io_kbytes" : 0,
        "bw_bytes" : 0,
        "bw" : 0,
        "iops" : 0.000000,
        "runtime" : 0,
        "total_ios" : 0,
        "short_ios" : 0,
        "drop_ios" : 0,
        "slat_ns" : {
          "min" : 0,
          "max" : 0,
          "mean" : 0.000000,
          "stddev" : 0.000000,
          "N" : 0
        },
        "clat_ns" : {
          "min" : 0,
          "max" : 0,
          "mean" : 0.000000,
          "stddev" : 0.000000,
          "N" : 0
        },
        "lat_ns" : {
          "min" : 0,
          "max" : 0,
          "mean" : 0.000000,
          "stddev" : 0.000000,
          "N" : 0
        },
        "bw_min" : 0,
        "bw_max" : 0,
        "bw_agg" : 0.000000,
        "bw_mean" : 0.000000,
        "bw_dev" : 0.000000,
        "bw_samples" : 0,
        "iops_min" : 0,
        "iops_max" : 0,
        "iops_mean" : 0.000000,
        "iops_stddev" : 0.000000,
        "iops_samples" : 0
      },
      "write" : {
        "io_bytes" : 2965069824,
        "io_kbytes" : 2895576,
        "bw_bytes" : 98599023,
        "bw" : 96288,
        "iops" : 24072.027135,
        "runtime" : 30072,
        "total_ios" : 723894,
        "short_ios" : 0,
        "drop_ios" : 0,
        "slat_ns" : {
          "min" : 895,
          "max" : 6831226,
          "mean" : 3525.082602,
          "stddev" : 18645.224372,
          "N" : 723894
        },
        "clat_ns" : {
          "min" : 52345,
          "max" : 437282101,
          "mean" : 5312888.645335,
          "stddev" : 17450530.386055,
          "N" : 723894,
          "percentile" : {
            "1.000000" : 230400,
            "5.000000" : 485376,
            "10.000000" : 675840,
            "20.000000" : 929792,
            "30.000000" : 1138688,
            "40.000000" : 1318912,
            "50.000000" : 1515520,
            "60.000000" : 1810432,
            "70.000000" : 2244608,
            "80.000000" : 3031040,
            "90.000000" : 4046848,
            "95.000000" : 23724032,
            "99.000000" : 74973184,
            "99.500000" : 81264640,
            "99.900000" : 141557760,
            "99.950000" : 375390208,
            "99.990000" : 434110464
          }
        },
        "lat_ns" : {
          "min" : 58081,
          "max" : 437283682,
          "mean" : 5316413.727937,
          "stddev" : 17450407.573033,
          "N" : 723894
        },
        "bw_min" : 10024,
        "bw_max" : 304744,
        "bw_agg" : 100.000000,
        "bw_mean" : 96492.666667,
        "bw_dev" : 8113.860759,
        "bw_samples" : 480,
        "iops_min" : 2506,
        "iops_max" : 76185,
        "iops_mean" : 24123.116667,
        "iops_stddev" : 2028.447355,
        "iops_samples" : 480
      },
      "trim" : {
        "io_bytes" : 0,
        "io_kbytes" : 0,
        "bw_bytes" : 0,
        "bw" : 0,
        "iops" : 0.000000,
        "runtime" : 0,
        "total_ios" : 0,
        "short_ios" : 0,
        "drop_ios" : 0,
        "slat_ns" : {
          "min" : 0,
          "max" : 0,
          "mean" : 0.000000,
          "stddev" : 0.000000,
          "N" : 0
        },
        "clat_ns" : {
          "min" : 0,
          "max" : 0,
          "mean" : 0.000000,
          "stddev" : 0.000000,
          "N" : 0
        },
        "lat_ns" : {
          "min" : 0,
          "max" : 0,
          "mean" : 0.000000,
          "stddev" : 0.000000,
          "N" : 0
        },
        "bw_min" : 0,
        "bw_max" : 0,
        "bw_agg" : 0.000000,
        "bw_mean" : 0.000000,
        "bw_dev" : 0.000000,
        "bw_samples" : 0,
        "iops_min" : 0,
        "iops_max" : 0,
        "iops_mean" : 0.000000,
        "iops_stddev" : 0.000000,
        "iops_samples" : 0
      },
      "sync" : {
        "total_ios" : 0,
        "lat_ns" : {
          "min" : 0,
          "max" : 0,
          "mean" : 0.000000,
          "stddev" : 0.000000,
          "N" : 0
        }
      },
      "job_runtime" : 240563,
      "usr_cpu" : 0.581968,
      "sys_cpu" : 1.430810,
      "ctx" : 114365,
      "majf" : 0,
      "minf" : 91,
      "iodepth_level" : {
        "1" : 0.100000,
        "2" : 0.100000,
        "4" : 0.100000,
        "8" : 0.100000,
        "16" : 99.983423,
        "32" : 0.000000,
        ">=64" : 0.000000
      },
      "iodepth_submit" : {
        "0" : 0.000000,
        "4" : 100.000000,
        "8" : 0.000000,
        "16" : 0.000000,
        "32" : 0.000000,
        "64" : 0.000000,
        ">=64" : 0.000000
      },
      "iodepth_complete" : {
        "0" : 0.000000,
        "4" : 99.998895,
        "8" : 0.000000,
        "16" : 0.100000,
        "32" : 0.000000,
        "64" : 0.000000,
        ">=64" : 0.000000
      },
      "latency_ns" : {
        "2" : 0.000000,
        "4" : 0.000000,
        "10" : 0.000000,
        "20" : 0.000000,
        "50" : 0.000000,
        "100" : 0.000000,
        "250" : 0.000000,
        "500" : 0.000000,
        "750" : 0.000000,
        "1000" : 0.000000
      },
      "latency_us" : {
        "2" : 0.000000,
        "4" : 0.000000,
        "10" : 0.000000,
        "20" : 0.000000,
        "50" : 0.000000,
        "100" : 0.035364,
        "250" : 1.192440,
        "500" : 4.072972,
        "750" : 7.213763,
        "1000" : 10.835150
      },
      "latency_ms" : {
        "2" : 41.206033,
        "4" : 25.217642,
        "10" : 4.576084,
        "20" : 0.611139,
        "50" : 0.494962,
        "100" : 4.385311,
        "250" : 0.106093,
        "500" : 0.053046,
        "750" : 0.000000,
        "1000" : 0.000000,
        "2000" : 0.000000,
        ">=2000" : 0.000000
      },
      "latency_depth" : 16,
      "latency_target" : 0,
      "latency_percentile" : 100.000000,
      "latency_window" : 0
    }
  ],
  "disk_util" : [
    {
      "name" : "sdd",
      "read_ios" : 0,
      "write_ios" : 721546,
      "read_sectors" : 0,
      "write_sectors" : 5780584,
      "read_merges" : 0,
      "write_merges" : 73,
      "read_ticks" : 0,
      "write_ticks" : 3767159,
      "in_queue" : 3767657,
      "util" : 100.000000
    }
  ]
}
