{
  "fio version" : "fio-3.36",
  "timestamp" : 1775099749,
  "timestamp_ms" : 1775099749352,
  "time" : "Thu Apr  2 11:15:49 2026",
  "jobs" : [
    {
      "jobname" : "queue_8x1_rand_write",
      "groupid" : 0,
      "job_start" : 1775099719256,
      "error" : 0,
      "eta" : 0,
      "elapsed" : 31,
      "job options" : {
        "name" : "queue_8x1_rand_write",
        "filename" : "fio_test_file",
        "rw" : "randwrite",
        "bs" : "4k",
        "ioengine" : "libaio",
        "numjobs" : "8",
        "iodepth" : "1",
        "size" : "1G",
        "time_based" : "1",
        "runtime" : "30",
        "direct" : "1",
        "group_reporting" : "1"
      },
      "read" : {
        "io_bytes" : 0,
        "io_kbytes" : 0,
        "bw_bytes" : 0,
        "bw" : 0,
        "iops" : 0.000000,
        "runtime" : 0,
        "total_ios" : 0,
        "short_ios" : 0,
        "drop_ios" : 0,
        "slat_ns" : {
          "min" : 0,
          "max" : 0,
          "mean" : 0.000000,
          "stddev" : 0.000000,
          "N" : 0
        },
        "clat_ns" : {
          "min" : 0,
          "max" : 0,
          "mean" : 0.000000,
          "stddev" : 0.000000,
          "N" : 0
        },
        "lat_ns" : {
          "min" : 0,
          "max" : 0,
          "mean" : 0.000000,
          "stddev" : 0.000000,
          "N" : 0
        },
        "bw_min" : 0,
        "bw_max" : 0,
        "bw_agg" : 0.000000,
        "bw_mean" : 0.000000,
        "bw_dev" : 0.000000,
        "bw_samples" : 0,
        "iops_min" : 0,
        "iops_max" : 0,
        "iops_mean" : 0.000000,
        "iops_stddev" : 0.000000,
        "iops_samples" : 0
      },
      "write" : {
        "io_bytes" : 2804260864,
        "io_kbytes" : 2738536,
        "bw_bytes" : 93462900,
        "bw" : 91272,
        "iops" : 22818.090921,
        "runtime" : 30004,
        "total_ios" : 684634,
        "short_ios" : 0,
        "drop_ios" : 0,
        "slat_ns" : {
          "min" : 1582,
          "max" : 2201177,
          "mean" : 7969.472216,
          "stddev" : 6168.844805,
          "N" : 684634
        },
        "clat_ns" : {
          "min" : 582,
          "max" : 353950812,
          "mean" : 341134.592096,
          "stddev" : 3818911.803125,
          "N" : 684634,
          "percentile" : {
            "1.000000" : 55552,
            "5.000000" : 63744,
            "10.000000" : 68096,
            "20.000000" : 75264,
            "30.000000" : 82432,
            "40.000000" : 90624,
            "50.000000" : 99840,
            "60.000000" : 110080,
            "70.000000" : 123392,
            "80.000000" : 140288,
            "90.000000" : 171008,
            "95.000000" : 226304,
            "99.000000" : 1236992,
            "99.500000" : 3457024,
            "99.900000" : 62128128,
            "99.950000" : 68681728,
            "99.990000" : 126353408
          }
        },
        "lat_ns" : {
          "min" : 37991,
          "max" : 353954241,
          "mean" : 349104.064312,
          "stddev" : 3818884.030192,
          "N" : 684634
        },
        "bw_min" : 31536,
        "bw_max" : 253176,
        "bw_agg" : 98.387942,
        "bw_mean" : 89801.220339,
        "bw_dev" : 6136.051140,
        "bw_samples" : 472,
        "iops_min" : 7884,
        "iops_max" : 63294,
        "iops_mean" : 22450.305085,
        "iops_stddev" : 1534.012785,
        "iops_samples" : 472
      },
      "trim" : {
        "io_bytes" : 0,
        "io_kbytes" : 0,
        "bw_bytes" : 0,
        "bw" : 0,
        "iops" : 0.000000,
        "runtime" : 0,
        "total_ios" : 0,
        "short_ios" : 0,
        "drop_ios" : 0,
        "slat_ns" : {
          "min" : 0,
          "max" : 0,
          "mean" : 0.000000,
          "stddev" : 0.000000,
          "N" : 0
        },
        "clat_ns" : {
          "min" : 0,
          "max" : 0,
          "mean" : 0.000000,
          "stddev" : 0.000000,
          "N" : 0
        },
        "lat_ns" : {
          "min" : 0,
          "max" : 0,
          "mean" : 0.000000,
          "stddev" : 0.000000,
          "N" : 0
        },
        "bw_min" : 0,
        "bw_max" : 0,
        "bw_agg" : 0.000000,
        "bw_mean" : 0.000000,
        "bw_dev" : 0.000000,
        "bw_samples" : 0,
        "iops_min" : 0,
        "iops_max" : 0,
        "iops_mean" : 0.000000,
        "iops_stddev" : 0.000000,
        "iops_samples" : 0
      },
      "sync" : {
        "total_ios" : 0,
        "lat_ns" : {
          "min" : 0,
          "max" : 0,
          "mean" : 0.000000,
          "stddev" : 0.000000,
          "N" : 0
        }
      },
      "job_runtime" : 240017,
      "usr_cpu" : 1.363653,
      "sys_cpu" : 3.874726,
      "ctx" : 684648,
      "majf" : 0,
      "minf" : 113,
      "iodepth_level" : {
        "1" : 100.000000,
        "2" : 0.000000,
        "4" : 0.000000,
        "8" : 0.000000,
        "16" : 0.000000,
        "32" : 0.000000,
        ">=64" : 0.000000
      },
      "iodepth_submit" : {
        "0" : 0.000000,
        "4" : 100.000000,
        "8" : 0.000000,
        "16" : 0.000000,
        "32" : 0.000000,
        "64" : 0.000000,
        ">=64" : 0.000000
      },
      "iodepth_complete" : {
        "0" : 0.000000,
        "4" : 100.000000,
        "8" : 0.000000,
        "16" : 0.000000,
        "32" : 0.000000,
        "64" : 0.000000,
        ">=64" : 0.000000
      },
      "latency_ns" : {
        "2" : 0.000000,
        "4" : 0.000000,
        "10" : 0.000000,
        "20" : 0.000000,
        "50" : 0.000000,
        "100" : 0.000000,
        "250" : 0.000000,
        "500" : 0.000000,
        "750" : 0.010000,
        "1000" : 0.010000
      },
      "latency_us" : {
        "2" : 0.010000,
        "4" : 0.010000,
        "10" : 0.010000,
        "20" : 0.010000,
        "50" : 0.255027,
        "100" : 50.346316,
        "250" : 44.928823,
        "500" : 1.393299,
        "750" : 1.015579,
        "1000" : 0.671746
      },
      "latency_ms" : {
        "2" : 0.747407,
        "4" : 0.167389,
        "10" : 0.077121,
        "20" : 0.080627,
        "50" : 0.068942,
        "100" : 0.222016,
        "250" : 0.018696,
        "500" : 0.010000,
        "750" : 0.000000,
        "1000" : 0.000000,
        "2000" : 0.000000,
        ">=2000" : 0.000000
      },
      "latency_depth" : 1,
      "latency_target" : 0,
      "latency_percentile" : 100.000000,
      "latency_window" : 0
    }
  ],
  "disk_util" : [
    {
      "name" : "sdd",
      "read_ios" : 0,
      "write_ios" : 677650,
      "read_sectors" : 0,
      "write_sectors" : 5429736,
      "read_merges" : 0,
      "write_merges" : 67,
      "read_ticks" : 0,
      "write_ticks" : 212593,
      "in_queue" : 212645,
      "util" : 99.606378
    }
  ]
}
