{
  "fio version" : "fio-3.36",
  "timestamp" : 1775099484,
  "timestamp_ms" : 1775099484769,
  "time" : "Thu Apr  2 11:11:24 2026",
  "jobs" : [
    {
      "jobname" : "queue_8x16_rand_read",
      "groupid" : 0,
      "job_start" : 1775099454699,
      "error" : 0,
      "eta" : 0,
      "elapsed" : 31,
      "job options" : {
        "name" : "queue_8x16_rand_read",
        "filename" : "fio_test_file",
        "rw" : "randread",
        "bs" : "4k",
        "ioengine" : "libaio",
        "numjobs" : "8",
        "iodepth" : "16",
        "size" : "1G",
        "time_based" : "1",
        "runtime" : "30",
        "direct" : "1",
        "group_reporting" : "1"
      },
      "read" : {
        "io_bytes" : 25804812288,
        "io_kbytes" : 25200012,
        "bw_bytes" : 860103069,
        "bw" : 839944,
        "iops" : 209986.100927,
        "runtime" : 30002,
        "total_ios" : 6300003,
        "short_ios" : 0,
        "drop_ios" : 0,
        "slat_ns" : {
          "min" : 863,
          "max" : 2573349,
          "mean" : 5092.418838,
          "stddev" : 10055.155789,
          "N" : 6300003
        },
        "clat_ns" : {
          "min" : 9359,
          "max" : 3809852,
          "mean" : 603491.764170,
          "stddev" : 294959.353042,
          "N" : 6300003,
          "percentile" : {
            "1.000000" : 168960,
            "5.000000" : 226304,
            "10.000000" : 272384,
            "20.000000" : 354304,
            "30.000000" : 423936,
            "40.000000" : 489472,
            "50.000000" : 552960,
            "60.000000" : 626688,
            "70.000000" : 708608,
            "80.000000" : 815104,
            "90.000000" : 995328,
            "95.000000" : 1171456,
            "99.000000" : 1531904,
            "99.500000" : 1679360,
            "99.900000" : 1974272,
            "99.950000" : 2088960,
            "99.990000" : 2310144
          }
        },
        "lat_ns" : {
          "min" : 81733,
          "max" : 3812069,
          "mean" : 608584.183008,
          "stddev" : 294923.260157,
          "N" : 6300003
        },
        "bw_min" : 791472,
        "bw_max" : 907712,
        "bw_agg" : 100.000000,
        "bw_mean" : 840687.186441,
        "bw_dev" : 3211.081389,
        "bw_samples" : 472,
        "iops_min" : 197868,
        "iops_max" : 226928,
        "iops_mean" : 210171.830508,
        "iops_stddev" : 802.768112,
        "iops_samples" : 472
      },
      "write" : {
        "io_bytes" : 0,
        "io_kbytes" : 0,
        "bw_bytes" : 0,
        "bw" : 0,
        "iops" : 0.000000,
        "runtime" : 0,
        "total_ios" : 0,
        "short_ios" : 0,
        "drop_ios" : 0,
        "slat_ns" : {
          "min" : 0,
          "max" : 0,
          "mean" : 0.000000,
          "stddev" : 0.000000,
          "N" : 0
        },
        "clat_ns" : {
          "min" : 0,
          "max" : 0,
          "mean" : 0.000000,
          "stddev" : 0.000000,
          "N" : 0
        },
        "lat_ns" : {
          "min" : 0,
          "max" : 0,
          "mean" : 0.000000,
          "stddev" : 0.000000,
          "N" : 0
        },
        "bw_min" : 0,
        "bw_max" : 0,
        "bw_agg" : 0.000000,
        "bw_mean" : 0.000000,
        "bw_dev" : 0.000000,
        "bw_samples" : 0,
        "iops_min" : 0,
        "iops_max" : 0,
        "iops_mean" : 0.000000,
        "iops_stddev" : 0.000000,
        "iops_samples" : 0
      },
      "trim" : {
        "io_bytes" : 0,
        "io_kbytes" : 0,
        "bw_bytes" : 0,
        "bw" : 0,
        "iops" : 0.000000,
        "runtime" : 0,
        "total_ios" : 0,
        "short_ios" : 0,
        "drop_ios" : 0,
        "slat_ns" : {
          "min" : 0,
          "max" : 0,
          "mean" : 0.000000,
          "stddev" : 0.000000,
          "N" : 0
        },
        "clat_ns" : {
          "min" : 0,
          "max" : 0,
          "mean" : 0.000000,
          "stddev" : 0.000000,
          "N" : 0
        },
        "lat_ns" : {
          "min" : 0,
          "max" : 0,
          "mean" : 0.000000,
          "stddev" : 0.000000,
          "N" : 0
        },
        "bw_min" : 0,
        "bw_max" : 0,
        "bw_agg" : 0.000000,
        "bw_mean" : 0.000000,
        "bw_dev" : 0.000000,
        "bw_samples" : 0,
        "iops_min" : 0,
        "iops_max" : 0,
        "iops_mean" : 0.000000,
        "iops_stddev" : 0.000000,
        "iops_samples" : 0
      },
      "sync" : {
        "total_ios" : 0,
        "lat_ns" : {
          "min" : 0,
          "max" : 0,
          "mean" : 0.000000,
          "stddev" : 0.000000,
          "N" : 0
        }
      },
      "job_runtime" : 240004,
      "usr_cpu" : 7.411960,
      "sys_cpu" : 24.225430,
      "ctx" : 2276991,
      "majf" : 0,
      "minf" : 226,
      "iodepth_level" : {
        "1" : 0.100000,
        "2" : 0.100000,
        "4" : 0.100000,
        "8" : 0.100000,
        "16" : 99.998095,
        "32" : 0.000000,
        ">=64" : 0.000000
      },
      "iodepth_submit" : {
        "0" : 0.000000,
        "4" : 100.000000,
        "8" : 0.000000,
        "16" : 0.000000,
        "32" : 0.000000,
        "64" : 0.000000,
        ">=64" : 0.000000
      },
      "iodepth_complete" : {
        "0" : 0.000000,
        "4" : 99.999873,
        "8" : 0.000000,
        "16" : 0.100000,
        "32" : 0.000000,
        "64" : 0.000000,
        ">=64" : 0.000000
      },
      "latency_ns" : {
        "2" : 0.000000,
        "4" : 0.000000,
        "10" : 0.000000,
        "20" : 0.000000,
        "50" : 0.000000,
        "100" : 0.000000,
        "250" : 0.000000,
        "500" : 0.000000,
        "750" : 0.000000,
        "1000" : 0.000000
      },
      "latency_us" : {
        "2" : 0.000000,
        "4" : 0.000000,
        "10" : 0.010000,
        "20" : 0.010000,
        "50" : 0.010000,
        "100" : 0.010000,
        "250" : 7.431647,
        "500" : 34.333111,
        "750" : 32.639302,
        "1000" : 15.758215
      },
      "latency_ms" : {
        "2" : 9.741948,
        "4" : 0.087127,
        "10" : 0.000000,
        "20" : 0.000000,
        "50" : 0.000000,
        "100" : 0.000000,
        "250" : 0.000000,
        "500" : 0.000000,
        "750" : 0.000000,
        "1000" : 0.000000,
        "2000" : 0.000000,
        ">=2000" : 0.000000
      },
      "latency_depth" : 16,
      "latency_target" : 0,
      "latency_percentile" : 100.000000,
      "latency_window" : 0
    }
  ],
  "disk_util" : [
    {
      "name" : "sdd",
      "read_ios" : 6278240,
      "write_ios" : 47,
      "read_sectors" : 50225920,
      "write_sectors" : 8472,
      "read_merges" : 0,
      "write_merges" : 74,
      "read_ticks" : 3624750,
      "write_ticks" : 107,
      "in_queue" : 3624922,
      "util" : 99.729793
    }
  ]
}
