{
  "fio version" : "fio-3.36",
  "timestamp" : 1775099258,
  "timestamp_ms" : 1775099258246,
  "time" : "Thu Apr  2 11:07:38 2026",
  "jobs" : [
    {
      "jobname" : "queue_1x1_rand_read",
      "groupid" : 0,
      "job_start" : 1775099228198,
      "error" : 0,
      "eta" : 0,
      "elapsed" : 31,
      "job options" : {
        "name" : "queue_1x1_rand_read",
        "filename" : "fio_test_file",
        "rw" : "randread",
        "bs" : "4k",
        "ioengine" : "libaio",
        "numjobs" : "1",
        "iodepth" : "1",
        "size" : "1G",
        "time_based" : "1",
        "runtime" : "30",
        "direct" : "1",
        "group_reporting" : "1"
      },
      "read" : {
        "io_bytes" : 724664320,
        "io_kbytes" : 707680,
        "bw_bytes" : 24154672,
        "bw" : 23588,
        "iops" : 5897.136762,
        "runtime" : 30001,
        "total_ios" : 176920,
        "short_ios" : 0,
        "drop_ios" : 0,
        "slat_ns" : {
          "min" : 2311,
          "max" : 257912,
          "mean" : 6835.301504,
          "stddev" : 5506.441569,
          "N" : 176920
        },
        "clat_ns" : {
          "min" : 1018,
          "max" : 5766731,
          "mean" : 161593.917675,
          "stddev" : 63460.044742,
          "N" : 176920,
          "percentile" : {
            "1.000000" : 96768,
            "5.000000" : 99840,
            "10.000000" : 105984,
            "20.000000" : 129536,
            "30.000000" : 136192,
            "40.000000" : 142336,
            "50.000000" : 150528,
            "60.000000" : 160768,
            "70.000000" : 173056,
            "80.000000" : 189440,
            "90.000000" : 218112,
            "95.000000" : 252928,
            "99.000000" : 346112,
            "99.500000" : 391168,
            "99.900000" : 501760,
            "99.950000" : 561152,
            "99.990000" : 1466368
          }
        },
        "lat_ns" : {
          "min" : 87769,
          "max" : 5779824,
          "mean" : 168429.219178,
          "stddev" : 65552.221851,
          "N" : 176920
        },
        "bw_min" : 18792,
        "bw_max" : 28456,
        "bw_agg" : 100.000000,
        "bw_mean" : 23606.915254,
        "bw_dev" : 1785.788161,
        "bw_samples" : 59,
        "iops_min" : 4698,
        "iops_max" : 7114,
        "iops_mean" : 5901.728814,
        "iops_stddev" : 446.447040,
        "iops_samples" : 59
      },
      "write" : {
        "io_bytes" : 0,
        "io_kbytes" : 0,
        "bw_bytes" : 0,
        "bw" : 0,
        "iops" : 0.000000,
        "runtime" : 0,
        "total_ios" : 0,
        "short_ios" : 0,
        "drop_ios" : 0,
        "slat_ns" : {
          "min" : 0,
          "max" : 0,
          "mean" : 0.000000,
          "stddev" : 0.000000,
          "N" : 0
        },
        "clat_ns" : {
          "min" : 0,
          "max" : 0,
          "mean" : 0.000000,
          "stddev" : 0.000000,
          "N" : 0
        },
        "lat_ns" : {
          "min" : 0,
          "max" : 0,
          "mean" : 0.000000,
          "stddev" : 0.000000,
          "N" : 0
        },
        "bw_min" : 0,
        "bw_max" : 0,
        "bw_agg" : 0.000000,
        "bw_mean" : 0.000000,
        "bw_dev" : 0.000000,
        "bw_samples" : 0,
        "iops_min" : 0,
        "iops_max" : 0,
        "iops_mean" : 0.000000,
        "iops_stddev" : 0.000000,
        "iops_samples" : 0
      },
      "trim" : {
        "io_bytes" : 0,
        "io_kbytes" : 0,
        "bw_bytes" : 0,
        "bw" : 0,
        "iops" : 0.000000,
        "runtime" : 0,
        "total_ios" : 0,
        "short_ios" : 0,
        "drop_ios" : 0,
        "slat_ns" : {
          "min" : 0,
          "max" : 0,
          "mean" : 0.000000,
          "stddev" : 0.000000,
          "N" : 0
        },
        "clat_ns" : {
          "min" : 0,
          "max" : 0,
          "mean" : 0.000000,
          "stddev" : 0.000000,
          "N" : 0
        },
        "lat_ns" : {
          "min" : 0,
          "max" : 0,
          "mean" : 0.000000,
          "stddev" : 0.000000,
          "N" : 0
        },
        "bw_min" : 0,
        "bw_max" : 0,
        "bw_agg" : 0.000000,
        "bw_mean" : 0.000000,
        "bw_dev" : 0.000000,
        "bw_samples" : 0,
        "iops_min" : 0,
        "iops_max" : 0,
        "iops_mean" : 0.000000,
        "iops_stddev" : 0.000000,
        "iops_samples" : 0
      },
      "sync" : {
        "total_ios" : 0,
        "lat_ns" : {
          "min" : 0,
          "max" : 0,
          "mean" : 0.000000,
          "stddev" : 0.000000,
          "N" : 0
        }
      },
      "job_runtime" : 30000,
      "usr_cpu" : 1.576667,
      "sys_cpu" : 6.540000,
      "ctx" : 176919,
      "majf" : 0,
      "minf" : 13,
      "iodepth_level" : {
        "1" : 100.000000,
        "2" : 0.000000,
        "4" : 0.000000,
        "8" : 0.000000,
        "16" : 0.000000,
        "32" : 0.000000,
        ">=64" : 0.000000
      },
      "iodepth_submit" : {
        "0" : 0.000000,
        "4" : 100.000000,
        "8" : 0.000000,
        "16" : 0.000000,
        "32" : 0.000000,
        "64" : 0.000000,
        ">=64" : 0.000000
      },
      "iodepth_complete" : {
        "0" : 0.000000,
        "4" : 100.000000,
        "8" : 0.000000,
        "16" : 0.000000,
        "32" : 0.000000,
        "64" : 0.000000,
        ">=64" : 0.000000
      },
      "latency_ns" : {
        "2" : 0.000000,
        "4" : 0.000000,
        "10" : 0.000000,
        "20" : 0.000000,
        "50" : 0.000000,
        "100" : 0.000000,
        "250" : 0.000000,
        "500" : 0.000000,
        "750" : 0.000000,
        "1000" : 0.000000
      },
      "latency_us" : {
        "2" : 0.010000,
        "4" : 0.000000,
        "10" : 0.000000,
        "20" : 0.000000,
        "50" : 0.010000,
        "100" : 4.563645,
        "250" : 90.155437,
        "500" : 5.176351,
        "750" : 0.080827,
        "1000" : 0.010000
      },
      "latency_ms" : {
        "2" : 0.010000,
        "4" : 0.010000,
        "10" : 0.010000,
        "20" : 0.000000,
        "50" : 0.000000,
        "100" : 0.000000,
        "250" : 0.000000,
        "500" : 0.000000,
        "750" : 0.000000,
        "1000" : 0.000000,
        "2000" : 0.000000,
        ">=2000" : 0.000000
      },
      "latency_depth" : 1,
      "latency_target" : 0,
      "latency_percentile" : 100.000000,
      "latency_window" : 0
    }
  ],
  "disk_util" : [
    {
      "name" : "sdd",
      "read_ios" : 176280,
      "write_ios" : 88,
      "read_sectors" : 1411048,
      "write_sectors" : 22712,
      "read_merges" : 30,
      "write_merges" : 76,
      "read_ticks" : 26868,
      "write_ticks" : 74,
      "in_queue" : 26947,
      "util" : 83.555200
    }
  ]
}
