{
  "fio version" : "fio-3.36",
  "timestamp" : 1775099424,
  "timestamp_ms" : 1775099424101,
  "time" : "Thu Apr  2 11:10:24 2026",
  "jobs" : [
    {
      "jobname" : "queue_4x64_rand_read",
      "groupid" : 0,
      "job_start" : 1775099395131,
      "error" : 0,
      "eta" : 0,
      "elapsed" : 31,
      "job options" : {
        "name" : "queue_4x64_rand_read",
        "filename" : "fio_test_file",
        "rw" : "randread",
        "bs" : "4k",
        "ioengine" : "libaio",
        "numjobs" : "4",
        "iodepth" : "64",
        "size" : "1G",
        "time_based" : "1",
        "runtime" : "30",
        "direct" : "1",
        "group_reporting" : "1"
      },
      "read" : {
        "io_bytes" : 24806539264,
        "io_kbytes" : 24225136,
        "bw_bytes" : 826801961,
        "bw" : 807423,
        "iops" : 201855.947739,
        "runtime" : 30003,
        "total_ios" : 6056284,
        "short_ios" : 0,
        "drop_ios" : 0,
        "slat_ns" : {
          "min" : 923,
          "max" : 5927302,
          "mean" : 2741.729727,
          "stddev" : 9989.721117,
          "N" : 6056284
        },
        "clat_ns" : {
          "min" : 108860,
          "max" : 8406024,
          "mean" : 1264948.064081,
          "stddev" : 607585.605136,
          "N" : 6056284,
          "percentile" : {
            "1.000000" : 366592,
            "5.000000" : 514048,
            "10.000000" : 626688,
            "20.000000" : 774144,
            "30.000000" : 880640,
            "40.000000" : 995328,
            "50.000000" : 1138688,
            "60.000000" : 1286144,
            "70.000000" : 1466368,
            "80.000000" : 1712128,
            "90.000000" : 2113536,
            "95.000000" : 2473984,
            "99.000000" : 3162112,
            "99.500000" : 3424256,
            "99.900000" : 4046848,
            "99.950000" : 4292608,
            "99.990000" : 5013504
          }
        },
        "lat_ns" : {
          "min" : 111761,
          "max" : 8408419,
          "mean" : 1267689.793807,
          "stddev" : 607608.051734,
          "N" : 6056284
        },
        "bw_min" : 763329,
        "bw_max" : 859716,
        "bw_agg" : 100.000000,
        "bw_mean" : 808198.152542,
        "bw_dev" : 3163.746662,
        "bw_samples" : 236,
        "iops_min" : 190832,
        "iops_max" : 214929,
        "iops_mean" : 202048.966102,
        "iops_stddev" : 790.943571,
        "iops_samples" : 236
      },
      "write" : {
        "io_bytes" : 0,
        "io_kbytes" : 0,
        "bw_bytes" : 0,
        "bw" : 0,
        "iops" : 0.000000,
        "runtime" : 0,
        "total_ios" : 0,
        "short_ios" : 0,
        "drop_ios" : 0,
        "slat_ns" : {
          "min" : 0,
          "max" : 0,
          "mean" : 0.000000,
          "stddev" : 0.000000,
          "N" : 0
        },
        "clat_ns" : {
          "min" : 0,
          "max" : 0,
          "mean" : 0.000000,
          "stddev" : 0.000000,
          "N" : 0
        },
        "lat_ns" : {
          "min" : 0,
          "max" : 0,
          "mean" : 0.000000,
          "stddev" : 0.000000,
          "N" : 0
        },
        "bw_min" : 0,
        "bw_max" : 0,
        "bw_agg" : 0.000000,
        "bw_mean" : 0.000000,
        "bw_dev" : 0.000000,
        "bw_samples" : 0,
        "iops_min" : 0,
        "iops_max" : 0,
        "iops_mean" : 0.000000,
        "iops_stddev" : 0.000000,
        "iops_samples" : 0
      },
      "trim" : {
        "io_bytes" : 0,
        "io_kbytes" : 0,
        "bw_bytes" : 0,
        "bw" : 0,
        "iops" : 0.000000,
        "runtime" : 0,
        "total_ios" : 0,
        "short_ios" : 0,
        "drop_ios" : 0,
        "slat_ns" : {
          "min" : 0,
          "max" : 0,
          "mean" : 0.000000,
          "stddev" : 0.000000,
          "N" : 0
        },
        "clat_ns" : {
          "min" : 0,
          "max" : 0,
          "mean" : 0.000000,
          "stddev" : 0.000000,
          "N" : 0
        },
        "lat_ns" : {
          "min" : 0,
          "max" : 0,
          "mean" : 0.000000,
          "stddev" : 0.000000,
          "N" : 0
        },
        "bw_min" : 0,
        "bw_max" : 0,
        "bw_agg" : 0.000000,
        "bw_mean" : 0.000000,
        "bw_dev" : 0.000000,
        "bw_samples" : 0,
        "iops_min" : 0,
        "iops_max" : 0,
        "iops_mean" : 0.000000,
        "iops_stddev" : 0.000000,
        "iops_samples" : 0
      },
      "sync" : {
        "total_ios" : 0,
        "lat_ns" : {
          "min" : 0,
          "max" : 0,
          "mean" : 0.000000,
          "stddev" : 0.000000,
          "N" : 0
        }
      },
      "job_runtime" : 120008,
      "usr_cpu" : 5.969602,
      "sys_cpu" : 17.899640,
      "ctx" : 747430,
      "majf" : 0,
      "minf" : 303,
      "iodepth_level" : {
        "1" : 0.100000,
        "2" : 0.100000,
        "4" : 0.100000,
        "8" : 0.100000,
        "16" : 0.100000,
        "32" : 0.100000,
        ">=64" : 99.995839
      },
      "iodepth_submit" : {
        "0" : 0.000000,
        "4" : 100.000000,
        "8" : 0.000000,
        "16" : 0.000000,
        "32" : 0.000000,
        "64" : 0.000000,
        ">=64" : 0.000000
      },
      "iodepth_complete" : {
        "0" : 0.000000,
        "4" : 99.999934,
        "8" : 0.000000,
        "16" : 0.000000,
        "32" : 0.000000,
        "64" : 0.100000,
        ">=64" : 0.000000
      },
      "latency_ns" : {
        "2" : 0.000000,
        "4" : 0.000000,
        "10" : 0.000000,
        "20" : 0.000000,
        "50" : 0.000000,
        "100" : 0.000000,
        "250" : 0.000000,
        "500" : 0.000000,
        "750" : 0.000000,
        "1000" : 0.000000
      },
      "latency_us" : {
        "2" : 0.000000,
        "4" : 0.000000,
        "10" : 0.000000,
        "20" : 0.000000,
        "50" : 0.000000,
        "100" : 0.000000,
        "250" : 0.090963,
        "500" : 4.529461,
        "750" : 13.647197,
        "1000" : 21.910762
      },
      "latency_ms" : {
        "2" : 47.600162,
        "4" : 12.113418,
        "10" : 0.108037,
        "20" : 0.000000,
        "50" : 0.000000,
        "100" : 0.000000,
        "250" : 0.000000,
        "500" : 0.000000,
        "750" : 0.000000,
        "1000" : 0.000000,
        "2000" : 0.000000,
        ">=2000" : 0.000000
      },
      "latency_depth" : 64,
      "latency_target" : 0,
      "latency_percentile" : 100.000000,
      "latency_window" : 0
    }
  ],
  "disk_util" : [
    {
      "name" : "sdd",
      "read_ios" : 6056229,
      "write_ios" : 60,
      "read_sectors" : 48449832,
      "write_sectors" : 7080,
      "read_merges" : 0,
      "write_merges" : 56,
      "read_ticks" : 7189380,
      "write_ticks" : 205,
      "in_queue" : 7189720,
      "util" : 96.156534
    }
  ]
}
