{
  "fio version" : "fio-3.36",
  "timestamp" : 1775099454,
  "timestamp_ms" : 1775099454443,
  "time" : "Thu Apr  2 11:10:54 2026",
  "jobs" : [
    {
      "jobname" : "queue_8x1_rand_read",
      "groupid" : 0,
      "job_start" : 1775099424358,
      "error" : 0,
      "eta" : 0,
      "elapsed" : 31,
      "job options" : {
        "name" : "queue_8x1_rand_read",
        "filename" : "fio_test_file",
        "rw" : "randread",
        "bs" : "4k",
        "ioengine" : "libaio",
        "numjobs" : "8",
        "iodepth" : "1",
        "size" : "1G",
        "time_based" : "1",
        "runtime" : "30",
        "direct" : "1",
        "group_reporting" : "1"
      },
      "read" : {
        "io_bytes" : 5721915392,
        "io_kbytes" : 5587808,
        "bw_bytes" : 190724155,
        "bw" : 186254,
        "iops" : 46563.514550,
        "runtime" : 30001,
        "total_ios" : 1396952,
        "short_ios" : 0,
        "drop_ios" : 0,
        "slat_ns" : {
          "min" : 1505,
          "max" : 480229,
          "mean" : 5947.959694,
          "stddev" : 5368.369931,
          "N" : 1396952
        },
        "clat_ns" : {
          "min" : 710,
          "max" : 6561988,
          "mean" : 164814.825832,
          "stddev" : 65687.829571,
          "N" : 1396952,
          "percentile" : {
            "1.000000" : 94720,
            "5.000000" : 103936,
            "10.000000" : 113152,
            "20.000000" : 132096,
            "30.000000" : 138240,
            "40.000000" : 146432,
            "50.000000" : 154624,
            "60.000000" : 164864,
            "70.000000" : 179200,
            "80.000000" : 197632,
            "90.000000" : 222208,
            "95.000000" : 248832,
            "99.000000" : 309248,
            "99.500000" : 337920,
            "99.900000" : 423936,
            "99.950000" : 518144,
            "99.990000" : 3031040
          }
        },
        "lat_ns" : {
          "min" : 73086,
          "max" : 6566552,
          "mean" : 170762.785526,
          "stddev" : 66069.128535,
          "N" : 1396952
        },
        "bw_min" : 155088,
        "bw_max" : 195256,
        "bw_agg" : 100.000000,
        "bw_mean" : 186269.423729,
        "bw_dev" : 838.388731,
        "bw_samples" : 472,
        "iops_min" : 38772,
        "iops_max" : 48814,
        "iops_mean" : 46567.322034,
        "iops_stddev" : 209.598581,
        "iops_samples" : 472
      },
      "write" : {
        "io_bytes" : 0,
        "io_kbytes" : 0,
        "bw_bytes" : 0,
        "bw" : 0,
        "iops" : 0.000000,
        "runtime" : 0,
        "total_ios" : 0,
        "short_ios" : 0,
        "drop_ios" : 0,
        "slat_ns" : {
          "min" : 0,
          "max" : 0,
          "mean" : 0.000000,
          "stddev" : 0.000000,
          "N" : 0
        },
        "clat_ns" : {
          "min" : 0,
          "max" : 0,
          "mean" : 0.000000,
          "stddev" : 0.000000,
          "N" : 0
        },
        "lat_ns" : {
          "min" : 0,
          "max" : 0,
          "mean" : 0.000000,
          "stddev" : 0.000000,
          "N" : 0
        },
        "bw_min" : 0,
        "bw_max" : 0,
        "bw_agg" : 0.000000,
        "bw_mean" : 0.000000,
        "bw_dev" : 0.000000,
        "bw_samples" : 0,
        "iops_min" : 0,
        "iops_max" : 0,
        "iops_mean" : 0.000000,
        "iops_stddev" : 0.000000,
        "iops_samples" : 0
      },
      "trim" : {
        "io_bytes" : 0,
        "io_kbytes" : 0,
        "bw_bytes" : 0,
        "bw" : 0,
        "iops" : 0.000000,
        "runtime" : 0,
        "total_ios" : 0,
        "short_ios" : 0,
        "drop_ios" : 0,
        "slat_ns" : {
          "min" : 0,
          "max" : 0,
          "mean" : 0.000000,
          "stddev" : 0.000000,
          "N" : 0
        },
        "clat_ns" : {
          "min" : 0,
          "max" : 0,
          "mean" : 0.000000,
          "stddev" : 0.000000,
          "N" : 0
        },
        "lat_ns" : {
          "min" : 0,
          "max" : 0,
          "mean" : 0.000000,
          "stddev" : 0.000000,
          "N" : 0
        },
        "bw_min" : 0,
        "bw_max" : 0,
        "bw_agg" : 0.000000,
        "bw_mean" : 0.000000,
        "bw_dev" : 0.000000,
        "bw_samples" : 0,
        "iops_min" : 0,
        "iops_max" : 0,
        "iops_mean" : 0.000000,
        "iops_stddev" : 0.000000,
        "iops_samples" : 0
      },
      "sync" : {
        "total_ios" : 0,
        "lat_ns" : {
          "min" : 0,
          "max" : 0,
          "mean" : 0.000000,
          "stddev" : 0.000000,
          "N" : 0
        }
      },
      "job_runtime" : 240000,
      "usr_cpu" : 2.044583,
      "sys_cpu" : 6.959583,
      "ctx" : 1396992,
      "majf" : 0,
      "minf" : 99,
      "iodepth_level" : {
        "1" : 100.000000,
        "2" : 0.000000,
        "4" : 0.000000,
        "8" : 0.000000,
        "16" : 0.000000,
        "32" : 0.000000,
        ">=64" : 0.000000
      },
      "iodepth_submit" : {
        "0" : 0.000000,
        "4" : 100.000000,
        "8" : 0.000000,
        "16" : 0.000000,
        "32" : 0.000000,
        "64" : 0.000000,
        ">=64" : 0.000000
      },
      "iodepth_complete" : {
        "0" : 0.000000,
        "4" : 100.000000,
        "8" : 0.000000,
        "16" : 0.000000,
        "32" : 0.000000,
        "64" : 0.000000,
        ">=64" : 0.000000
      },
      "latency_ns" : {
        "2" : 0.000000,
        "4" : 0.000000,
        "10" : 0.000000,
        "20" : 0.000000,
        "50" : 0.000000,
        "100" : 0.000000,
        "250" : 0.000000,
        "500" : 0.000000,
        "750" : 0.010000,
        "1000" : 0.000000
      },
      "latency_us" : {
        "2" : 0.010000,
        "4" : 0.010000,
        "10" : 0.000000,
        "20" : 0.010000,
        "50" : 0.010000,
        "100" : 2.714624,
        "250" : 92.347196,
        "500" : 4.882487,
        "750" : 0.021261,
        "1000" : 0.010000
      },
      "latency_ms" : {
        "2" : 0.010000,
        "4" : 0.013673,
        "10" : 0.010000,
        "20" : 0.000000,
        "50" : 0.000000,
        "100" : 0.000000,
        "250" : 0.000000,
        "500" : 0.000000,
        "750" : 0.000000,
        "1000" : 0.000000,
        "2000" : 0.000000,
        ">=2000" : 0.000000
      },
      "latency_depth" : 1,
      "latency_target" : 0,
      "latency_percentile" : 100.000000,
      "latency_window" : 0
    }
  ],
  "disk_util" : [
    {
      "name" : "sdd",
      "read_ios" : 1391847,
      "write_ios" : 63,
      "read_sectors" : 11134776,
      "write_sectors" : 7960,
      "read_merges" : 0,
      "write_merges" : 68,
      "read_ticks" : 217655,
      "write_ticks" : 22,
      "in_queue" : 217683,
      "util" : 99.696495
    }
  ]
}
