{
  "fio version" : "fio-3.36",
  "timestamp" : 1775099515,
  "timestamp_ms" : 1775099515117,
  "time" : "Thu Apr  2 11:11:55 2026",
  "jobs" : [
    {
      "jobname" : "queue_8x64_rand_read",
      "groupid" : 0,
      "job_start" : 1775099485027,
      "error" : 0,
      "eta" : 0,
      "elapsed" : 31,
      "job options" : {
        "name" : "queue_8x64_rand_read",
        "filename" : "fio_test_file",
        "rw" : "randread",
        "bs" : "4k",
        "ioengine" : "libaio",
        "numjobs" : "8",
        "iodepth" : "64",
        "size" : "1G",
        "time_based" : "1",
        "runtime" : "30",
        "direct" : "1",
        "group_reporting" : "1"
      },
      "read" : {
        "io_bytes" : 27238354944,
        "io_kbytes" : 26599956,
        "bw_bytes" : 907824121,
        "bw" : 886546,
        "iops" : 221636.748434,
        "runtime" : 30004,
        "total_ios" : 6649989,
        "short_ios" : 0,
        "drop_ios" : 0,
        "slat_ns" : {
          "min" : 887,
          "max" : 6187890,
          "mean" : 3585.934645,
          "stddev" : 10181.037838,
          "N" : 6649989
        },
        "clat_ns" : {
          "min" : 290317,
          "max" : 13360690,
          "mean" : 2305693.040449,
          "stddev" : 965011.043522,
          "N" : 6649989,
          "percentile" : {
            "1.000000" : 782336,
            "5.000000" : 1011712,
            "10.000000" : 1171456,
            "20.000000" : 1400832,
            "30.000000" : 1646592,
            "40.000000" : 1908736,
            "50.000000" : 2179072,
            "60.000000" : 2473984,
            "70.000000" : 2768896,
            "80.000000" : 3129344,
            "90.000000" : 3620864,
            "95.000000" : 4014080,
            "99.000000" : 4882432,
            "99.500000" : 5275648,
            "99.900000" : 6127616,
            "99.950000" : 6455296,
            "99.990000" : 7503872
          }
        },
        "lat_ns" : {
          "min" : 295596,
          "max" : 13364821,
          "mean" : 2309278.975094,
          "stddev" : 965071.191023,
          "N" : 6649989
        },
        "bw_min" : 722080,
        "bw_max" : 1250160,
        "bw_agg" : 100.000000,
        "bw_mean" : 887265.016949,
        "bw_dev" : 14738.668447,
        "bw_samples" : 472,
        "iops_min" : 180520,
        "iops_max" : 312540,
        "iops_mean" : 221816.186441,
        "iops_stddev" : 3684.670827,
        "iops_samples" : 472
      },
      "write" : {
        "io_bytes" : 0,
        "io_kbytes" : 0,
        "bw_bytes" : 0,
        "bw" : 0,
        "iops" : 0.000000,
        "runtime" : 0,
        "total_ios" : 0,
        "short_ios" : 0,
        "drop_ios" : 0,
        "slat_ns" : {
          "min" : 0,
          "max" : 0,
          "mean" : 0.000000,
          "stddev" : 0.000000,
          "N" : 0
        },
        "clat_ns" : {
          "min" : 0,
          "max" : 0,
          "mean" : 0.000000,
          "stddev" : 0.000000,
          "N" : 0
        },
        "lat_ns" : {
          "min" : 0,
          "max" : 0,
          "mean" : 0.000000,
          "stddev" : 0.000000,
          "N" : 0
        },
        "bw_min" : 0,
        "bw_max" : 0,
        "bw_agg" : 0.000000,
        "bw_mean" : 0.000000,
        "bw_dev" : 0.000000,
        "bw_samples" : 0,
        "iops_min" : 0,
        "iops_max" : 0,
        "iops_mean" : 0.000000,
        "iops_stddev" : 0.000000,
        "iops_samples" : 0
      },
      "trim" : {
        "io_bytes" : 0,
        "io_kbytes" : 0,
        "bw_bytes" : 0,
        "bw" : 0,
        "iops" : 0.000000,
        "runtime" : 0,
        "total_ios" : 0,
        "short_ios" : 0,
        "drop_ios" : 0,
        "slat_ns" : {
          "min" : 0,
          "max" : 0,
          "mean" : 0.000000,
          "stddev" : 0.000000,
          "N" : 0
        },
        "clat_ns" : {
          "min" : 0,
          "max" : 0,
          "mean" : 0.000000,
          "stddev" : 0.000000,
          "N" : 0
        },
        "lat_ns" : {
          "min" : 0,
          "max" : 0,
          "mean" : 0.000000,
          "stddev" : 0.000000,
          "N" : 0
        },
        "bw_min" : 0,
        "bw_max" : 0,
        "bw_agg" : 0.000000,
        "bw_mean" : 0.000000,
        "bw_dev" : 0.000000,
        "bw_samples" : 0,
        "iops_min" : 0,
        "iops_max" : 0,
        "iops_mean" : 0.000000,
        "iops_stddev" : 0.000000,
        "iops_samples" : 0
      },
      "sync" : {
        "total_ios" : 0,
        "lat_ns" : {
          "min" : 0,
          "max" : 0,
          "mean" : 0.000000,
          "stddev" : 0.000000,
          "N" : 0
        }
      },
      "job_runtime" : 240022,
      "usr_cpu" : 5.121197,
      "sys_cpu" : 15.521494,
      "ctx" : 1550193,
      "majf" : 0,
      "minf" : 598,
      "iodepth_level" : {
        "1" : 0.100000,
        "2" : 0.100000,
        "4" : 0.100000,
        "8" : 0.100000,
        "16" : 0.100000,
        "32" : 0.100000,
        ">=64" : 99.992421
      },
      "iodepth_submit" : {
        "0" : 0.000000,
        "4" : 100.000000,
        "8" : 0.000000,
        "16" : 0.000000,
        "32" : 0.000000,
        "64" : 0.000000,
        ">=64" : 0.000000
      },
      "iodepth_complete" : {
        "0" : 0.000000,
        "4" : 99.999880,
        "8" : 0.000000,
        "16" : 0.000000,
        "32" : 0.000000,
        "64" : 0.100000,
        ">=64" : 0.000000
      },
      "latency_ns" : {
        "2" : 0.000000,
        "4" : 0.000000,
        "10" : 0.000000,
        "20" : 0.000000,
        "50" : 0.000000,
        "100" : 0.000000,
        "250" : 0.000000,
        "500" : 0.000000,
        "750" : 0.000000,
        "1000" : 0.000000
      },
      "latency_us" : {
        "2" : 0.000000,
        "4" : 0.000000,
        "10" : 0.000000,
        "20" : 0.000000,
        "50" : 0.000000,
        "100" : 0.000000,
        "250" : 0.000000,
        "500" : 0.010000,
        "750" : 0.651339,
        "1000" : 3.935931
      },
      "latency_ms" : {
        "2" : 38.882936,
        "4" : 51.254671,
        "10" : 5.272264,
        "20" : 0.010000,
        "50" : 0.000000,
        "100" : 0.000000,
        "250" : 0.000000,
        "500" : 0.000000,
        "750" : 0.000000,
        "1000" : 0.000000,
        "2000" : 0.000000,
        ">=2000" : 0.000000
      },
      "latency_depth" : 64,
      "latency_target" : 0,
      "latency_percentile" : 100.000000,
      "latency_window" : 0
    }
  ],
  "disk_util" : [
    {
      "name" : "sdd",
      "read_ios" : 6626019,
      "write_ios" : 78,
      "read_sectors" : 53008160,
      "write_sectors" : 8592,
      "read_merges" : 0,
      "write_merges" : 56,
      "read_ticks" : 15099367,
      "write_ticks" : 292,
      "in_queue" : 15099775,
      "util" : 99.729793
    }
  ]
}
