{
  "fio version" : "fio-3.36",
  "timestamp" : 1775099585,
  "timestamp_ms" : 1775099585342,
  "time" : "Thu Apr  2 11:13:05 2026",
  "jobs" : [
    {
      "jobname" : "queue_1x16_rand_write",
      "groupid" : 0,
      "job_start" : 1775099557754,
      "error" : 0,
      "eta" : 0,
      "elapsed" : 31,
      "job options" : {
        "name" : "queue_1x16_rand_write",
        "filename" : "fio_test_file",
        "rw" : "randwrite",
        "bs" : "4k",
        "ioengine" : "libaio",
        "numjobs" : "1",
        "iodepth" : "16",
        "size" : "1G",
        "time_based" : "1",
        "runtime" : "30",
        "direct" : "1",
        "group_reporting" : "1"
      },
      "read" : {
        "io_bytes" : 0,
        "io_kbytes" : 0,
        "bw_bytes" : 0,
        "bw" : 0,
        "iops" : 0.000000,
        "runtime" : 0,
        "total_ios" : 0,
        "short_ios" : 0,
        "drop_ios" : 0,
        "slat_ns" : {
          "min" : 0,
          "max" : 0,
          "mean" : 0.000000,
          "stddev" : 0.000000,
          "N" : 0
        },
        "clat_ns" : {
          "min" : 0,
          "max" : 0,
          "mean" : 0.000000,
          "stddev" : 0.000000,
          "N" : 0
        },
        "lat_ns" : {
          "min" : 0,
          "max" : 0,
          "mean" : 0.000000,
          "stddev" : 0.000000,
          "N" : 0
        },
        "bw_min" : 0,
        "bw_max" : 0,
        "bw_agg" : 0.000000,
        "bw_mean" : 0.000000,
        "bw_dev" : 0.000000,
        "bw_samples" : 0,
        "iops_min" : 0,
        "iops_max" : 0,
        "iops_mean" : 0.000000,
        "iops_stddev" : 0.000000,
        "iops_samples" : 0
      },
      "write" : {
        "io_bytes" : 4203053056,
        "io_kbytes" : 4104544,
        "bw_bytes" : 140097098,
        "bw" : 136813,
        "iops" : 34203.393220,
        "runtime" : 30001,
        "total_ios" : 1026136,
        "short_ios" : 0,
        "drop_ios" : 0,
        "slat_ns" : {
          "min" : 959,
          "max" : 240087,
          "mean" : 1726.432824,
          "stddev" : 1791.791080,
          "N" : 1026136
        },
        "clat_ns" : {
          "min" : 26819,
          "max" : 975835122,
          "mean" : 465746.010150,
          "stddev" : 6231491.676577,
          "N" : 1026136,
          "percentile" : {
            "1.000000" : 90624,
            "5.000000" : 122368,
            "10.000000" : 140288,
            "20.000000" : 162816,
            "30.000000" : 183296,
            "40.000000" : 193536,
            "50.000000" : 199680,
            "60.000000" : 205824,
            "70.000000" : 214016,
            "80.000000" : 224256,
            "90.000000" : 325632,
            "95.000000" : 946176,
            "99.000000" : 2277376,
            "99.500000" : 5341184,
            "99.900000" : 45875200,
            "99.950000" : 85458944,
            "99.990000" : 267386880
          }
        },
        "lat_ns" : {
          "min" : 31057,
          "max" : 975836821,
          "mean" : 467472.442973,
          "stddev" : 6231489.668903,
          "N" : 1026136
        },
        "bw_min" : 16801,
        "bw_max" : 273621,
        "bw_agg" : 100.000000,
        "bw_mean" : 138758.807018,
        "bw_dev" : 79434.018335,
        "bw_samples" : 57,
        "iops_min" : 4200,
        "iops_max" : 68405,
        "iops_mean" : 34689.368421,
        "iops_stddev" : 19858.550011,
        "iops_samples" : 57
      },
      "trim" : {
        "io_bytes" : 0,
        "io_kbytes" : 0,
        "bw_bytes" : 0,
        "bw" : 0,
        "iops" : 0.000000,
        "runtime" : 0,
        "total_ios" : 0,
        "short_ios" : 0,
        "drop_ios" : 0,
        "slat_ns" : {
          "min" : 0,
          "max" : 0,
          "mean" : 0.000000,
          "stddev" : 0.000000,
          "N" : 0
        },
        "clat_ns" : {
          "min" : 0,
          "max" : 0,
          "mean" : 0.000000,
          "stddev" : 0.000000,
          "N" : 0
        },
        "lat_ns" : {
          "min" : 0,
          "max" : 0,
          "mean" : 0.000000,
          "stddev" : 0.000000,
          "N" : 0
        },
        "bw_min" : 0,
        "bw_max" : 0,
        "bw_agg" : 0.000000,
        "bw_mean" : 0.000000,
        "bw_dev" : 0.000000,
        "bw_samples" : 0,
        "iops_min" : 0,
        "iops_max" : 0,
        "iops_mean" : 0.000000,
        "iops_stddev" : 0.000000,
        "iops_samples" : 0
      },
      "sync" : {
        "total_ios" : 0,
        "lat_ns" : {
          "min" : 0,
          "max" : 0,
          "mean" : 0.000000,
          "stddev" : 0.000000,
          "N" : 0
        }
      },
      "job_runtime" : 30000,
      "usr_cpu" : 2.980000,
      "sys_cpu" : 8.290000,
      "ctx" : 332761,
      "majf" : 0,
      "minf" : 11,
      "iodepth_level" : {
        "1" : 0.100000,
        "2" : 0.100000,
        "4" : 0.100000,
        "8" : 0.100000,
        "16" : 99.998538,
        "32" : 0.000000,
        ">=64" : 0.000000
      },
      "iodepth_submit" : {
        "0" : 0.000000,
        "4" : 100.000000,
        "8" : 0.000000,
        "16" : 0.000000,
        "32" : 0.000000,
        "64" : 0.000000,
        ">=64" : 0.000000
      },
      "iodepth_complete" : {
        "0" : 0.000000,
        "4" : 99.999903,
        "8" : 0.000000,
        "16" : 0.100000,
        "32" : 0.000000,
        "64" : 0.000000,
        ">=64" : 0.000000
      },
      "latency_ns" : {
        "2" : 0.000000,
        "4" : 0.000000,
        "10" : 0.000000,
        "20" : 0.000000,
        "50" : 0.000000,
        "100" : 0.000000,
        "250" : 0.000000,
        "500" : 0.000000,
        "750" : 0.000000,
        "1000" : 0.000000
      },
      "latency_us" : {
        "2" : 0.000000,
        "4" : 0.000000,
        "10" : 0.000000,
        "20" : 0.000000,
        "50" : 0.010000,
        "100" : 1.584098,
        "250" : 84.288437,
        "500" : 6.414842,
        "750" : 1.468226,
        "1000" : 1.584683
      },
      "latency_ms" : {
        "2" : 3.234464,
        "4" : 0.807398,
        "10" : 0.235934,
        "20" : 0.214397,
        "50" : 0.064319,
        "100" : 0.058862,
        "250" : 0.023389,
        "500" : 0.010000,
        "750" : 0.010000,
        "1000" : 0.010000,
        "2000" : 0.000000,
        ">=2000" : 0.000000
      },
      "latency_depth" : 16,
      "latency_target" : 0,
      "latency_percentile" : 100.000000,
      "latency_window" : 0
    }
  ],
  "disk_util" : [
    {
      "name" : "sdd",
      "read_ios" : 0,
      "write_ios" : 1017235,
      "read_sectors" : 0,
      "write_sectors" : 8144680,
      "read_merges" : 0,
      "write_merges" : 57,
      "read_ticks" : 0,
      "write_ticks" : 417976,
      "in_queue" : 418087,
      "util" : 90.501558
    }
  ]
}
