{
  "fio version" : "fio-3.36",
  "timestamp" : 1775099288,
  "timestamp_ms" : 1775099288551,
  "time" : "Thu Apr  2 11:08:08 2026",
  "jobs" : [
    {
      "jobname" : "queue_1x16_rand_read",
      "groupid" : 0,
      "job_start" : 1775099258507,
      "error" : 0,
      "eta" : 0,
      "elapsed" : 31,
      "job options" : {
        "name" : "queue_1x16_rand_read",
        "filename" : "fio_test_file",
        "rw" : "randread",
        "bs" : "4k",
        "ioengine" : "libaio",
        "numjobs" : "1",
        "iodepth" : "16",
        "size" : "1G",
        "time_based" : "1",
        "runtime" : "30",
        "direct" : "1",
        "group_reporting" : "1"
      },
      "read" : {
        "io_bytes" : 7829889024,
        "io_kbytes" : 7646376,
        "bw_bytes" : 260987601,
        "bw" : 254870,
        "iops" : 63717.676077,
        "runtime" : 30001,
        "total_ios" : 1911594,
        "short_ios" : 0,
        "drop_ios" : 0,
        "slat_ns" : {
          "min" : 910,
          "max" : 842045,
          "mean" : 2989.603177,
          "stddev" : 5066.797597,
          "N" : 1911594
        },
        "clat_ns" : {
          "min" : 25702,
          "max" : 4281387,
          "mean" : 247547.680473,
          "stddev" : 97639.825145,
          "N" : 1911594,
          "percentile" : {
            "1.000000" : 109056,
            "5.000000" : 134144,
            "10.000000" : 148480,
            "20.000000" : 166912,
            "30.000000" : 185344,
            "40.000000" : 205824,
            "50.000000" : 226304,
            "60.000000" : 248832,
            "70.000000" : 276480,
            "80.000000" : 317440,
            "90.000000" : 378880,
            "95.000000" : 436224,
            "99.000000" : 561152,
            "99.500000" : 602112,
            "99.900000" : 708608,
            "99.950000" : 757760,
            "99.990000" : 978944
          }
        },
        "lat_ns" : {
          "min" : 72439,
          "max" : 4293262,
          "mean" : 250537.283650,
          "stddev" : 97564.340139,
          "N" : 1911594
        },
        "bw_min" : 212752,
        "bw_max" : 281528,
        "bw_agg" : 100.000000,
        "bw_mean" : 254906.305085,
        "bw_dev" : 16241.185895,
        "bw_samples" : 59,
        "iops_min" : 53188,
        "iops_max" : 70382,
        "iops_mean" : 63726.576271,
        "iops_stddev" : 4060.306020,
        "iops_samples" : 59
      },
      "write" : {
        "io_bytes" : 0,
        "io_kbytes" : 0,
        "bw_bytes" : 0,
        "bw" : 0,
        "iops" : 0.000000,
        "runtime" : 0,
        "total_ios" : 0,
        "short_ios" : 0,
        "drop_ios" : 0,
        "slat_ns" : {
          "min" : 0,
          "max" : 0,
          "mean" : 0.000000,
          "stddev" : 0.000000,
          "N" : 0
        },
        "clat_ns" : {
          "min" : 0,
          "max" : 0,
          "mean" : 0.000000,
          "stddev" : 0.000000,
          "N" : 0
        },
        "lat_ns" : {
          "min" : 0,
          "max" : 0,
          "mean" : 0.000000,
          "stddev" : 0.000000,
          "N" : 0
        },
        "bw_min" : 0,
        "bw_max" : 0,
        "bw_agg" : 0.000000,
        "bw_mean" : 0.000000,
        "bw_dev" : 0.000000,
        "bw_samples" : 0,
        "iops_min" : 0,
        "iops_max" : 0,
        "iops_mean" : 0.000000,
        "iops_stddev" : 0.000000,
        "iops_samples" : 0
      },
      "trim" : {
        "io_bytes" : 0,
        "io_kbytes" : 0,
        "bw_bytes" : 0,
        "bw" : 0,
        "iops" : 0.000000,
        "runtime" : 0,
        "total_ios" : 0,
        "short_ios" : 0,
        "drop_ios" : 0,
        "slat_ns" : {
          "min" : 0,
          "max" : 0,
          "mean" : 0.000000,
          "stddev" : 0.000000,
          "N" : 0
        },
        "clat_ns" : {
          "min" : 0,
          "max" : 0,
          "mean" : 0.000000,
          "stddev" : 0.000000,
          "N" : 0
        },
        "lat_ns" : {
          "min" : 0,
          "max" : 0,
          "mean" : 0.000000,
          "stddev" : 0.000000,
          "N" : 0
        },
        "bw_min" : 0,
        "bw_max" : 0,
        "bw_agg" : 0.000000,
        "bw_mean" : 0.000000,
        "bw_dev" : 0.000000,
        "bw_samples" : 0,
        "iops_min" : 0,
        "iops_max" : 0,
        "iops_mean" : 0.000000,
        "iops_stddev" : 0.000000,
        "iops_samples" : 0
      },
      "sync" : {
        "total_ios" : 0,
        "lat_ns" : {
          "min" : 0,
          "max" : 0,
          "mean" : 0.000000,
          "stddev" : 0.000000,
          "N" : 0
        }
      },
      "job_runtime" : 30000,
      "usr_cpu" : 8.530000,
      "sys_cpu" : 26.363333,
      "ctx" : 442058,
      "majf" : 0,
      "minf" : 27,
      "iodepth_level" : {
        "1" : 0.100000,
        "2" : 0.100000,
        "4" : 0.100000,
        "8" : 0.100000,
        "16" : 99.999215,
        "32" : 0.000000,
        ">=64" : 0.000000
      },
      "iodepth_submit" : {
        "0" : 0.000000,
        "4" : 100.000000,
        "8" : 0.000000,
        "16" : 0.000000,
        "32" : 0.000000,
        "64" : 0.000000,
        ">=64" : 0.000000
      },
      "iodepth_complete" : {
        "0" : 0.000000,
        "4" : 99.999948,
        "8" : 0.000000,
        "16" : 0.100000,
        "32" : 0.000000,
        "64" : 0.000000,
        ">=64" : 0.000000
      },
      "latency_ns" : {
        "2" : 0.000000,
        "4" : 0.000000,
        "10" : 0.000000,
        "20" : 0.000000,
        "50" : 0.000000,
        "100" : 0.000000,
        "250" : 0.000000,
        "500" : 0.000000,
        "750" : 0.000000,
        "1000" : 0.000000
      },
      "latency_us" : {
        "2" : 0.000000,
        "4" : 0.000000,
        "10" : 0.000000,
        "20" : 0.000000,
        "50" : 0.010000,
        "100" : 0.362106,
        "250" : 60.175487,
        "500" : 37.167202,
        "750" : 2.239492,
        "1000" : 0.045878
      },
      "latency_ms" : {
        "2" : 0.010000,
        "4" : 0.010000,
        "10" : 0.010000,
        "20" : 0.000000,
        "50" : 0.000000,
        "100" : 0.000000,
        "250" : 0.000000,
        "500" : 0.000000,
        "750" : 0.000000,
        "1000" : 0.000000,
        "2000" : 0.000000,
        ">=2000" : 0.000000
      },
      "latency_depth" : 16,
      "latency_target" : 0,
      "latency_percentile" : 100.000000,
      "latency_window" : 0
    }
  ],
  "disk_util" : [
    {
      "name" : "sdd",
      "read_ios" : 1904704,
      "write_ios" : 52,
      "read_sectors" : 15237640,
      "write_sectors" : 8552,
      "read_merges" : 0,
      "write_merges" : 56,
      "read_ticks" : 431565,
      "write_ticks" : 30,
      "in_queue" : 431602,
      "util" : 99.756447
    }
  ]
}
