{
  "fio version" : "fio-3.36",
  "timestamp" : 1775099318,
  "timestamp_ms" : 1775099318856,
  "time" : "Thu Apr  2 11:08:38 2026",
  "jobs" : [
    {
      "jobname" : "queue_1x64_rand_read",
      "groupid" : 0,
      "job_start" : 1775099288806,
      "error" : 0,
      "eta" : 0,
      "elapsed" : 31,
      "job options" : {
        "name" : "queue_1x64_rand_read",
        "filename" : "fio_test_file",
        "rw" : "randread",
        "bs" : "4k",
        "ioengine" : "libaio",
        "numjobs" : "1",
        "iodepth" : "64",
        "size" : "1G",
        "time_based" : "1",
        "runtime" : "30",
        "direct" : "1",
        "group_reporting" : "1"
      },
      "read" : {
        "io_bytes" : 17572204544,
        "io_kbytes" : 17160356,
        "bw_bytes" : 585720627,
        "bw" : 571992,
        "iops" : 142998.200060,
        "runtime" : 30001,
        "total_ios" : 4290089,
        "short_ios" : 0,
        "drop_ios" : 0,
        "slat_ns" : {
          "min" : 904,
          "max" : 1453171,
          "mean" : 1853.661506,
          "stddev" : 3373.016972,
          "N" : 4290089
        },
        "clat_ns" : {
          "min" : 50558,
          "max" : 12152468,
          "mean" : 445365.529281,
          "stddev" : 172995.095182,
          "N" : 4290089,
          "percentile" : {
            "1.000000" : 214016,
            "5.000000" : 268288,
            "10.000000" : 292864,
            "20.000000" : 325632,
            "30.000000" : 358400,
            "40.000000" : 387072,
            "50.000000" : 419840,
            "60.000000" : 444416,
            "70.000000" : 489472,
            "80.000000" : 544768,
            "90.000000" : 634880,
            "95.000000" : 716800,
            "99.000000" : 946176,
            "99.500000" : 1056768,
            "99.900000" : 1269760,
            "99.950000" : 1368064,
            "99.990000" : 7110656
          }
        },
        "lat_ns" : {
          "min" : 100605,
          "max" : 12203117,
          "mean" : 447219.190786,
          "stddev" : 173092.807149,
          "N" : 4290089
        },
        "bw_min" : 529352,
        "bw_max" : 612744,
        "bw_agg" : 100.000000,
        "bw_mean" : 572707.254237,
        "bw_dev" : 21815.993077,
        "bw_samples" : 59,
        "iops_min" : 132338,
        "iops_max" : 153186,
        "iops_mean" : 143176.813559,
        "iops_stddev" : 5453.998269,
        "iops_samples" : 59
      },
      "write" : {
        "io_bytes" : 0,
        "io_kbytes" : 0,
        "bw_bytes" : 0,
        "bw" : 0,
        "iops" : 0.000000,
        "runtime" : 0,
        "total_ios" : 0,
        "short_ios" : 0,
        "drop_ios" : 0,
        "slat_ns" : {
          "min" : 0,
          "max" : 0,
          "mean" : 0.000000,
          "stddev" : 0.000000,
          "N" : 0
        },
        "clat_ns" : {
          "min" : 0,
          "max" : 0,
          "mean" : 0.000000,
          "stddev" : 0.000000,
          "N" : 0
        },
        "lat_ns" : {
          "min" : 0,
          "max" : 0,
          "mean" : 0.000000,
          "stddev" : 0.000000,
          "N" : 0
        },
        "bw_min" : 0,
        "bw_max" : 0,
        "bw_agg" : 0.000000,
        "bw_mean" : 0.000000,
        "bw_dev" : 0.000000,
        "bw_samples" : 0,
        "iops_min" : 0,
        "iops_max" : 0,
        "iops_mean" : 0.000000,
        "iops_stddev" : 0.000000,
        "iops_samples" : 0
      },
      "trim" : {
        "io_bytes" : 0,
        "io_kbytes" : 0,
        "bw_bytes" : 0,
        "bw" : 0,
        "iops" : 0.000000,
        "runtime" : 0,
        "total_ios" : 0,
        "short_ios" : 0,
        "drop_ios" : 0,
        "slat_ns" : {
          "min" : 0,
          "max" : 0,
          "mean" : 0.000000,
          "stddev" : 0.000000,
          "N" : 0
        },
        "clat_ns" : {
          "min" : 0,
          "max" : 0,
          "mean" : 0.000000,
          "stddev" : 0.000000,
          "N" : 0
        },
        "lat_ns" : {
          "min" : 0,
          "max" : 0,
          "mean" : 0.000000,
          "stddev" : 0.000000,
          "N" : 0
        },
        "bw_min" : 0,
        "bw_max" : 0,
        "bw_agg" : 0.000000,
        "bw_mean" : 0.000000,
        "bw_dev" : 0.000000,
        "bw_samples" : 0,
        "iops_min" : 0,
        "iops_max" : 0,
        "iops_mean" : 0.000000,
        "iops_stddev" : 0.000000,
        "iops_samples" : 0
      },
      "sync" : {
        "total_ios" : 0,
        "lat_ns" : {
          "min" : 0,
          "max" : 0,
          "mean" : 0.000000,
          "stddev" : 0.000000,
          "N" : 0
        }
      },
      "job_runtime" : 30000,
      "usr_cpu" : 11.753333,
      "sys_cpu" : 29.740000,
      "ctx" : 267084,
      "majf" : 0,
      "minf" : 75,
      "iodepth_level" : {
        "1" : 0.100000,
        "2" : 0.100000,
        "4" : 0.100000,
        "8" : 0.100000,
        "16" : 0.100000,
        "32" : 0.100000,
        ">=64" : 99.998531
      },
      "iodepth_submit" : {
        "0" : 0.000000,
        "4" : 100.000000,
        "8" : 0.000000,
        "16" : 0.000000,
        "32" : 0.000000,
        "64" : 0.000000,
        ">=64" : 0.000000
      },
      "iodepth_complete" : {
        "0" : 0.000000,
        "4" : 99.999977,
        "8" : 0.000000,
        "16" : 0.000000,
        "32" : 0.000000,
        "64" : 0.100000,
        ">=64" : 0.000000
      },
      "latency_ns" : {
        "2" : 0.000000,
        "4" : 0.000000,
        "10" : 0.000000,
        "20" : 0.000000,
        "50" : 0.000000,
        "100" : 0.000000,
        "250" : 0.000000,
        "500" : 0.000000,
        "750" : 0.000000,
        "1000" : 0.000000
      },
      "latency_us" : {
        "2" : 0.000000,
        "4" : 0.000000,
        "10" : 0.000000,
        "20" : 0.000000,
        "50" : 0.000000,
        "100" : 0.010000,
        "250" : 3.248674,
        "500" : 68.661280,
        "750" : 24.234206,
        "1000" : 3.129562
      },
      "latency_ms" : {
        "2" : 0.709985,
        "4" : 0.010000,
        "10" : 0.012634,
        "20" : 0.010000,
        "50" : 0.000000,
        "100" : 0.000000,
        "250" : 0.000000,
        "500" : 0.000000,
        "750" : 0.000000,
        "1000" : 0.000000,
        "2000" : 0.000000,
        ">=2000" : 0.000000
      },
      "latency_depth" : 64,
      "latency_target" : 0,
      "latency_percentile" : 100.000000,
      "latency_window" : 0
    }
  ],
  "disk_util" : [
    {
      "name" : "sdd",
      "read_ios" : 4275151,
      "write_ios" : 321,
      "read_sectors" : 34201208,
      "write_sectors" : 11192,
      "read_merges" : 0,
      "write_merges" : 53,
      "read_ticks" : 1758591,
      "write_ticks" : 247,
      "in_queue" : 1758854,
      "util" : 99.726430
    }
  ]
}
