{
  "fio version" : "fio-3.36",
  "timestamp" : 1775099645,
  "timestamp_ms" : 1775099645963,
  "time" : "Thu Apr  2 11:14:05 2026",
  "jobs" : [
    {
      "jobname" : "queue_4x1_rand_write",
      "groupid" : 0,
      "job_start" : 1775099615889,
      "error" : 0,
      "eta" : 0,
      "elapsed" : 31,
      "job options" : {
        "name" : "queue_4x1_rand_write",
        "filename" : "fio_test_file",
        "rw" : "randwrite",
        "bs" : "4k",
        "ioengine" : "libaio",
        "numjobs" : "4",
        "iodepth" : "1",
        "size" : "1G",
        "time_based" : "1",
        "runtime" : "30",
        "direct" : "1",
        "group_reporting" : "1"
      },
      "read" : {
        "io_bytes" : 0,
        "io_kbytes" : 0,
        "bw_bytes" : 0,
        "bw" : 0,
        "iops" : 0.000000,
        "runtime" : 0,
        "total_ios" : 0,
        "short_ios" : 0,
        "drop_ios" : 0,
        "slat_ns" : {
          "min" : 0,
          "max" : 0,
          "mean" : 0.000000,
          "stddev" : 0.000000,
          "N" : 0
        },
        "clat_ns" : {
          "min" : 0,
          "max" : 0,
          "mean" : 0.000000,
          "stddev" : 0.000000,
          "N" : 0
        },
        "lat_ns" : {
          "min" : 0,
          "max" : 0,
          "mean" : 0.000000,
          "stddev" : 0.000000,
          "N" : 0
        },
        "bw_min" : 0,
        "bw_max" : 0,
        "bw_agg" : 0.000000,
        "bw_mean" : 0.000000,
        "bw_dev" : 0.000000,
        "bw_samples" : 0,
        "iops_min" : 0,
        "iops_max" : 0,
        "iops_mean" : 0.000000,
        "iops_stddev" : 0.000000,
        "iops_samples" : 0
      },
      "write" : {
        "io_bytes" : 2993561600,
        "io_kbytes" : 2923400,
        "bw_bytes" : 99778734,
        "bw" : 97440,
        "iops" : 24360.042664,
        "runtime" : 30002,
        "total_ios" : 730850,
        "short_ios" : 0,
        "drop_ios" : 0,
        "slat_ns" : {
          "min" : 1470,
          "max" : 271228,
          "mean" : 4854.352124,
          "stddev" : 3039.371341,
          "N" : 730850
        },
        "clat_ns" : {
          "min" : 502,
          "max" : 154348953,
          "mean" : 158460.000369,
          "stddev" : 2377584.881567,
          "N" : 730850,
          "percentile" : {
            "1.000000" : 49920,
            "5.000000" : 54528,
            "10.000000" : 57088,
            "20.000000" : 60160,
            "30.000000" : 62720,
            "40.000000" : 65280,
            "50.000000" : 68096,
            "60.000000" : 71168,
            "70.000000" : 74240,
            "80.000000" : 81408,
            "90.000000" : 101888,
            "95.000000" : 144384,
            "99.000000" : 700416,
            "99.500000" : 929792,
            "99.900000" : 5799936,
            "99.950000" : 66846720,
            "99.990000" : 107479040
          }
        },
        "lat_ns" : {
          "min" : 35978,
          "max" : 154351950,
          "mean" : 163314.352494,
          "stddev" : 2377591.905590,
          "N" : 730850
        },
        "bw_min" : 27656,
        "bw_max" : 167512,
        "bw_agg" : 100.000000,
        "bw_mean" : 98489.355932,
        "bw_dev" : 9204.979893,
        "bw_samples" : 236,
        "iops_min" : 6914,
        "iops_max" : 41878,
        "iops_mean" : 24622.338983,
        "iops_stddev" : 2301.244973,
        "iops_samples" : 236
      },
      "trim" : {
        "io_bytes" : 0,
        "io_kbytes" : 0,
        "bw_bytes" : 0,
        "bw" : 0,
        "iops" : 0.000000,
        "runtime" : 0,
        "total_ios" : 0,
        "short_ios" : 0,
        "drop_ios" : 0,
        "slat_ns" : {
          "min" : 0,
          "max" : 0,
          "mean" : 0.000000,
          "stddev" : 0.000000,
          "N" : 0
        },
        "clat_ns" : {
          "min" : 0,
          "max" : 0,
          "mean" : 0.000000,
          "stddev" : 0.000000,
          "N" : 0
        },
        "lat_ns" : {
          "min" : 0,
          "max" : 0,
          "mean" : 0.000000,
          "stddev" : 0.000000,
          "N" : 0
        },
        "bw_min" : 0,
        "bw_max" : 0,
        "bw_agg" : 0.000000,
        "bw_mean" : 0.000000,
        "bw_dev" : 0.000000,
        "bw_samples" : 0,
        "iops_min" : 0,
        "iops_max" : 0,
        "iops_mean" : 0.000000,
        "iops_stddev" : 0.000000,
        "iops_samples" : 0
      },
      "sync" : {
        "total_ios" : 0,
        "lat_ns" : {
          "min" : 0,
          "max" : 0,
          "mean" : 0.000000,
          "stddev" : 0.000000,
          "N" : 0
        }
      },
      "job_runtime" : 120004,
      "usr_cpu" : 1.792440,
      "sys_cpu" : 5.151495,
      "ctx" : 730846,
      "majf" : 0,
      "minf" : 46,
      "iodepth_level" : {
        "1" : 100.000000,
        "2" : 0.000000,
        "4" : 0.000000,
        "8" : 0.000000,
        "16" : 0.000000,
        "32" : 0.000000,
        ">=64" : 0.000000
      },
      "iodepth_submit" : {
        "0" : 0.000000,
        "4" : 100.000000,
        "8" : 0.000000,
        "16" : 0.000000,
        "32" : 0.000000,
        "64" : 0.000000,
        ">=64" : 0.000000
      },
      "iodepth_complete" : {
        "0" : 0.000000,
        "4" : 100.000000,
        "8" : 0.000000,
        "16" : 0.000000,
        "32" : 0.000000,
        "64" : 0.000000,
        ">=64" : 0.000000
      },
      "latency_ns" : {
        "2" : 0.000000,
        "4" : 0.000000,
        "10" : 0.000000,
        "20" : 0.000000,
        "50" : 0.000000,
        "100" : 0.000000,
        "250" : 0.000000,
        "500" : 0.000000,
        "750" : 0.010000,
        "1000" : 0.010000
      },
      "latency_us" : {
        "2" : 0.010000,
        "4" : 0.000000,
        "10" : 0.000000,
        "20" : 0.010000,
        "50" : 1.073134,
        "100" : 88.361360,
        "250" : 7.786960,
        "500" : 1.031128,
        "750" : 0.896217,
        "1000" : 0.437162
      },
      "latency_ms" : {
        "2" : 0.258466,
        "4" : 0.038585,
        "10" : 0.018882,
        "20" : 0.010000,
        "50" : 0.017514,
        "100" : 0.061162,
        "250" : 0.016009,
        "500" : 0.000000,
        "750" : 0.000000,
        "1000" : 0.000000,
        "2000" : 0.000000,
        ">=2000" : 0.000000
      },
      "latency_depth" : 1,
      "latency_target" : 0,
      "latency_percentile" : 100.000000,
      "latency_window" : 0
    }
  ],
  "disk_util" : [
    {
      "name" : "sdd",
      "read_ios" : 0,
      "write_ios" : 729890,
      "read_sectors" : 0,
      "write_sectors" : 5847976,
      "read_merges" : 0,
      "write_merges" : 80,
      "read_ticks" : 0,
      "write_ticks" : 101416,
      "in_queue" : 101465,
      "util" : 98.082247
    }
  ]
}
