{
  "fio version" : "fio-3.36",
  "timestamp" : 1775099815,
  "timestamp_ms" : 1775099815732,
  "time" : "Thu Apr  2 11:16:55 2026",
  "jobs" : [
    {
      "jobname" : "queue_8x64_rand_write",
      "groupid" : 0,
      "job_start" : 1775099785628,
      "error" : 0,
      "eta" : 0,
      "elapsed" : 31,
      "job options" : {
        "name" : "queue_8x64_rand_write",
        "filename" : "fio_test_file",
        "rw" : "randwrite",
        "bs" : "4k",
        "ioengine" : "libaio",
        "numjobs" : "8",
        "iodepth" : "64",
        "size" : "1G",
        "time_based" : "1",
        "runtime" : "30",
        "direct" : "1",
        "group_reporting" : "1"
      },
      "read" : {
        "io_bytes" : 0,
        "io_kbytes" : 0,
        "bw_bytes" : 0,
        "bw" : 0,
        "iops" : 0.000000,
        "runtime" : 0,
        "total_ios" : 0,
        "short_ios" : 0,
        "drop_ios" : 0,
        "slat_ns" : {
          "min" : 0,
          "max" : 0,
          "mean" : 0.000000,
          "stddev" : 0.000000,
          "N" : 0
        },
        "clat_ns" : {
          "min" : 0,
          "max" : 0,
          "mean" : 0.000000,
          "stddev" : 0.000000,
          "N" : 0
        },
        "lat_ns" : {
          "min" : 0,
          "max" : 0,
          "mean" : 0.000000,
          "stddev" : 0.000000,
          "N" : 0
        },
        "bw_min" : 0,
        "bw_max" : 0,
        "bw_agg" : 0.000000,
        "bw_mean" : 0.000000,
        "bw_dev" : 0.000000,
        "bw_samples" : 0,
        "iops_min" : 0,
        "iops_max" : 0,
        "iops_mean" : 0.000000,
        "iops_stddev" : 0.000000,
        "iops_samples" : 0
      },
      "write" : {
        "io_bytes" : 2879164416,
        "io_kbytes" : 2811684,
        "bw_bytes" : 95917793,
        "bw" : 93669,
        "iops" : 23417.430123,
        "runtime" : 30017,
        "total_ios" : 702921,
        "short_ios" : 0,
        "drop_ios" : 0,
        "slat_ns" : {
          "min" : 929,
          "max" : 81528683,
          "mean" : 5752.378609,
          "stddev" : 300818.191648,
          "N" : 702921
        },
        "clat_ns" : {
          "min" : 214512,
          "max" : 468320964,
          "mean" : 21853682.152055,
          "stddev" : 31579876.595052,
          "N" : 702921,
          "percentile" : {
            "1.000000" : 1908736,
            "5.000000" : 2473984,
            "10.000000" : 2965504,
            "20.000000" : 4145152,
            "30.000000" : 5210112,
            "40.000000" : 6258688,
            "50.000000" : 7634944,
            "60.000000" : 10027008,
            "70.000000" : 14221312,
            "80.000000" : 53215232,
            "90.000000" : 70778880,
            "95.000000" : 77070336,
            "99.000000" : 91750400,
            "99.500000" : 133693440,
            "99.900000" : 379584512,
            "99.950000" : 463470592,
            "99.990000" : 467664896
          }
        },
        "lat_ns" : {
          "min" : 228790,
          "max" : 471176539,
          "mean" : 21859434.530664,
          "stddev" : 31580264.289021,
          "N" : 702921
        },
        "bw_min" : 10688,
        "bw_max" : 313096,
        "bw_agg" : 100.000000,
        "bw_mean" : 94088.135593,
        "bw_dev" : 7738.190691,
        "bw_samples" : 472,
        "iops_min" : 2672,
        "iops_max" : 78274,
        "iops_mean" : 23522.033898,
        "iops_stddev" : 1934.547673,
        "iops_samples" : 472
      },
      "trim" : {
        "io_bytes" : 0,
        "io_kbytes" : 0,
        "bw_bytes" : 0,
        "bw" : 0,
        "iops" : 0.000000,
        "runtime" : 0,
        "total_ios" : 0,
        "short_ios" : 0,
        "drop_ios" : 0,
        "slat_ns" : {
          "min" : 0,
          "max" : 0,
          "mean" : 0.000000,
          "stddev" : 0.000000,
          "N" : 0
        },
        "clat_ns" : {
          "min" : 0,
          "max" : 0,
          "mean" : 0.000000,
          "stddev" : 0.000000,
          "N" : 0
        },
        "lat_ns" : {
          "min" : 0,
          "max" : 0,
          "mean" : 0.000000,
          "stddev" : 0.000000,
          "N" : 0
        },
        "bw_min" : 0,
        "bw_max" : 0,
        "bw_agg" : 0.000000,
        "bw_mean" : 0.000000,
        "bw_dev" : 0.000000,
        "bw_samples" : 0,
        "iops_min" : 0,
        "iops_max" : 0,
        "iops_mean" : 0.000000,
        "iops_stddev" : 0.000000,
        "iops_samples" : 0
      },
      "sync" : {
        "total_ios" : 0,
        "lat_ns" : {
          "min" : 0,
          "max" : 0,
          "mean" : 0.000000,
          "stddev" : 0.000000,
          "N" : 0
        }
      },
      "job_runtime" : 240095,
      "usr_cpu" : 0.658906,
      "sys_cpu" : 1.603532,
      "ctx" : 109563,
      "majf" : 0,
      "minf" : 86,
      "iodepth_level" : {
        "1" : 0.100000,
        "2" : 0.100000,
        "4" : 0.100000,
        "8" : 0.100000,
        "16" : 0.100000,
        "32" : 0.100000,
        ">=64" : 99.928299
      },
      "iodepth_submit" : {
        "0" : 0.000000,
        "4" : 100.000000,
        "8" : 0.000000,
        "16" : 0.000000,
        "32" : 0.000000,
        "64" : 0.000000,
        ">=64" : 0.000000
      },
      "iodepth_complete" : {
        "0" : 0.000000,
        "4" : 99.998861,
        "8" : 0.000000,
        "16" : 0.000000,
        "32" : 0.000000,
        "64" : 0.100000,
        ">=64" : 0.000000
      },
      "latency_ns" : {
        "2" : 0.000000,
        "4" : 0.000000,
        "10" : 0.000000,
        "20" : 0.000000,
        "50" : 0.000000,
        "100" : 0.000000,
        "250" : 0.000000,
        "500" : 0.000000,
        "750" : 0.000000,
        "1000" : 0.000000
      },
      "latency_us" : {
        "2" : 0.000000,
        "4" : 0.000000,
        "10" : 0.000000,
        "20" : 0.000000,
        "50" : 0.000000,
        "100" : 0.000000,
        "250" : 0.010000,
        "500" : 0.010000,
        "750" : 0.026176,
        "1000" : 0.010000
      },
      "latency_ms" : {
        "2" : 1.460619,
        "4" : 17.176752,
        "10" : 41.428553,
        "20" : 15.468737,
        "50" : 3.941695,
        "100" : 19.777614,
        "250" : 0.556819,
        "500" : 0.145678,
        "750" : 0.000000,
        "1000" : 0.000000,
        "2000" : 0.000000,
        ">=2000" : 0.000000
      },
      "latency_depth" : 64,
      "latency_target" : 0,
      "latency_percentile" : 100.000000,
      "latency_window" : 0
    }
  ],
  "disk_util" : [
    {
      "name" : "sdd",
      "read_ios" : 0,
      "write_ios" : 701202,
      "read_sectors" : 0,
      "write_sectors" : 5618728,
      "read_merges" : 0,
      "write_merges" : 95,
      "read_ticks" : 0,
      "write_ticks" : 15183335,
      "in_queue" : 15184040,
      "util" : 100.000000
    }
  ]
}
