{
  "fio version" : "fio-3.36",
  "timestamp" : 1775099379,
  "timestamp_ms" : 1775099379491,
  "time" : "Thu Apr  2 11:09:39 2026",
  "jobs" : [
    {
      "jobname" : "queue_4x16_rand_read",
      "groupid" : 0,
      "job_start" : 1775099349440,
      "error" : 0,
      "eta" : 0,
      "elapsed" : 31,
      "job options" : {
        "name" : "queue_4x16_rand_read",
        "filename" : "fio_test_file",
        "rw" : "randread",
        "bs" : "4k",
        "ioengine" : "libaio",
        "numjobs" : "4",
        "iodepth" : "16",
        "size" : "1G",
        "time_based" : "1",
        "runtime" : "30",
        "direct" : "1",
        "group_reporting" : "1"
      },
      "read" : {
        "io_bytes" : 20774187008,
        "io_kbytes" : 20287292,
        "bw_bytes" : 692449818,
        "bw" : 676220,
        "iops" : 169055.131496,
        "runtime" : 30001,
        "total_ios" : 5071823,
        "short_ios" : 0,
        "drop_ios" : 0,
        "slat_ns" : {
          "min" : 943,
          "max" : 1484013,
          "mean" : 4251.462043,
          "stddev" : 7571.700309,
          "N" : 5071823
        },
        "clat_ns" : {
          "min" : 17714,
          "max" : 12401897,
          "mean" : 373523.707019,
          "stddev" : 172450.495392,
          "N" : 5071823,
          "percentile" : {
            "1.000000" : 144384,
            "5.000000" : 177152,
            "10.000000" : 199680,
            "20.000000" : 234496,
            "30.000000" : 268288,
            "40.000000" : 301056,
            "50.000000" : 337920,
            "60.000000" : 378880,
            "70.000000" : 428032,
            "80.000000" : 493568,
            "90.000000" : 593920,
            "95.000000" : 692224,
            "99.000000" : 888832,
            "99.500000" : 978944,
            "99.900000" : 1171456,
            "99.950000" : 1253376,
            "99.990000" : 1826816
          }
        },
        "lat_ns" : {
          "min" : 82647,
          "max" : 12408279,
          "mean" : 377775.169062,
          "stddev" : 172367.281241,
          "N" : 5071823
        },
        "bw_min" : 605872,
        "bw_max" : 741992,
        "bw_agg" : 100.000000,
        "bw_mean" : 676692.610169,
        "bw_dev" : 6974.294904,
        "bw_samples" : 236,
        "iops_min" : 151468,
        "iops_max" : 185498,
        "iops_mean" : 169173.152542,
        "iops_stddev" : 1743.573726,
        "iops_samples" : 236
      },
      "write" : {
        "io_bytes" : 0,
        "io_kbytes" : 0,
        "bw_bytes" : 0,
        "bw" : 0,
        "iops" : 0.000000,
        "runtime" : 0,
        "total_ios" : 0,
        "short_ios" : 0,
        "drop_ios" : 0,
        "slat_ns" : {
          "min" : 0,
          "max" : 0,
          "mean" : 0.000000,
          "stddev" : 0.000000,
          "N" : 0
        },
        "clat_ns" : {
          "min" : 0,
          "max" : 0,
          "mean" : 0.000000,
          "stddev" : 0.000000,
          "N" : 0
        },
        "lat_ns" : {
          "min" : 0,
          "max" : 0,
          "mean" : 0.000000,
          "stddev" : 0.000000,
          "N" : 0
        },
        "bw_min" : 0,
        "bw_max" : 0,
        "bw_agg" : 0.000000,
        "bw_mean" : 0.000000,
        "bw_dev" : 0.000000,
        "bw_samples" : 0,
        "iops_min" : 0,
        "iops_max" : 0,
        "iops_mean" : 0.000000,
        "iops_stddev" : 0.000000,
        "iops_samples" : 0
      },
      "trim" : {
        "io_bytes" : 0,
        "io_kbytes" : 0,
        "bw_bytes" : 0,
        "bw" : 0,
        "iops" : 0.000000,
        "runtime" : 0,
        "total_ios" : 0,
        "short_ios" : 0,
        "drop_ios" : 0,
        "slat_ns" : {
          "min" : 0,
          "max" : 0,
          "mean" : 0.000000,
          "stddev" : 0.000000,
          "N" : 0
        },
        "clat_ns" : {
          "min" : 0,
          "max" : 0,
          "mean" : 0.000000,
          "stddev" : 0.000000,
          "N" : 0
        },
        "lat_ns" : {
          "min" : 0,
          "max" : 0,
          "mean" : 0.000000,
          "stddev" : 0.000000,
          "N" : 0
        },
        "bw_min" : 0,
        "bw_max" : 0,
        "bw_agg" : 0.000000,
        "bw_mean" : 0.000000,
        "bw_dev" : 0.000000,
        "bw_samples" : 0,
        "iops_min" : 0,
        "iops_max" : 0,
        "iops_mean" : 0.000000,
        "iops_stddev" : 0.000000,
        "iops_samples" : 0
      },
      "sync" : {
        "total_ios" : 0,
        "lat_ns" : {
          "min" : 0,
          "max" : 0,
          "mean" : 0.000000,
          "stddev" : 0.000000,
          "N" : 0
        }
      },
      "job_runtime" : 120000,
      "usr_cpu" : 8.329167,
      "sys_cpu" : 26.602500,
      "ctx" : 1434213,
      "majf" : 0,
      "minf" : 115,
      "iodepth_level" : {
        "1" : 0.100000,
        "2" : 0.100000,
        "4" : 0.100000,
        "8" : 0.100000,
        "16" : 99.998817,
        "32" : 0.000000,
        ">=64" : 0.000000
      },
      "iodepth_submit" : {
        "0" : 0.000000,
        "4" : 100.000000,
        "8" : 0.000000,
        "16" : 0.000000,
        "32" : 0.000000,
        "64" : 0.000000,
        ">=64" : 0.000000
      },
      "iodepth_complete" : {
        "0" : 0.000000,
        "4" : 99.999921,
        "8" : 0.000000,
        "16" : 0.100000,
        "32" : 0.000000,
        "64" : 0.000000,
        ">=64" : 0.000000
      },
      "latency_ns" : {
        "2" : 0.000000,
        "4" : 0.000000,
        "10" : 0.000000,
        "20" : 0.000000,
        "50" : 0.000000,
        "100" : 0.000000,
        "250" : 0.000000,
        "500" : 0.000000,
        "750" : 0.000000,
        "1000" : 0.000000
      },
      "latency_us" : {
        "2" : 0.000000,
        "4" : 0.000000,
        "10" : 0.000000,
        "20" : 0.010000,
        "50" : 0.010000,
        "100" : 0.015281,
        "250" : 24.727066,
        "500" : 55.962974,
        "750" : 16.126174,
        "1000" : 2.762340
      },
      "latency_ms" : {
        "2" : 0.397017,
        "4" : 0.010000,
        "10" : 0.010000,
        "20" : 0.010000,
        "50" : 0.000000,
        "100" : 0.000000,
        "250" : 0.000000,
        "500" : 0.000000,
        "750" : 0.000000,
        "1000" : 0.000000,
        "2000" : 0.000000,
        ">=2000" : 0.000000
      },
      "latency_depth" : 16,
      "latency_target" : 0,
      "latency_percentile" : 100.000000,
      "latency_window" : 0
    }
  ],
  "disk_util" : [
    {
      "name" : "sdd",
      "read_ios" : 5054234,
      "write_ios" : 57,
      "read_sectors" : 40433888,
      "write_sectors" : 8608,
      "read_merges" : 0,
      "write_merges" : 66,
      "read_ticks" : 1766604,
      "write_ticks" : 50,
      "in_queue" : 1766674,
      "util" : 100.000000
    }
  ]
}
