{
  "fio version" : "fio-3.36",
  "timestamp" : 1775099349,
  "timestamp_ms" : 1775099349182,
  "time" : "Thu Apr  2 11:09:09 2026",
  "jobs" : [
    {
      "jobname" : "queue_4x1_rand_read",
      "groupid" : 0,
      "job_start" : 1775099319117,
      "error" : 0,
      "eta" : 0,
      "elapsed" : 31,
      "job options" : {
        "name" : "queue_4x1_rand_read",
        "filename" : "fio_test_file",
        "rw" : "randread",
        "bs" : "4k",
        "ioengine" : "libaio",
        "numjobs" : "4",
        "iodepth" : "1",
        "size" : "1G",
        "time_based" : "1",
        "runtime" : "30",
        "direct" : "1",
        "group_reporting" : "1"
      },
      "read" : {
        "io_bytes" : 2666307584,
        "io_kbytes" : 2603816,
        "bw_bytes" : 88873957,
        "bw" : 86790,
        "iops" : 21697.743409,
        "runtime" : 30001,
        "total_ios" : 650954,
        "short_ios" : 0,
        "drop_ios" : 0,
        "slat_ns" : {
          "min" : 1583,
          "max" : 685365,
          "mean" : 8239.583390,
          "stddev" : 7429.837159,
          "N" : 650954
        },
        "clat_ns" : {
          "min" : 577,
          "max" : 3756520,
          "mean" : 174666.636824,
          "stddev" : 50774.482534,
          "N" : 650954,
          "percentile" : {
            "1.000000" : 102912,
            "5.000000" : 113152,
            "10.000000" : 121344,
            "20.000000" : 140288,
            "30.000000" : 148480,
            "40.000000" : 156672,
            "50.000000" : 162816,
            "60.000000" : 173056,
            "70.000000" : 187392,
            "80.000000" : 207872,
            "90.000000" : 236544,
            "95.000000" : 264192,
            "99.000000" : 329728,
            "99.500000" : 362496,
            "99.900000" : 460800,
            "99.950000" : 528384,
            "99.990000" : 946176
          }
        },
        "lat_ns" : {
          "min" : 86270,
          "max" : 3856564,
          "mean" : 182906.220214,
          "stddev" : 52971.315424,
          "N" : 650954
        },
        "bw_min" : 74936,
        "bw_max" : 97912,
        "bw_agg" : 99.847941,
        "bw_mean" : 86659.983051,
        "bw_dev" : 971.948748,
        "bw_samples" : 236,
        "iops_min" : 18734,
        "iops_max" : 24478,
        "iops_mean" : 21664.983051,
        "iops_stddev" : 242.986314,
        "iops_samples" : 236
      },
      "write" : {
        "io_bytes" : 0,
        "io_kbytes" : 0,
        "bw_bytes" : 0,
        "bw" : 0,
        "iops" : 0.000000,
        "runtime" : 0,
        "total_ios" : 0,
        "short_ios" : 0,
        "drop_ios" : 0,
        "slat_ns" : {
          "min" : 0,
          "max" : 0,
          "mean" : 0.000000,
          "stddev" : 0.000000,
          "N" : 0
        },
        "clat_ns" : {
          "min" : 0,
          "max" : 0,
          "mean" : 0.000000,
          "stddev" : 0.000000,
          "N" : 0
        },
        "lat_ns" : {
          "min" : 0,
          "max" : 0,
          "mean" : 0.000000,
          "stddev" : 0.000000,
          "N" : 0
        },
        "bw_min" : 0,
        "bw_max" : 0,
        "bw_agg" : 0.000000,
        "bw_mean" : 0.000000,
        "bw_dev" : 0.000000,
        "bw_samples" : 0,
        "iops_min" : 0,
        "iops_max" : 0,
        "iops_mean" : 0.000000,
        "iops_stddev" : 0.000000,
        "iops_samples" : 0
      },
      "trim" : {
        "io_bytes" : 0,
        "io_kbytes" : 0,
        "bw_bytes" : 0,
        "bw" : 0,
        "iops" : 0.000000,
        "runtime" : 0,
        "total_ios" : 0,
        "short_ios" : 0,
        "drop_ios" : 0,
        "slat_ns" : {
          "min" : 0,
          "max" : 0,
          "mean" : 0.000000,
          "stddev" : 0.000000,
          "N" : 0
        },
        "clat_ns" : {
          "min" : 0,
          "max" : 0,
          "mean" : 0.000000,
          "stddev" : 0.000000,
          "N" : 0
        },
        "lat_ns" : {
          "min" : 0,
          "max" : 0,
          "mean" : 0.000000,
          "stddev" : 0.000000,
          "N" : 0
        },
        "bw_min" : 0,
        "bw_max" : 0,
        "bw_agg" : 0.000000,
        "bw_mean" : 0.000000,
        "bw_dev" : 0.000000,
        "bw_samples" : 0,
        "iops_min" : 0,
        "iops_max" : 0,
        "iops_mean" : 0.000000,
        "iops_stddev" : 0.000000,
        "iops_samples" : 0
      },
      "sync" : {
        "total_ios" : 0,
        "lat_ns" : {
          "min" : 0,
          "max" : 0,
          "mean" : 0.000000,
          "stddev" : 0.000000,
          "N" : 0
        }
      },
      "job_runtime" : 120000,
      "usr_cpu" : 2.305833,
      "sys_cpu" : 8.046667,
      "ctx" : 650970,
      "majf" : 0,
      "minf" : 50,
      "iodepth_level" : {
        "1" : 100.000000,
        "2" : 0.000000,
        "4" : 0.000000,
        "8" : 0.000000,
        "16" : 0.000000,
        "32" : 0.000000,
        ">=64" : 0.000000
      },
      "iodepth_submit" : {
        "0" : 0.000000,
        "4" : 100.000000,
        "8" : 0.000000,
        "16" : 0.000000,
        "32" : 0.000000,
        "64" : 0.000000,
        ">=64" : 0.000000
      },
      "iodepth_complete" : {
        "0" : 0.000000,
        "4" : 100.000000,
        "8" : 0.000000,
        "16" : 0.000000,
        "32" : 0.000000,
        "64" : 0.000000,
        ">=64" : 0.000000
      },
      "latency_ns" : {
        "2" : 0.000000,
        "4" : 0.000000,
        "10" : 0.000000,
        "20" : 0.000000,
        "50" : 0.000000,
        "100" : 0.000000,
        "250" : 0.000000,
        "500" : 0.000000,
        "750" : 0.010000,
        "1000" : 0.010000
      },
      "latency_us" : {
        "2" : 0.010000,
        "4" : 0.010000,
        "10" : 0.000000,
        "20" : 0.000000,
        "50" : 0.010000,
        "100" : 0.475917,
        "250" : 92.388709,
        "500" : 7.069624,
        "750" : 0.046393,
        "1000" : 0.010000
      },
      "latency_ms" : {
        "2" : 0.010000,
        "4" : 0.010000,
        "10" : 0.000000,
        "20" : 0.000000,
        "50" : 0.000000,
        "100" : 0.000000,
        "250" : 0.000000,
        "500" : 0.000000,
        "750" : 0.000000,
        "1000" : 0.000000,
        "2000" : 0.000000,
        ">=2000" : 0.000000
      },
      "latency_depth" : 1,
      "latency_target" : 0,
      "latency_percentile" : 100.000000,
      "latency_window" : 0
    }
  ],
  "disk_util" : [
    {
      "name" : "sdd",
      "read_ios" : 648348,
      "write_ios" : 54,
      "read_sectors" : 5186784,
      "write_sectors" : 8480,
      "read_merges" : 0,
      "write_merges" : 66,
      "read_ticks" : 106365,
      "write_ticks" : 25,
      "in_queue" : 106395,
      "util" : 100.000000
    }
  ]
}
