{
  "fio version" : "fio-3.36",
  "timestamp" : 1775099718,
  "timestamp_ms" : 1775099718988,
  "time" : "Thu Apr  2 11:15:18 2026",
  "jobs" : [
    {
      "jobname" : "queue_4x64_rand_write",
      "groupid" : 0,
      "job_start" : 1775099676606,
      "error" : 0,
      "eta" : 0,
      "elapsed" : 31,
      "job options" : {
        "name" : "queue_4x64_rand_write",
        "filename" : "fio_test_file",
        "rw" : "randwrite",
        "bs" : "4k",
        "ioengine" : "libaio",
        "numjobs" : "4",
        "iodepth" : "64",
        "size" : "1G",
        "time_based" : "1",
        "runtime" : "30",
        "direct" : "1",
        "group_reporting" : "1"
      },
      "read" : {
        "io_bytes" : 0,
        "io_kbytes" : 0,
        "bw_bytes" : 0,
        "bw" : 0,
        "iops" : 0.000000,
        "runtime" : 0,
        "total_ios" : 0,
        "short_ios" : 0,
        "drop_ios" : 0,
        "slat_ns" : {
          "min" : 0,
          "max" : 0,
          "mean" : 0.000000,
          "stddev" : 0.000000,
          "N" : 0
        },
        "clat_ns" : {
          "min" : 0,
          "max" : 0,
          "mean" : 0.000000,
          "stddev" : 0.000000,
          "N" : 0
        },
        "lat_ns" : {
          "min" : 0,
          "max" : 0,
          "mean" : 0.000000,
          "stddev" : 0.000000,
          "N" : 0
        },
        "bw_min" : 0,
        "bw_max" : 0,
        "bw_agg" : 0.000000,
        "bw_mean" : 0.000000,
        "bw_dev" : 0.000000,
        "bw_samples" : 0,
        "iops_min" : 0,
        "iops_max" : 0,
        "iops_mean" : 0.000000,
        "iops_stddev" : 0.000000,
        "iops_samples" : 0
      },
      "write" : {
        "io_bytes" : 2849906688,
        "io_kbytes" : 2783112,
        "bw_bytes" : 94813583,
        "bw" : 92591,
        "iops" : 23147.847495,
        "runtime" : 30058,
        "total_ios" : 695778,
        "short_ios" : 0,
        "drop_ios" : 0,
        "slat_ns" : {
          "min" : 900,
          "max" : 12413378,
          "mean" : 2942.179495,
          "stddev" : 30197.765096,
          "N" : 695778
        },
        "clat_ns" : {
          "min" : 186987,
          "max" : 380913769,
          "mean" : 11055391.587426,
          "stddev" : 22053274.022735,
          "N" : 695778,
          "percentile" : {
            "1.000000" : 1286144,
            "5.000000" : 1515520,
            "10.000000" : 1679360,
            "20.000000" : 1941504,
            "30.000000" : 2310144,
            "40.000000" : 3063808,
            "50.000000" : 3817472,
            "60.000000" : 4620288,
            "70.000000" : 5472256,
            "80.000000" : 6914048,
            "90.000000" : 25296896,
            "95.000000" : 69730304,
            "99.000000" : 90701824,
            "99.500000" : 95944704,
            "99.900000" : 113770496,
            "99.950000" : 250609664,
            "99.990000" : 379584512
          }
        },
        "lat_ns" : {
          "min" : 189013,
          "max" : 380915542,
          "mean" : 11058333.766921,
          "stddev" : 22053119.900225,
          "N" : 695778
        },
        "bw_min" : 25720,
        "bw_max" : 323430,
        "bw_agg" : 100.000000,
        "bw_mean" : 92825.950000,
        "bw_dev" : 15993.478832,
        "bw_samples" : 240,
        "iops_min" : 6430,
        "iops_max" : 80855,
        "iops_mean" : 23205.783333,
        "iops_stddev" : 3998.347821,
        "iops_samples" : 240
      },
      "trim" : {
        "io_bytes" : 0,
        "io_kbytes" : 0,
        "bw_bytes" : 0,
        "bw" : 0,
        "iops" : 0.000000,
        "runtime" : 0,
        "total_ios" : 0,
        "short_ios" : 0,
        "drop_ios" : 0,
        "slat_ns" : {
          "min" : 0,
          "max" : 0,
          "mean" : 0.000000,
          "stddev" : 0.000000,
          "N" : 0
        },
        "clat_ns" : {
          "min" : 0,
          "max" : 0,
          "mean" : 0.000000,
          "stddev" : 0.000000,
          "N" : 0
        },
        "lat_ns" : {
          "min" : 0,
          "max" : 0,
          "mean" : 0.000000,
          "stddev" : 0.000000,
          "N" : 0
        },
        "bw_min" : 0,
        "bw_max" : 0,
        "bw_agg" : 0.000000,
        "bw_mean" : 0.000000,
        "bw_dev" : 0.000000,
        "bw_samples" : 0,
        "iops_min" : 0,
        "iops_max" : 0,
        "iops_mean" : 0.000000,
        "iops_stddev" : 0.000000,
        "iops_samples" : 0
      },
      "sync" : {
        "total_ios" : 0,
        "lat_ns" : {
          "min" : 0,
          "max" : 0,
          "mean" : 0.000000,
          "stddev" : 0.000000,
          "N" : 0
        }
      },
      "job_runtime" : 120228,
      "usr_cpu" : 0.872509,
      "sys_cpu" : 2.061916,
      "ctx" : 58661,
      "majf" : 0,
      "minf" : 46,
      "iodepth_level" : {
        "1" : 0.100000,
        "2" : 0.100000,
        "4" : 0.100000,
        "8" : 0.100000,
        "16" : 0.100000,
        "32" : 0.100000,
        ">=64" : 99.963782
      },
      "iodepth_submit" : {
        "0" : 0.000000,
        "4" : 100.000000,
        "8" : 0.000000,
        "16" : 0.000000,
        "32" : 0.000000,
        "64" : 0.000000,
        ">=64" : 0.000000
      },
      "iodepth_complete" : {
        "0" : 0.000000,
        "4" : 99.999425,
        "8" : 0.000000,
        "16" : 0.000000,
        "32" : 0.000000,
        "64" : 0.100000,
        ">=64" : 0.000000
      },
      "latency_ns" : {
        "2" : 0.000000,
        "4" : 0.000000,
        "10" : 0.000000,
        "20" : 0.000000,
        "50" : 0.000000,
        "100" : 0.000000,
        "250" : 0.000000,
        "500" : 0.000000,
        "750" : 0.000000,
        "1000" : 0.000000
      },
      "latency_us" : {
        "2" : 0.000000,
        "4" : 0.000000,
        "10" : 0.000000,
        "20" : 0.000000,
        "50" : 0.000000,
        "100" : 0.000000,
        "250" : 0.010000,
        "500" : 0.024864,
        "750" : 0.026445,
        "1000" : 0.062232
      },
      "latency_ms" : {
        "2" : 21.727189,
        "4" : 30.407113,
        "10" : 32.238156,
        "20" : 5.196629,
        "50" : 1.231571,
        "100" : 8.852393,
        "250" : 0.169882,
        "500" : 0.060364,
        "750" : 0.000000,
        "1000" : 0.000000,
        "2000" : 0.000000,
        ">=2000" : 0.000000
      },
      "latency_depth" : 64,
      "latency_target" : 0,
      "latency_percentile" : 100.000000,
      "latency_window" : 0
    }
  ],
  "disk_util" : [
    {
      "name" : "sdd",
      "read_ios" : 0,
      "write_ios" : 695576,
      "read_sectors" : 0,
      "write_sectors" : 5573112,
      "read_merges" : 0,
      "write_merges" : 83,
      "read_ticks" : 0,
      "write_ticks" : 7962678,
      "in_queue" : 7963055,
      "util" : 100.000000
    }
  ]
}
