{
  "fio version" : "fio-3.36",
  "timestamp" : 1775099676,
  "timestamp_ms" : 1775099676348,
  "time" : "Thu Apr  2 11:14:36 2026",
  "jobs" : [
    {
      "jobname" : "queue_4x16_rand_write",
      "groupid" : 0,
      "job_start" : 1775099646227,
      "error" : 0,
      "eta" : 0,
      "elapsed" : 31,
      "job options" : {
        "name" : "queue_4x16_rand_write",
        "filename" : "fio_test_file",
        "rw" : "randwrite",
        "bs" : "4k",
        "ioengine" : "libaio",
        "numjobs" : "4",
        "iodepth" : "16",
        "size" : "1G",
        "time_based" : "1",
        "runtime" : "30",
        "direct" : "1",
        "group_reporting" : "1"
      },
      "read" : {
        "io_bytes" : 0,
        "io_kbytes" : 0,
        "bw_bytes" : 0,
        "bw" : 0,
        "iops" : 0.000000,
        "runtime" : 0,
        "total_ios" : 0,
        "short_ios" : 0,
        "drop_ios" : 0,
        "slat_ns" : {
          "min" : 0,
          "max" : 0,
          "mean" : 0.000000,
          "stddev" : 0.000000,
          "N" : 0
        },
        "clat_ns" : {
          "min" : 0,
          "max" : 0,
          "mean" : 0.000000,
          "stddev" : 0.000000,
          "N" : 0
        },
        "lat_ns" : {
          "min" : 0,
          "max" : 0,
          "mean" : 0.000000,
          "stddev" : 0.000000,
          "N" : 0
        },
        "bw_min" : 0,
        "bw_max" : 0,
        "bw_agg" : 0.000000,
        "bw_mean" : 0.000000,
        "bw_dev" : 0.000000,
        "bw_samples" : 0,
        "iops_min" : 0,
        "iops_max" : 0,
        "iops_mean" : 0.000000,
        "iops_stddev" : 0.000000,
        "iops_samples" : 0
      },
      "write" : {
        "io_bytes" : 1686376448,
        "io_kbytes" : 1646852,
        "bw_bytes" : 56098481,
        "bw" : 54783,
        "iops" : 13695.918299,
        "runtime" : 30061,
        "total_ios" : 411713,
        "short_ios" : 0,
        "drop_ios" : 0,
        "slat_ns" : {
          "min" : 869,
          "max" : 2311284,
          "mean" : 2814.787685,
          "stddev" : 8064.382436,
          "N" : 411713
        },
        "clat_ns" : {
          "min" : 31475,
          "max" : 235827918,
          "mean" : 4669464.601589,
          "stddev" : 18056964.363724,
          "N" : 411713,
          "percentile" : {
            "1.000000" : 86528,
            "5.000000" : 132096,
            "10.000000" : 164864,
            "20.000000" : 228352,
            "30.000000" : 346112,
            "40.000000" : 929792,
            "50.000000" : 1466368,
            "60.000000" : 1744896,
            "70.000000" : 1990656,
            "80.000000" : 2408448,
            "90.000000" : 2998272,
            "95.000000" : 4489216,
            "99.000000" : 107479040,
            "99.500000" : 128450560,
            "99.900000" : 158334976,
            "99.950000" : 162529280,
            "99.990000" : 235929600
          }
        },
        "lat_ns" : {
          "min" : 49922,
          "max" : 235829606,
          "mean" : 4672279.389274,
          "stddev" : 18056903.608288,
          "N" : 411713
        },
        "bw_min" : 31952,
        "bw_max" : 110176,
        "bw_agg" : 100.000000,
        "bw_mean" : 54886.533333,
        "bw_dev" : 3365.321638,
        "bw_samples" : 240,
        "iops_min" : 7988,
        "iops_max" : 27544,
        "iops_mean" : 13721.633333,
        "iops_stddev" : 841.330409,
        "iops_samples" : 240
      },
      "trim" : {
        "io_bytes" : 0,
        "io_kbytes" : 0,
        "bw_bytes" : 0,
        "bw" : 0,
        "iops" : 0.000000,
        "runtime" : 0,
        "total_ios" : 0,
        "short_ios" : 0,
        "drop_ios" : 0,
        "slat_ns" : {
          "min" : 0,
          "max" : 0,
          "mean" : 0.000000,
          "stddev" : 0.000000,
          "N" : 0
        },
        "clat_ns" : {
          "min" : 0,
          "max" : 0,
          "mean" : 0.000000,
          "stddev" : 0.000000,
          "N" : 0
        },
        "lat_ns" : {
          "min" : 0,
          "max" : 0,
          "mean" : 0.000000,
          "stddev" : 0.000000,
          "N" : 0
        },
        "bw_min" : 0,
        "bw_max" : 0,
        "bw_agg" : 0.000000,
        "bw_mean" : 0.000000,
        "bw_dev" : 0.000000,
        "bw_samples" : 0,
        "iops_min" : 0,
        "iops_max" : 0,
        "iops_mean" : 0.000000,
        "iops_stddev" : 0.000000,
        "iops_samples" : 0
      },
      "sync" : {
        "total_ios" : 0,
        "lat_ns" : {
          "min" : 0,
          "max" : 0,
          "mean" : 0.000000,
          "stddev" : 0.000000,
          "N" : 0
        }
      },
      "job_runtime" : 120240,
      "usr_cpu" : 0.520625,
      "sys_cpu" : 1.329840,
      "ctx" : 64034,
      "majf" : 0,
      "minf" : 45,
      "iodepth_level" : {
        "1" : 0.100000,
        "2" : 0.100000,
        "4" : 0.100000,
        "8" : 0.100000,
        "16" : 99.985427,
        "32" : 0.000000,
        ">=64" : 0.000000
      },
      "iodepth_submit" : {
        "0" : 0.000000,
        "4" : 100.000000,
        "8" : 0.000000,
        "16" : 0.000000,
        "32" : 0.000000,
        "64" : 0.000000,
        ">=64" : 0.000000
      },
      "iodepth_complete" : {
        "0" : 0.000000,
        "4" : 99.999028,
        "8" : 0.000000,
        "16" : 0.100000,
        "32" : 0.000000,
        "64" : 0.000000,
        ">=64" : 0.000000
      },
      "latency_ns" : {
        "2" : 0.000000,
        "4" : 0.000000,
        "10" : 0.000000,
        "20" : 0.000000,
        "50" : 0.000000,
        "100" : 0.000000,
        "250" : 0.000000,
        "500" : 0.000000,
        "750" : 0.000000,
        "1000" : 0.000000
      },
      "latency_us" : {
        "2" : 0.000000,
        "4" : 0.000000,
        "10" : 0.000000,
        "20" : 0.000000,
        "50" : 0.010000,
        "100" : 1.844246,
        "250" : 21.021197,
        "500" : 11.116482,
        "750" : 3.540087,
        "1000" : 3.404556
      },
      "latency_ms" : {
        "2" : 29.306580,
        "4" : 24.333213,
        "10" : 1.661594,
        "20" : 0.173908,
        "50" : 0.248717,
        "100" : 2.114094,
        "250" : 1.228040,
        "500" : 0.000000,
        "750" : 0.000000,
        "1000" : 0.000000,
        "2000" : 0.000000,
        ">=2000" : 0.000000
      },
      "latency_depth" : 16,
      "latency_target" : 0,
      "latency_percentile" : 100.000000,
      "latency_window" : 0
    }
  ],
  "disk_util" : [
    {
      "name" : "sdd",
      "read_ios" : 0,
      "write_ios" : 410377,
      "read_sectors" : 0,
      "write_sectors" : 3291360,
      "read_merges" : 0,
      "write_merges" : 85,
      "read_ticks" : 0,
      "write_ticks" : 1885056,
      "in_queue" : 1885162,
      "util" : 100.000000
    }
  ]
}
