{
  "fio version" : "fio-3.36",
  "timestamp" : 1775099615,
  "timestamp_ms" : 1775099615638,
  "time" : "Thu Apr  2 11:13:35 2026",
  "jobs" : [
    {
      "jobname" : "queue_1x64_rand_write",
      "groupid" : 0,
      "job_start" : 1775099585594,
      "error" : 0,
      "eta" : 0,
      "elapsed" : 31,
      "job options" : {
        "name" : "queue_1x64_rand_write",
        "filename" : "fio_test_file",
        "rw" : "randwrite",
        "bs" : "4k",
        "ioengine" : "libaio",
        "numjobs" : "1",
        "iodepth" : "64",
        "size" : "1G",
        "time_based" : "1",
        "runtime" : "30",
        "direct" : "1",
        "group_reporting" : "1"
      },
      "read" : {
        "io_bytes" : 0,
        "io_kbytes" : 0,
        "bw_bytes" : 0,
        "bw" : 0,
        "iops" : 0.000000,
        "runtime" : 0,
        "total_ios" : 0,
        "short_ios" : 0,
        "drop_ios" : 0,
        "slat_ns" : {
          "min" : 0,
          "max" : 0,
          "mean" : 0.000000,
          "stddev" : 0.000000,
          "N" : 0
        },
        "clat_ns" : {
          "min" : 0,
          "max" : 0,
          "mean" : 0.000000,
          "stddev" : 0.000000,
          "N" : 0
        },
        "lat_ns" : {
          "min" : 0,
          "max" : 0,
          "mean" : 0.000000,
          "stddev" : 0.000000,
          "N" : 0
        },
        "bw_min" : 0,
        "bw_max" : 0,
        "bw_agg" : 0.000000,
        "bw_mean" : 0.000000,
        "bw_dev" : 0.000000,
        "bw_samples" : 0,
        "iops_min" : 0,
        "iops_max" : 0,
        "iops_mean" : 0.000000,
        "iops_stddev" : 0.000000,
        "iops_samples" : 0
      },
      "write" : {
        "io_bytes" : 5352513536,
        "io_kbytes" : 5227064,
        "bw_bytes" : 178411170,
        "bw" : 174229,
        "iops" : 43557.414753,
        "runtime" : 30001,
        "total_ios" : 1306766,
        "short_ios" : 0,
        "drop_ios" : 0,
        "slat_ns" : {
          "min" : 829,
          "max" : 2239105,
          "mean" : 1537.697518,
          "stddev" : 2682.579534,
          "N" : 1306766
        },
        "clat_ns" : {
          "min" : 67623,
          "max" : 1329850410,
          "mean" : 1467468.462002,
          "stddev" : 15795318.785308,
          "N" : 1306766,
          "percentile" : {
            "1.000000" : 109056,
            "5.000000" : 177152,
            "10.000000" : 240640,
            "20.000000" : 370688,
            "30.000000" : 593920,
            "40.000000" : 765952,
            "50.000000" : 839680,
            "60.000000" : 1253376,
            "70.000000" : 1499136,
            "80.000000" : 1777664,
            "90.000000" : 2211840,
            "95.000000" : 2506752,
            "99.000000" : 4292608,
            "99.500000" : 5734400,
            "99.900000" : 60555264,
            "99.950000" : 70778880,
            "99.990000" : 809500672
          }
        },
        "lat_ns" : {
          "min" : 68941,
          "max" : 1329851537,
          "mean" : 1469006.159520,
          "stddev" : 15795315.569123,
          "N" : 1306766
        },
        "bw_min" : 70248,
        "bw_max" : 315368,
        "bw_agg" : 100.000000,
        "bw_mean" : 194934.188679,
        "bw_dev" : 52692.843657,
        "bw_samples" : 53,
        "iops_min" : 17562,
        "iops_max" : 78842,
        "iops_mean" : 48733.509434,
        "iops_stddev" : 13173.158367,
        "iops_samples" : 53
      },
      "trim" : {
        "io_bytes" : 0,
        "io_kbytes" : 0,
        "bw_bytes" : 0,
        "bw" : 0,
        "iops" : 0.000000,
        "runtime" : 0,
        "total_ios" : 0,
        "short_ios" : 0,
        "drop_ios" : 0,
        "slat_ns" : {
          "min" : 0,
          "max" : 0,
          "mean" : 0.000000,
          "stddev" : 0.000000,
          "N" : 0
        },
        "clat_ns" : {
          "min" : 0,
          "max" : 0,
          "mean" : 0.000000,
          "stddev" : 0.000000,
          "N" : 0
        },
        "lat_ns" : {
          "min" : 0,
          "max" : 0,
          "mean" : 0.000000,
          "stddev" : 0.000000,
          "N" : 0
        },
        "bw_min" : 0,
        "bw_max" : 0,
        "bw_agg" : 0.000000,
        "bw_mean" : 0.000000,
        "bw_dev" : 0.000000,
        "bw_samples" : 0,
        "iops_min" : 0,
        "iops_max" : 0,
        "iops_mean" : 0.000000,
        "iops_stddev" : 0.000000,
        "iops_samples" : 0
      },
      "sync" : {
        "total_ios" : 0,
        "lat_ns" : {
          "min" : 0,
          "max" : 0,
          "mean" : 0.000000,
          "stddev" : 0.000000,
          "N" : 0
        }
      },
      "job_runtime" : 30000,
      "usr_cpu" : 3.513333,
      "sys_cpu" : 8.830000,
      "ctx" : 243106,
      "majf" : 0,
      "minf" : 13,
      "iodepth_level" : {
        "1" : 0.100000,
        "2" : 0.100000,
        "4" : 0.100000,
        "8" : 0.100000,
        "16" : 0.100000,
        "32" : 0.100000,
        ">=64" : 99.995179
      },
      "iodepth_submit" : {
        "0" : 0.000000,
        "4" : 100.000000,
        "8" : 0.000000,
        "16" : 0.000000,
        "32" : 0.000000,
        "64" : 0.000000,
        ">=64" : 0.000000
      },
      "iodepth_complete" : {
        "0" : 0.000000,
        "4" : 99.999923,
        "8" : 0.000000,
        "16" : 0.000000,
        "32" : 0.000000,
        "64" : 0.100000,
        ">=64" : 0.000000
      },
      "latency_ns" : {
        "2" : 0.000000,
        "4" : 0.000000,
        "10" : 0.000000,
        "20" : 0.000000,
        "50" : 0.000000,
        "100" : 0.000000,
        "250" : 0.000000,
        "500" : 0.000000,
        "750" : 0.000000,
        "1000" : 0.000000
      },
      "latency_us" : {
        "2" : 0.000000,
        "4" : 0.000000,
        "10" : 0.000000,
        "20" : 0.000000,
        "50" : 0.000000,
        "100" : 0.590542,
        "250" : 10.154611,
        "500" : 15.907133,
        "750" : 10.744234,
        "1000" : 15.530095
      },
      "latency_ms" : {
        "2" : 32.312212,
        "4" : 13.604884,
        "10" : 0.932608,
        "20" : 0.013086,
        "50" : 0.056934,
        "100" : 0.129174,
        "250" : 0.000000,
        "500" : 0.010000,
        "750" : 0.000000,
        "1000" : 0.010000,
        "2000" : 0.010000,
        ">=2000" : 0.000000
      },
      "latency_depth" : 64,
      "latency_target" : 0,
      "latency_percentile" : 100.000000,
      "latency_window" : 0
    }
  ],
  "disk_util" : [
    {
      "name" : "sdd",
      "read_ios" : 0,
      "write_ios" : 1304834,
      "read_sectors" : 0,
      "write_sectors" : 10447016,
      "read_merges" : 0,
      "write_merges" : 68,
      "read_ticks" : 0,
      "write_ticks" : 1819981,
      "in_queue" : 1820059,
      "util" : 98.462359
    }
  ]
}
