{
  "fio version" : "fio-3.36",
  "timestamp" : 1775118935,
  "timestamp_ms" : 1775118935477,
  "time" : "Thu Apr  2 16:35:35 2026",
  "jobs" : [
    {
      "jobname" : "engine_libaio_rand_write",
      "groupid" : 0,
      "job_start" : 1775118907009,
      "error" : 0,
      "eta" : 0,
      "elapsed" : 31,
      "job options" : {
        "name" : "engine_libaio_rand_write",
        "filename" : "fio_test_file",
        "rw" : "randwrite",
        "bs" : "4k",
        "ioengine" : "libaio",
        "numjobs" : "1",
        "iodepth" : "1",
        "size" : "1G",
        "time_based" : "1",
        "runtime" : "30",
        "direct" : "1",
        "group_reporting" : "1"
      },
      "read" : {
        "io_bytes" : 0,
        "io_kbytes" : 0,
        "bw_bytes" : 0,
        "bw" : 0,
        "iops" : 0.000000,
        "runtime" : 0,
        "total_ios" : 0,
        "short_ios" : 0,
        "drop_ios" : 0,
        "slat_ns" : {
          "min" : 0,
          "max" : 0,
          "mean" : 0.000000,
          "stddev" : 0.000000,
          "N" : 0
        },
        "clat_ns" : {
          "min" : 0,
          "max" : 0,
          "mean" : 0.000000,
          "stddev" : 0.000000,
          "N" : 0
        },
        "lat_ns" : {
          "min" : 0,
          "max" : 0,
          "mean" : 0.000000,
          "stddev" : 0.000000,
          "N" : 0
        },
        "bw_min" : 0,
        "bw_max" : 0,
        "bw_agg" : 0.000000,
        "bw_mean" : 0.000000,
        "bw_dev" : 0.000000,
        "bw_samples" : 0,
        "iops_min" : 0,
        "iops_max" : 0,
        "iops_mean" : 0.000000,
        "iops_stddev" : 0.000000,
        "iops_samples" : 0
      },
      "write" : {
        "io_bytes" : 1959710720,
        "io_kbytes" : 1913780,
        "bw_bytes" : 65321513,
        "bw" : 63790,
        "iops" : 15947.635079,
        "runtime" : 30001,
        "total_ios" : 478445,
        "short_ios" : 0,
        "drop_ios" : 0,
        "slat_ns" : {
          "min" : 2399,
          "max" : 666569,
          "mean" : 3994.577293,
          "stddev" : 3402.915064,
          "N" : 478445
        },
        "clat_ns" : {
          "min" : 493,
          "max" : 276625333,
          "mean" : 58079.391105,
          "stddev" : 400877.645419,
          "N" : 478445,
          "percentile" : {
            "1.000000" : 42240,
            "5.000000" : 44288,
            "10.000000" : 45824,
            "20.000000" : 46336,
            "30.000000" : 46848,
            "40.000000" : 47360,
            "50.000000" : 47872,
            "60.000000" : 49408,
            "70.000000" : 51968,
            "80.000000" : 61696,
            "90.000000" : 82432,
            "95.000000" : 99840,
            "99.000000" : 175104,
            "99.500000" : 222208,
            "99.900000" : 313344,
            "99.950000" : 342016,
            "99.990000" : 440320
          }
        },
        "lat_ns" : {
          "min" : 36721,
          "max" : 276628017,
          "mean" : 62073.968398,
          "stddev" : 400976.873885,
          "N" : 478445
        },
        "bw_min" : 29463,
        "bw_max" : 68840,
        "bw_agg" : 100.000000,
        "bw_mean" : 63856.965517,
        "bw_dev" : 5069.515981,
        "bw_samples" : 58,
        "iops_min" : 7365,
        "iops_max" : 17210,
        "iops_mean" : 15963.948276,
        "iops_stddev" : 1267.438478,
        "iops_samples" : 58
      },
      "trim" : {
        "io_bytes" : 0,
        "io_kbytes" : 0,
        "bw_bytes" : 0,
        "bw" : 0,
        "iops" : 0.000000,
        "runtime" : 0,
        "total_ios" : 0,
        "short_ios" : 0,
        "drop_ios" : 0,
        "slat_ns" : {
          "min" : 0,
          "max" : 0,
          "mean" : 0.000000,
          "stddev" : 0.000000,
          "N" : 0
        },
        "clat_ns" : {
          "min" : 0,
          "max" : 0,
          "mean" : 0.000000,
          "stddev" : 0.000000,
          "N" : 0
        },
        "lat_ns" : {
          "min" : 0,
          "max" : 0,
          "mean" : 0.000000,
          "stddev" : 0.000000,
          "N" : 0
        },
        "bw_min" : 0,
        "bw_max" : 0,
        "bw_agg" : 0.000000,
        "bw_mean" : 0.000000,
        "bw_dev" : 0.000000,
        "bw_samples" : 0,
        "iops_min" : 0,
        "iops_max" : 0,
        "iops_mean" : 0.000000,
        "iops_stddev" : 0.000000,
        "iops_samples" : 0
      },
      "sync" : {
        "total_ios" : 0,
        "lat_ns" : {
          "min" : 0,
          "max" : 0,
          "mean" : 0.000000,
          "stddev" : 0.000000,
          "N" : 0
        }
      },
      "job_runtime" : 30000,
      "usr_cpu" : 2.813333,
      "sys_cpu" : 10.050000,
      "ctx" : 478452,
      "majf" : 0,
      "minf" : 30,
      "iodepth_level" : {
        "1" : 100.000000,
        "2" : 0.000000,
        "4" : 0.000000,
        "8" : 0.000000,
        "16" : 0.000000,
        "32" : 0.000000,
        ">=64" : 0.000000
      },
      "iodepth_submit" : {
        "0" : 0.000000,
        "4" : 100.000000,
        "8" : 0.000000,
        "16" : 0.000000,
        "32" : 0.000000,
        "64" : 0.000000,
        ">=64" : 0.000000
      },
      "iodepth_complete" : {
        "0" : 0.000000,
        "4" : 100.000000,
        "8" : 0.000000,
        "16" : 0.000000,
        "32" : 0.000000,
        "64" : 0.000000,
        ">=64" : 0.000000
      },
      "latency_ns" : {
        "2" : 0.000000,
        "4" : 0.000000,
        "10" : 0.000000,
        "20" : 0.000000,
        "50" : 0.000000,
        "100" : 0.000000,
        "250" : 0.000000,
        "500" : 0.010000,
        "750" : 0.010000,
        "1000" : 0.010000
      },
      "latency_us" : {
        "2" : 0.010000,
        "4" : 0.010000,
        "10" : 0.010000,
        "20" : 0.010000,
        "50" : 63.962002,
        "100" : 31.053726,
        "250" : 4.653408,
        "500" : 0.321249,
        "750" : 0.010000,
        "1000" : 0.010000
      },
      "latency_ms" : {
        "2" : 0.010000,
        "4" : 0.010000,
        "10" : 0.000000,
        "20" : 0.000000,
        "50" : 0.000000,
        "100" : 0.000000,
        "250" : 0.000000,
        "500" : 0.010000,
        "750" : 0.000000,
        "1000" : 0.000000,
        "2000" : 0.000000,
        ">=2000" : 0.000000
      },
      "latency_depth" : 1,
      "latency_target" : 0,
      "latency_percentile" : 100.000000,
      "latency_window" : 0
    }
  ],
  "disk_util" : [
    {
      "name" : "sdd",
      "read_ios" : 15,
      "write_ios" : 478382,
      "read_sectors" : 1312,
      "write_sectors" : 3833880,
      "read_merges" : 149,
      "write_merges" : 75,
      "read_ticks" : 10,
      "write_ticks" : 18573,
      "in_queue" : 18591,
      "util" : 57.980869
    }
  ]
}
