{
  "fio version" : "fio-3.36",
  "timestamp" : 1775118770,
  "timestamp_ms" : 1775118770026,
  "time" : "Thu Apr  2 16:32:50 2026",
  "jobs" : [
    {
      "jobname" : "engine_pvsync_rand_read",
      "groupid" : 0,
      "job_start" : 1775118740013,
      "error" : 0,
      "eta" : 0,
      "elapsed" : 31,
      "job options" : {
        "name" : "engine_pvsync_rand_read",
        "filename" : "fio_test_file",
        "rw" : "randread",
        "bs" : "4k",
        "ioengine" : "pvsync",
        "numjobs" : "1",
        "iodepth" : "1",
        "size" : "1G",
        "time_based" : "1",
        "runtime" : "30",
        "direct" : "1",
        "group_reporting" : "1"
      },
      "read" : {
        "io_bytes" : 891478016,
        "io_kbytes" : 870584,
        "bw_bytes" : 29714943,
        "bw" : 29018,
        "iops" : 7254.624846,
        "runtime" : 30001,
        "total_ios" : 217646,
        "short_ios" : 0,
        "drop_ios" : 0,
        "slat_ns" : {
          "min" : 0,
          "max" : 0,
          "mean" : 0.000000,
          "stddev" : 0.000000,
          "N" : 0
        },
        "clat_ns" : {
          "min" : 80027,
          "max" : 4312617,
          "mean" : 137092.104923,
          "stddev" : 43335.963368,
          "N" : 217646,
          "percentile" : {
            "1.000000" : 86528,
            "5.000000" : 88576,
            "10.000000" : 90624,
            "20.000000" : 108032,
            "30.000000" : 121344,
            "40.000000" : 123392,
            "50.000000" : 126464,
            "60.000000" : 134144,
            "70.000000" : 146432,
            "80.000000" : 162816,
            "90.000000" : 183296,
            "95.000000" : 207872,
            "99.000000" : 276480,
            "99.500000" : 313344,
            "99.900000" : 407552,
            "99.950000" : 477184,
            "99.990000" : 1105920
          }
        },
        "lat_ns" : {
          "min" : 80041,
          "max" : 4312632,
          "mean" : 137141.757110,
          "stddev" : 43360.127674,
          "N" : 217646
        },
        "bw_min" : 25112,
        "bw_max" : 31528,
        "bw_agg" : 99.936251,
        "bw_mean" : 29000.016949,
        "bw_dev" : 1288.941085,
        "bw_samples" : 59,
        "iops_min" : 6278,
        "iops_max" : 7882,
        "iops_mean" : 7249.966102,
        "iops_stddev" : 322.257231,
        "iops_samples" : 59
      },
      "write" : {
        "io_bytes" : 0,
        "io_kbytes" : 0,
        "bw_bytes" : 0,
        "bw" : 0,
        "iops" : 0.000000,
        "runtime" : 0,
        "total_ios" : 0,
        "short_ios" : 0,
        "drop_ios" : 0,
        "slat_ns" : {
          "min" : 0,
          "max" : 0,
          "mean" : 0.000000,
          "stddev" : 0.000000,
          "N" : 0
        },
        "clat_ns" : {
          "min" : 0,
          "max" : 0,
          "mean" : 0.000000,
          "stddev" : 0.000000,
          "N" : 0
        },
        "lat_ns" : {
          "min" : 0,
          "max" : 0,
          "mean" : 0.000000,
          "stddev" : 0.000000,
          "N" : 0
        },
        "bw_min" : 0,
        "bw_max" : 0,
        "bw_agg" : 0.000000,
        "bw_mean" : 0.000000,
        "bw_dev" : 0.000000,
        "bw_samples" : 0,
        "iops_min" : 0,
        "iops_max" : 0,
        "iops_mean" : 0.000000,
        "iops_stddev" : 0.000000,
        "iops_samples" : 0
      },
      "trim" : {
        "io_bytes" : 0,
        "io_kbytes" : 0,
        "bw_bytes" : 0,
        "bw" : 0,
        "iops" : 0.000000,
        "runtime" : 0,
        "total_ios" : 0,
        "short_ios" : 0,
        "drop_ios" : 0,
        "slat_ns" : {
          "min" : 0,
          "max" : 0,
          "mean" : 0.000000,
          "stddev" : 0.000000,
          "N" : 0
        },
        "clat_ns" : {
          "min" : 0,
          "max" : 0,
          "mean" : 0.000000,
          "stddev" : 0.000000,
          "N" : 0
        },
        "lat_ns" : {
          "min" : 0,
          "max" : 0,
          "mean" : 0.000000,
          "stddev" : 0.000000,
          "N" : 0
        },
        "bw_min" : 0,
        "bw_max" : 0,
        "bw_agg" : 0.000000,
        "bw_mean" : 0.000000,
        "bw_dev" : 0.000000,
        "bw_samples" : 0,
        "iops_min" : 0,
        "iops_max" : 0,
        "iops_mean" : 0.000000,
        "iops_stddev" : 0.000000,
        "iops_samples" : 0
      },
      "sync" : {
        "total_ios" : 0,
        "lat_ns" : {
          "min" : 0,
          "max" : 0,
          "mean" : 0.000000,
          "stddev" : 0.000000,
          "N" : 0
        }
      },
      "job_runtime" : 30000,
      "usr_cpu" : 1.176667,
      "sys_cpu" : 6.136667,
      "ctx" : 217649,
      "majf" : 0,
      "minf" : 14,
      "iodepth_level" : {
        "1" : 100.000000,
        "2" : 0.000000,
        "4" : 0.000000,
        "8" : 0.000000,
        "16" : 0.000000,
        "32" : 0.000000,
        ">=64" : 0.000000
      },
      "iodepth_submit" : {
        "0" : 0.000000,
        "4" : 100.000000,
        "8" : 0.000000,
        "16" : 0.000000,
        "32" : 0.000000,
        "64" : 0.000000,
        ">=64" : 0.000000
      },
      "iodepth_complete" : {
        "0" : 0.000000,
        "4" : 100.000000,
        "8" : 0.000000,
        "16" : 0.000000,
        "32" : 0.000000,
        "64" : 0.000000,
        ">=64" : 0.000000
      },
      "latency_ns" : {
        "2" : 0.000000,
        "4" : 0.000000,
        "10" : 0.000000,
        "20" : 0.000000,
        "50" : 0.000000,
        "100" : 0.000000,
        "250" : 0.000000,
        "500" : 0.000000,
        "750" : 0.000000,
        "1000" : 0.000000
      },
      "latency_us" : {
        "2" : 0.000000,
        "4" : 0.000000,
        "10" : 0.000000,
        "20" : 0.000000,
        "50" : 0.000000,
        "100" : 17.691113,
        "250" : 80.533067,
        "500" : 1.733549,
        "750" : 0.022973,
        "1000" : 0.010000
      },
      "latency_ms" : {
        "2" : 0.011027,
        "4" : 0.010000,
        "10" : 0.010000,
        "20" : 0.000000,
        "50" : 0.000000,
        "100" : 0.000000,
        "250" : 0.000000,
        "500" : 0.000000,
        "750" : 0.000000,
        "1000" : 0.000000,
        "2000" : 0.000000,
        ">=2000" : 0.000000
      },
      "latency_depth" : 1,
      "latency_target" : 0,
      "latency_percentile" : 100.000000,
      "latency_window" : 0
    }
  ],
  "disk_util" : [
    {
      "name" : "sdd",
      "read_ios" : 216801,
      "write_ios" : 173,
      "read_sectors" : 1734528,
      "write_sectors" : 10312,
      "read_merges" : 0,
      "write_merges" : 90,
      "read_ticks" : 27384,
      "write_ticks" : 100,
      "in_queue" : 27490,
      "util" : 85.556074
    }
  ]
}
