{
  "fio version" : "fio-3.36",
  "timestamp" : 1775118800,
  "timestamp_ms" : 1775118800348,
  "time" : "Thu Apr  2 16:33:20 2026",
  "jobs" : [
    {
      "jobname" : "engine_libaio_rand_read",
      "groupid" : 0,
      "job_start" : 1775118770298,
      "error" : 0,
      "eta" : 0,
      "elapsed" : 31,
      "job options" : {
        "name" : "engine_libaio_rand_read",
        "filename" : "fio_test_file",
        "rw" : "randread",
        "bs" : "4k",
        "ioengine" : "libaio",
        "numjobs" : "1",
        "iodepth" : "1",
        "size" : "1G",
        "time_based" : "1",
        "runtime" : "30",
        "direct" : "1",
        "group_reporting" : "1"
      },
      "read" : {
        "io_bytes" : 934141952,
        "io_kbytes" : 912248,
        "bw_bytes" : 31137027,
        "bw" : 30407,
        "iops" : 7601.813273,
        "runtime" : 30001,
        "total_ios" : 228062,
        "short_ios" : 0,
        "drop_ios" : 0,
        "slat_ns" : {
          "min" : 2161,
          "max" : 297814,
          "mean" : 4227.512036,
          "stddev" : 3495.994625,
          "N" : 228062
        },
        "clat_ns" : {
          "min" : 3170,
          "max" : 1423481,
          "mean" : 126642.187111,
          "stddev" : 38368.505615,
          "N" : 228062,
          "percentile" : {
            "1.000000" : 83456,
            "5.000000" : 85504,
            "10.000000" : 86528,
            "20.000000" : 94720,
            "30.000000" : 117248,
            "40.000000" : 119296,
            "50.000000" : 121344,
            "60.000000" : 123392,
            "70.000000" : 130560,
            "80.000000" : 144384,
            "90.000000" : 164864,
            "95.000000" : 183296,
            "99.000000" : 276480,
            "99.500000" : 325632,
            "99.900000" : 423936,
            "99.950000" : 473088,
            "99.990000" : 847872
          }
        },
        "lat_ns" : {
          "min" : 80150,
          "max" : 1431906,
          "mean" : 130869.699148,
          "stddev" : 39641.365567,
          "N" : 228062
        },
        "bw_min" : 29464,
        "bw_max" : 31776,
        "bw_agg" : 100.000000,
        "bw_mean" : 30435.254237,
        "bw_dev" : 493.922498,
        "bw_samples" : 59,
        "iops_min" : 7366,
        "iops_max" : 7944,
        "iops_mean" : 7608.813559,
        "iops_stddev" : 123.480625,
        "iops_samples" : 59
      },
      "write" : {
        "io_bytes" : 0,
        "io_kbytes" : 0,
        "bw_bytes" : 0,
        "bw" : 0,
        "iops" : 0.000000,
        "runtime" : 0,
        "total_ios" : 0,
        "short_ios" : 0,
        "drop_ios" : 0,
        "slat_ns" : {
          "min" : 0,
          "max" : 0,
          "mean" : 0.000000,
          "stddev" : 0.000000,
          "N" : 0
        },
        "clat_ns" : {
          "min" : 0,
          "max" : 0,
          "mean" : 0.000000,
          "stddev" : 0.000000,
          "N" : 0
        },
        "lat_ns" : {
          "min" : 0,
          "max" : 0,
          "mean" : 0.000000,
          "stddev" : 0.000000,
          "N" : 0
        },
        "bw_min" : 0,
        "bw_max" : 0,
        "bw_agg" : 0.000000,
        "bw_mean" : 0.000000,
        "bw_dev" : 0.000000,
        "bw_samples" : 0,
        "iops_min" : 0,
        "iops_max" : 0,
        "iops_mean" : 0.000000,
        "iops_stddev" : 0.000000,
        "iops_samples" : 0
      },
      "trim" : {
        "io_bytes" : 0,
        "io_kbytes" : 0,
        "bw_bytes" : 0,
        "bw" : 0,
        "iops" : 0.000000,
        "runtime" : 0,
        "total_ios" : 0,
        "short_ios" : 0,
        "drop_ios" : 0,
        "slat_ns" : {
          "min" : 0,
          "max" : 0,
          "mean" : 0.000000,
          "stddev" : 0.000000,
          "N" : 0
        },
        "clat_ns" : {
          "min" : 0,
          "max" : 0,
          "mean" : 0.000000,
          "stddev" : 0.000000,
          "N" : 0
        },
        "lat_ns" : {
          "min" : 0,
          "max" : 0,
          "mean" : 0.000000,
          "stddev" : 0.000000,
          "N" : 0
        },
        "bw_min" : 0,
        "bw_max" : 0,
        "bw_agg" : 0.000000,
        "bw_mean" : 0.000000,
        "bw_dev" : 0.000000,
        "bw_samples" : 0,
        "iops_min" : 0,
        "iops_max" : 0,
        "iops_mean" : 0.000000,
        "iops_stddev" : 0.000000,
        "iops_samples" : 0
      },
      "sync" : {
        "total_ios" : 0,
        "lat_ns" : {
          "min" : 0,
          "max" : 0,
          "mean" : 0.000000,
          "stddev" : 0.000000,
          "N" : 0
        }
      },
      "job_runtime" : 30000,
      "usr_cpu" : 1.386667,
      "sys_cpu" : 5.796667,
      "ctx" : 228061,
      "majf" : 0,
      "minf" : 13,
      "iodepth_level" : {
        "1" : 100.000000,
        "2" : 0.000000,
        "4" : 0.000000,
        "8" : 0.000000,
        "16" : 0.000000,
        "32" : 0.000000,
        ">=64" : 0.000000
      },
      "iodepth_submit" : {
        "0" : 0.000000,
        "4" : 100.000000,
        "8" : 0.000000,
        "16" : 0.000000,
        "32" : 0.000000,
        "64" : 0.000000,
        ">=64" : 0.000000
      },
      "iodepth_complete" : {
        "0" : 0.000000,
        "4" : 100.000000,
        "8" : 0.000000,
        "16" : 0.000000,
        "32" : 0.000000,
        "64" : 0.000000,
        ">=64" : 0.000000
      },
      "latency_ns" : {
        "2" : 0.000000,
        "4" : 0.000000,
        "10" : 0.000000,
        "20" : 0.000000,
        "50" : 0.000000,
        "100" : 0.000000,
        "250" : 0.000000,
        "500" : 0.000000,
        "750" : 0.000000,
        "1000" : 0.000000
      },
      "latency_us" : {
        "2" : 0.000000,
        "4" : 0.010000,
        "10" : 0.000000,
        "20" : 0.000000,
        "50" : 0.000000,
        "100" : 22.437320,
        "250" : 76.031956,
        "500" : 1.493454,
        "750" : 0.023678,
        "1000" : 0.010000
      },
      "latency_ms" : {
        "2" : 0.010000,
        "4" : 0.000000,
        "10" : 0.000000,
        "20" : 0.000000,
        "50" : 0.000000,
        "100" : 0.000000,
        "250" : 0.000000,
        "500" : 0.000000,
        "750" : 0.000000,
        "1000" : 0.000000,
        "2000" : 0.000000,
        ">=2000" : 0.000000
      },
      "latency_depth" : 1,
      "latency_target" : 0,
      "latency_percentile" : 100.000000,
      "latency_window" : 0
    }
  ],
  "disk_util" : [
    {
      "name" : "sdd",
      "read_ios" : 227320,
      "write_ios" : 54,
      "read_sectors" : 1818560,
      "write_sectors" : 8392,
      "read_merges" : 0,
      "write_merges" : 64,
      "read_ticks" : 27684,
      "write_ticks" : 17,
      "in_queue" : 27704,
      "util" : 86.459445
    }
  ]
}
