{
  "fio version" : "fio-3.36",
  "timestamp" : 1775118830,
  "timestamp_ms" : 1775118830623,
  "time" : "Thu Apr  2 16:33:50 2026",
  "jobs" : [
    {
      "jobname" : "engine_io_uring_rand_read",
      "groupid" : 0,
      "job_start" : 1775118800604,
      "error" : 0,
      "eta" : 0,
      "elapsed" : 31,
      "job options" : {
        "name" : "engine_io_uring_rand_read",
        "filename" : "fio_test_file",
        "rw" : "randread",
        "bs" : "4k",
        "ioengine" : "io_uring",
        "numjobs" : "1",
        "iodepth" : "1",
        "size" : "1G",
        "time_based" : "1",
        "runtime" : "30",
        "direct" : "1",
        "group_reporting" : "1"
      },
      "read" : {
        "io_bytes" : 947539968,
        "io_kbytes" : 925332,
        "bw_bytes" : 31583612,
        "bw" : 30843,
        "iops" : 7710.842972,
        "runtime" : 30001,
        "total_ios" : 231333,
        "short_ios" : 0,
        "drop_ios" : 0,
        "slat_ns" : {
          "min" : 2107,
          "max" : 246504,
          "mean" : 4100.508306,
          "stddev" : 3285.120864,
          "N" : 231333
        },
        "clat_ns" : {
          "min" : 1282,
          "max" : 2645801,
          "mean" : 124913.748315,
          "stddev" : 38226.412760,
          "N" : 231333,
          "percentile" : {
            "1.000000" : 81408,
            "5.000000" : 85504,
            "10.000000" : 86528,
            "20.000000" : 92672,
            "30.000000" : 115200,
            "40.000000" : 118272,
            "50.000000" : 120320,
            "60.000000" : 122368,
            "70.000000" : 128512,
            "80.000000" : 142336,
            "90.000000" : 160768,
            "95.000000" : 179200,
            "99.000000" : 272384,
            "99.500000" : 317440,
            "99.900000" : 428032,
            "99.950000" : 489472,
            "99.990000" : 888832
          }
        },
        "lat_ns" : {
          "min" : 79528,
          "max" : 2649573,
          "mean" : 129014.256621,
          "stddev" : 39435.171746,
          "N" : 231333
        },
        "bw_min" : 28056,
        "bw_max" : 32336,
        "bw_agg" : 100.000000,
        "bw_mean" : 30861.559322,
        "bw_dev" : 908.179845,
        "bw_samples" : 59,
        "iops_min" : 7014,
        "iops_max" : 8084,
        "iops_mean" : 7715.389831,
        "iops_stddev" : 227.044961,
        "iops_samples" : 59
      },
      "write" : {
        "io_bytes" : 0,
        "io_kbytes" : 0,
        "bw_bytes" : 0,
        "bw" : 0,
        "iops" : 0.000000,
        "runtime" : 0,
        "total_ios" : 0,
        "short_ios" : 0,
        "drop_ios" : 0,
        "slat_ns" : {
          "min" : 0,
          "max" : 0,
          "mean" : 0.000000,
          "stddev" : 0.000000,
          "N" : 0
        },
        "clat_ns" : {
          "min" : 0,
          "max" : 0,
          "mean" : 0.000000,
          "stddev" : 0.000000,
          "N" : 0
        },
        "lat_ns" : {
          "min" : 0,
          "max" : 0,
          "mean" : 0.000000,
          "stddev" : 0.000000,
          "N" : 0
        },
        "bw_min" : 0,
        "bw_max" : 0,
        "bw_agg" : 0.000000,
        "bw_mean" : 0.000000,
        "bw_dev" : 0.000000,
        "bw_samples" : 0,
        "iops_min" : 0,
        "iops_max" : 0,
        "iops_mean" : 0.000000,
        "iops_stddev" : 0.000000,
        "iops_samples" : 0
      },
      "trim" : {
        "io_bytes" : 0,
        "io_kbytes" : 0,
        "bw_bytes" : 0,
        "bw" : 0,
        "iops" : 0.000000,
        "runtime" : 0,
        "total_ios" : 0,
        "short_ios" : 0,
        "drop_ios" : 0,
        "slat_ns" : {
          "min" : 0,
          "max" : 0,
          "mean" : 0.000000,
          "stddev" : 0.000000,
          "N" : 0
        },
        "clat_ns" : {
          "min" : 0,
          "max" : 0,
          "mean" : 0.000000,
          "stddev" : 0.000000,
          "N" : 0
        },
        "lat_ns" : {
          "min" : 0,
          "max" : 0,
          "mean" : 0.000000,
          "stddev" : 0.000000,
          "N" : 0
        },
        "bw_min" : 0,
        "bw_max" : 0,
        "bw_agg" : 0.000000,
        "bw_mean" : 0.000000,
        "bw_dev" : 0.000000,
        "bw_samples" : 0,
        "iops_min" : 0,
        "iops_max" : 0,
        "iops_mean" : 0.000000,
        "iops_stddev" : 0.000000,
        "iops_samples" : 0
      },
      "sync" : {
        "total_ios" : 0,
        "lat_ns" : {
          "min" : 0,
          "max" : 0,
          "mean" : 0.000000,
          "stddev" : 0.000000,
          "N" : 0
        }
      },
      "job_runtime" : 30000,
      "usr_cpu" : 1.606667,
      "sys_cpu" : 5.280000,
      "ctx" : 231333,
      "majf" : 0,
      "minf" : 13,
      "iodepth_level" : {
        "1" : 100.000000,
        "2" : 0.000000,
        "4" : 0.000000,
        "8" : 0.000000,
        "16" : 0.000000,
        "32" : 0.000000,
        ">=64" : 0.000000
      },
      "iodepth_submit" : {
        "0" : 0.000000,
        "4" : 100.000000,
        "8" : 0.000000,
        "16" : 0.000000,
        "32" : 0.000000,
        "64" : 0.000000,
        ">=64" : 0.000000
      },
      "iodepth_complete" : {
        "0" : 0.000000,
        "4" : 100.000000,
        "8" : 0.000000,
        "16" : 0.000000,
        "32" : 0.000000,
        "64" : 0.000000,
        ">=64" : 0.000000
      },
      "latency_ns" : {
        "2" : 0.000000,
        "4" : 0.000000,
        "10" : 0.000000,
        "20" : 0.000000,
        "50" : 0.000000,
        "100" : 0.000000,
        "250" : 0.000000,
        "500" : 0.000000,
        "750" : 0.000000,
        "1000" : 0.000000
      },
      "latency_us" : {
        "2" : 0.010000,
        "4" : 0.000000,
        "10" : 0.000000,
        "20" : 0.000000,
        "50" : 0.000000,
        "100" : 23.033463,
        "250" : 75.596651,
        "500" : 1.323633,
        "750" : 0.029827,
        "1000" : 0.010000
      },
      "latency_ms" : {
        "2" : 0.010000,
        "4" : 0.010000,
        "10" : 0.000000,
        "20" : 0.000000,
        "50" : 0.000000,
        "100" : 0.000000,
        "250" : 0.000000,
        "500" : 0.000000,
        "750" : 0.000000,
        "1000" : 0.000000,
        "2000" : 0.000000,
        ">=2000" : 0.000000
      },
      "latency_depth" : 1,
      "latency_target" : 0,
      "latency_percentile" : 100.000000,
      "latency_window" : 0
    }
  ],
  "disk_util" : [
    {
      "name" : "sdd",
      "read_ios" : 230560,
      "write_ios" : 83,
      "read_sectors" : 1844480,
      "write_sectors" : 8800,
      "read_merges" : 0,
      "write_merges" : 64,
      "read_ticks" : 27692,
      "write_ticks" : 34,
      "in_queue" : 27731,
      "util" : 85.632337
    }
  ]
}
