{
  "fio version" : "fio-3.36",
  "timestamp" : 1775118965,
  "timestamp_ms" : 1775118965741,
  "time" : "Thu Apr  2 16:36:05 2026",
  "jobs" : [
    {
      "jobname" : "engine_io_uring_rand_write",
      "groupid" : 0,
      "job_start" : 1775118935727,
      "error" : 0,
      "eta" : 0,
      "elapsed" : 31,
      "job options" : {
        "name" : "engine_io_uring_rand_write",
        "filename" : "fio_test_file",
        "rw" : "randwrite",
        "bs" : "4k",
        "ioengine" : "io_uring",
        "numjobs" : "1",
        "iodepth" : "1",
        "size" : "1G",
        "time_based" : "1",
        "runtime" : "30",
        "direct" : "1",
        "group_reporting" : "1"
      },
      "read" : {
        "io_bytes" : 0,
        "io_kbytes" : 0,
        "bw_bytes" : 0,
        "bw" : 0,
        "iops" : 0.000000,
        "runtime" : 0,
        "total_ios" : 0,
        "short_ios" : 0,
        "drop_ios" : 0,
        "slat_ns" : {
          "min" : 0,
          "max" : 0,
          "mean" : 0.000000,
          "stddev" : 0.000000,
          "N" : 0
        },
        "clat_ns" : {
          "min" : 0,
          "max" : 0,
          "mean" : 0.000000,
          "stddev" : 0.000000,
          "N" : 0
        },
        "lat_ns" : {
          "min" : 0,
          "max" : 0,
          "mean" : 0.000000,
          "stddev" : 0.000000,
          "N" : 0
        },
        "bw_min" : 0,
        "bw_max" : 0,
        "bw_agg" : 0.000000,
        "bw_mean" : 0.000000,
        "bw_dev" : 0.000000,
        "bw_samples" : 0,
        "iops_min" : 0,
        "iops_max" : 0,
        "iops_mean" : 0.000000,
        "iops_stddev" : 0.000000,
        "iops_samples" : 0
      },
      "write" : {
        "io_bytes" : 1832730624,
        "io_kbytes" : 1789776,
        "bw_bytes" : 61088984,
        "bw" : 59657,
        "iops" : 14914.302857,
        "runtime" : 30001,
        "total_ios" : 447444,
        "short_ios" : 0,
        "drop_ios" : 0,
        "slat_ns" : {
          "min" : 2291,
          "max" : 766627,
          "mean" : 3872.039133,
          "stddev" : 2811.053994,
          "N" : 447444
        },
        "clat_ns" : {
          "min" : 245,
          "max" : 21487054,
          "mean" : 62576.562307,
          "stddev" : 47141.256014,
          "N" : 447444,
          "percentile" : {
            "1.000000" : 47360,
            "5.000000" : 48896,
            "10.000000" : 49920,
            "20.000000" : 50944,
            "30.000000" : 51456,
            "40.000000" : 51968,
            "50.000000" : 52992,
            "60.000000" : 55552,
            "70.000000" : 60160,
            "80.000000" : 70144,
            "90.000000" : 86528,
            "95.000000" : 100864,
            "99.000000" : 166912,
            "99.500000" : 207872,
            "99.900000" : 280576,
            "99.950000" : 305152,
            "99.990000" : 423936
          }
        },
        "lat_ns" : {
          "min" : 33535,
          "max" : 21491392,
          "mean" : 66448.601441,
          "stddev" : 47771.621160,
          "N" : 447444
        },
        "bw_min" : 48416,
        "bw_max" : 61968,
        "bw_agg" : 100.000000,
        "bw_mean" : 59701.559322,
        "bw_dev" : 2035.494825,
        "bw_samples" : 59,
        "iops_min" : 12104,
        "iops_max" : 15492,
        "iops_mean" : 14925.389831,
        "iops_stddev" : 508.873706,
        "iops_samples" : 59
      },
      "trim" : {
        "io_bytes" : 0,
        "io_kbytes" : 0,
        "bw_bytes" : 0,
        "bw" : 0,
        "iops" : 0.000000,
        "runtime" : 0,
        "total_ios" : 0,
        "short_ios" : 0,
        "drop_ios" : 0,
        "slat_ns" : {
          "min" : 0,
          "max" : 0,
          "mean" : 0.000000,
          "stddev" : 0.000000,
          "N" : 0
        },
        "clat_ns" : {
          "min" : 0,
          "max" : 0,
          "mean" : 0.000000,
          "stddev" : 0.000000,
          "N" : 0
        },
        "lat_ns" : {
          "min" : 0,
          "max" : 0,
          "mean" : 0.000000,
          "stddev" : 0.000000,
          "N" : 0
        },
        "bw_min" : 0,
        "bw_max" : 0,
        "bw_agg" : 0.000000,
        "bw_mean" : 0.000000,
        "bw_dev" : 0.000000,
        "bw_samples" : 0,
        "iops_min" : 0,
        "iops_max" : 0,
        "iops_mean" : 0.000000,
        "iops_stddev" : 0.000000,
        "iops_samples" : 0
      },
      "sync" : {
        "total_ios" : 0,
        "lat_ns" : {
          "min" : 0,
          "max" : 0,
          "mean" : 0.000000,
          "stddev" : 0.000000,
          "N" : 0
        }
      },
      "job_runtime" : 30000,
      "usr_cpu" : 2.386667,
      "sys_cpu" : 22.490000,
      "ctx" : 447425,
      "majf" : 0,
      "minf" : 9,
      "iodepth_level" : {
        "1" : 100.000000,
        "2" : 0.000000,
        "4" : 0.000000,
        "8" : 0.000000,
        "16" : 0.000000,
        "32" : 0.000000,
        ">=64" : 0.000000
      },
      "iodepth_submit" : {
        "0" : 0.000000,
        "4" : 100.000000,
        "8" : 0.000000,
        "16" : 0.000000,
        "32" : 0.000000,
        "64" : 0.000000,
        ">=64" : 0.000000
      },
      "iodepth_complete" : {
        "0" : 0.000000,
        "4" : 100.000000,
        "8" : 0.000000,
        "16" : 0.000000,
        "32" : 0.000000,
        "64" : 0.000000,
        ">=64" : 0.000000
      },
      "latency_ns" : {
        "2" : 0.000000,
        "4" : 0.000000,
        "10" : 0.000000,
        "20" : 0.000000,
        "50" : 0.000000,
        "100" : 0.000000,
        "250" : 0.010000,
        "500" : 0.010000,
        "750" : 0.010000,
        "1000" : 0.000000
      },
      "latency_us" : {
        "2" : 0.010000,
        "4" : 0.000000,
        "10" : 0.010000,
        "20" : 0.010000,
        "50" : 10.336713,
        "100" : 84.402964,
        "250" : 5.014929,
        "500" : 0.232655,
        "750" : 0.010000,
        "1000" : 0.010000
      },
      "latency_ms" : {
        "2" : 0.010000,
        "4" : 0.010000,
        "10" : 0.000000,
        "20" : 0.010000,
        "50" : 0.010000,
        "100" : 0.000000,
        "250" : 0.000000,
        "500" : 0.000000,
        "750" : 0.000000,
        "1000" : 0.000000,
        "2000" : 0.000000,
        ">=2000" : 0.000000
      },
      "latency_depth" : 1,
      "latency_target" : 0,
      "latency_percentile" : 100.000000,
      "latency_window" : 0
    }
  ],
  "disk_util" : [
    {
      "name" : "sdd",
      "read_ios" : 0,
      "write_ios" : 446025,
      "read_sectors" : 0,
      "write_sectors" : 3576408,
      "read_merges" : 0,
      "write_merges" : 81,
      "read_ticks" : 0,
      "write_ticks" : 18526,
      "in_queue" : 18533,
      "util" : 58.400587
    }
  ]
}
