{
  "fio version" : "fio-3.36",
  "timestamp" : 1775118996,
  "timestamp_ms" : 1775118996013,
  "time" : "Thu Apr  2 16:36:36 2026",
  "jobs" : [
    {
      "jobname" : "engine_mmap_rand_write",
      "groupid" : 0,
      "job_start" : 1775118965994,
      "error" : 0,
      "eta" : 0,
      "elapsed" : 31,
      "job options" : {
        "name" : "engine_mmap_rand_write",
        "filename" : "fio_test_file",
        "rw" : "randwrite",
        "bs" : "4k",
        "ioengine" : "mmap",
        "numjobs" : "1",
        "iodepth" : "1",
        "size" : "1G",
        "time_based" : "1",
        "runtime" : "30",
        "direct" : "1",
        "group_reporting" : "1"
      },
      "read" : {
        "io_bytes" : 0,
        "io_kbytes" : 0,
        "bw_bytes" : 0,
        "bw" : 0,
        "iops" : 0.000000,
        "runtime" : 0,
        "total_ios" : 0,
        "short_ios" : 0,
        "drop_ios" : 0,
        "slat_ns" : {
          "min" : 0,
          "max" : 0,
          "mean" : 0.000000,
          "stddev" : 0.000000,
          "N" : 0
        },
        "clat_ns" : {
          "min" : 0,
          "max" : 0,
          "mean" : 0.000000,
          "stddev" : 0.000000,
          "N" : 0
        },
        "lat_ns" : {
          "min" : 0,
          "max" : 0,
          "mean" : 0.000000,
          "stddev" : 0.000000,
          "N" : 0
        },
        "bw_min" : 0,
        "bw_max" : 0,
        "bw_agg" : 0.000000,
        "bw_mean" : 0.000000,
        "bw_dev" : 0.000000,
        "bw_samples" : 0,
        "iops_min" : 0,
        "iops_max" : 0,
        "iops_mean" : 0.000000,
        "iops_stddev" : 0.000000,
        "iops_samples" : 0
      },
      "write" : {
        "io_bytes" : 189054976,
        "io_kbytes" : 184624,
        "bw_bytes" : 6301622,
        "bw" : 6153,
        "iops" : 1538.482051,
        "runtime" : 30001,
        "total_ios" : 46156,
        "short_ios" : 0,
        "drop_ios" : 0,
        "slat_ns" : {
          "min" : 0,
          "max" : 0,
          "mean" : 0.000000,
          "stddev" : 0.000000,
          "N" : 0
        },
        "clat_ns" : {
          "min" : 336395,
          "max" : 452674817,
          "mean" : 648368.698869,
          "stddev" : 3673848.254124,
          "N" : 46156,
          "percentile" : {
            "1.000000" : 354304,
            "5.000000" : 378880,
            "10.000000" : 395264,
            "20.000000" : 415744,
            "30.000000" : 436224,
            "40.000000" : 452608,
            "50.000000" : 468992,
            "60.000000" : 489472,
            "70.000000" : 518144,
            "80.000000" : 561152,
            "90.000000" : 700416,
            "95.000000" : 1089536,
            "99.000000" : 2211840,
            "99.500000" : 6389760,
            "99.900000" : 15663104,
            "99.950000" : 16908288,
            "99.990000" : 193986560
          }
        },
        "lat_ns" : {
          "min" : 336511,
          "max" : 452675101,
          "mean" : 648544.270777,
          "stddev" : 3673851.038226,
          "N" : 46156
        },
        "bw_min" : 592,
        "bw_max" : 8528,
        "bw_agg" : 99.578680,
        "bw_mean" : 6128.677966,
        "bw_dev" : 2032.070207,
        "bw_samples" : 59,
        "iops_min" : 148,
        "iops_max" : 2132,
        "iops_mean" : 1532.169492,
        "iops_stddev" : 508.017552,
        "iops_samples" : 59
      },
      "trim" : {
        "io_bytes" : 0,
        "io_kbytes" : 0,
        "bw_bytes" : 0,
        "bw" : 0,
        "iops" : 0.000000,
        "runtime" : 0,
        "total_ios" : 0,
        "short_ios" : 0,
        "drop_ios" : 0,
        "slat_ns" : {
          "min" : 0,
          "max" : 0,
          "mean" : 0.000000,
          "stddev" : 0.000000,
          "N" : 0
        },
        "clat_ns" : {
          "min" : 0,
          "max" : 0,
          "mean" : 0.000000,
          "stddev" : 0.000000,
          "N" : 0
        },
        "lat_ns" : {
          "min" : 0,
          "max" : 0,
          "mean" : 0.000000,
          "stddev" : 0.000000,
          "N" : 0
        },
        "bw_min" : 0,
        "bw_max" : 0,
        "bw_agg" : 0.000000,
        "bw_mean" : 0.000000,
        "bw_dev" : 0.000000,
        "bw_samples" : 0,
        "iops_min" : 0,
        "iops_max" : 0,
        "iops_mean" : 0.000000,
        "iops_stddev" : 0.000000,
        "iops_samples" : 0
      },
      "sync" : {
        "total_ios" : 0,
        "lat_ns" : {
          "min" : 0,
          "max" : 0,
          "mean" : 0.000000,
          "stddev" : 0.000000,
          "N" : 0
        }
      },
      "job_runtime" : 30000,
      "usr_cpu" : 0.970000,
      "sys_cpu" : 5.883333,
      "ctx" : 138467,
      "majf" : 46156,
      "minf" : 13,
      "iodepth_level" : {
        "1" : 100.000000,
        "2" : 0.000000,
        "4" : 0.000000,
        "8" : 0.000000,
        "16" : 0.000000,
        "32" : 0.000000,
        ">=64" : 0.000000
      },
      "iodepth_submit" : {
        "0" : 0.000000,
        "4" : 100.000000,
        "8" : 0.000000,
        "16" : 0.000000,
        "32" : 0.000000,
        "64" : 0.000000,
        ">=64" : 0.000000
      },
      "iodepth_complete" : {
        "0" : 0.000000,
        "4" : 100.000000,
        "8" : 0.000000,
        "16" : 0.000000,
        "32" : 0.000000,
        "64" : 0.000000,
        ">=64" : 0.000000
      },
      "latency_ns" : {
        "2" : 0.000000,
        "4" : 0.000000,
        "10" : 0.000000,
        "20" : 0.000000,
        "50" : 0.000000,
        "100" : 0.000000,
        "250" : 0.000000,
        "500" : 0.000000,
        "750" : 0.000000,
        "1000" : 0.000000
      },
      "latency_us" : {
        "2" : 0.000000,
        "4" : 0.000000,
        "10" : 0.000000,
        "20" : 0.000000,
        "50" : 0.000000,
        "100" : 0.000000,
        "250" : 0.000000,
        "500" : 64.000347,
        "750" : 27.524049,
        "1000" : 2.693041
      },
      "latency_ms" : {
        "2" : 4.645117,
        "4" : 0.457145,
        "10" : 0.272987,
        "20" : 0.379149,
        "50" : 0.010000,
        "100" : 0.010000,
        "250" : 0.012999,
        "500" : 0.010000,
        "750" : 0.000000,
        "1000" : 0.000000,
        "2000" : 0.000000,
        ">=2000" : 0.000000
      },
      "latency_depth" : 1,
      "latency_target" : 0,
      "latency_percentile" : 100.000000,
      "latency_window" : 0
    }
  ],
  "disk_util" : [
    {
      "name" : "sdd",
      "read_ios" : 45945,
      "write_ios" : 91906,
      "read_sectors" : 367560,
      "write_sectors" : 375176,
      "read_merges" : 0,
      "write_merges" : 44,
      "read_ticks" : 7230,
      "write_ticks" : 20563,
      "in_queue" : 45113,
      "util" : 88.436781
    }
  ]
}
