{
  "fio version" : "fio-3.36",
  "timestamp" : 1773833756,
  "timestamp_ms" : 1773833756673,
  "time" : "Wed Mar 18 19:35:56 2026",
  "jobs" : [
    {
      "jobname" : "bs_16k_rand_write",
      "groupid" : 0,
      "job_start" : 1773833692212,
      "error" : 0,
      "eta" : 0,
      "elapsed" : 61,
      "job options" : {
        "name" : "bs_16k_rand_write",
        "filename" : "fio_test_file",
        "rw" : "randwrite",
        "bs" : "16k",
        "ioengine" : "pvsync",
        "numjobs" : "1",
        "iodepth" : "1",
        "size" : "1G",
        "time_based" : "1",
        "runtime" : "60",
        "direct" : "1",
        "group_reporting" : "1"
      },
      "read" : {
        "io_bytes" : 0,
        "io_kbytes" : 0,
        "bw_bytes" : 0,
        "bw" : 0,
        "iops" : 0.000000,
        "runtime" : 0,
        "total_ios" : 0,
        "short_ios" : 0,
        "drop_ios" : 0,
        "slat_ns" : {
          "min" : 0,
          "max" : 0,
          "mean" : 0.000000,
          "stddev" : 0.000000,
          "N" : 0
        },
        "clat_ns" : {
          "min" : 0,
          "max" : 0,
          "mean" : 0.000000,
          "stddev" : 0.000000,
          "N" : 0
        },
        "lat_ns" : {
          "min" : 0,
          "max" : 0,
          "mean" : 0.000000,
          "stddev" : 0.000000,
          "N" : 0
        },
        "bw_min" : 0,
        "bw_max" : 0,
        "bw_agg" : 0.000000,
        "bw_mean" : 0.000000,
        "bw_dev" : 0.000000,
        "bw_samples" : 0,
        "iops_min" : 0,
        "iops_max" : 0,
        "iops_mean" : 0.000000,
        "iops_stddev" : 0.000000,
        "iops_samples" : 0
      },
      "write" : {
        "io_bytes" : 2825256960,
        "io_kbytes" : 2759040,
        "bw_bytes" : 47086831,
        "bw" : 45983,
        "iops" : 2873.952101,
        "runtime" : 60001,
        "total_ios" : 172440,
        "short_ios" : 0,
        "drop_ios" : 0,
        "slat_ns" : {
          "min" : 0,
          "max" : 0,
          "mean" : 0.000000,
          "stddev" : 0.000000,
          "N" : 0
        },
        "clat_ns" : {
          "min" : 83364,
          "max" : 552692383,
          "mean" : 344109.973829,
          "stddev" : 2049195.817812,
          "N" : 172440,
          "percentile" : {
            "1.000000" : 121344,
            "5.000000" : 128512,
            "10.000000" : 152576,
            "20.000000" : 224256,
            "30.000000" : 252928,
            "40.000000" : 276480,
            "50.000000" : 305152,
            "60.000000" : 342016,
            "70.000000" : 374784,
            "80.000000" : 411648,
            "90.000000" : 456704,
            "95.000000" : 501760,
            "99.000000" : 643072,
            "99.500000" : 724992,
            "99.900000" : 8978432,
            "99.950000" : 10813440,
            "99.990000" : 13041664
          }
        },
        "lat_ns" : {
          "min" : 83428,
          "max" : 552693604,
          "mean" : 344830.084702,
          "stddev" : 2049203.041200,
          "N" : 172440
        },
        "bw_min" : 32,
        "bw_max" : 89156,
        "bw_agg" : 100.000000,
        "bw_mean" : 46007.705882,
        "bw_dev" : 13764.893742,
        "bw_samples" : 119,
        "iops_min" : 2,
        "iops_max" : 5572,
        "iops_mean" : 2875.218487,
        "iops_stddev" : 860.178087,
        "iops_samples" : 119
      },
      "trim" : {
        "io_bytes" : 0,
        "io_kbytes" : 0,
        "bw_bytes" : 0,
        "bw" : 0,
        "iops" : 0.000000,
        "runtime" : 0,
        "total_ios" : 0,
        "short_ios" : 0,
        "drop_ios" : 0,
        "slat_ns" : {
          "min" : 0,
          "max" : 0,
          "mean" : 0.000000,
          "stddev" : 0.000000,
          "N" : 0
        },
        "clat_ns" : {
          "min" : 0,
          "max" : 0,
          "mean" : 0.000000,
          "stddev" : 0.000000,
          "N" : 0
        },
        "lat_ns" : {
          "min" : 0,
          "max" : 0,
          "mean" : 0.000000,
          "stddev" : 0.000000,
          "N" : 0
        },
        "bw_min" : 0,
        "bw_max" : 0,
        "bw_agg" : 0.000000,
        "bw_mean" : 0.000000,
        "bw_dev" : 0.000000,
        "bw_samples" : 0,
        "iops_min" : 0,
        "iops_max" : 0,
        "iops_mean" : 0.000000,
        "iops_stddev" : 0.000000,
        "iops_samples" : 0
      },
      "sync" : {
        "total_ios" : 0,
        "lat_ns" : {
          "min" : 0,
          "max" : 0,
          "mean" : 0.000000,
          "stddev" : 0.000000,
          "N" : 0
        }
      },
      "job_runtime" : 60000,
      "usr_cpu" : 2.818333,
      "sys_cpu" : 18.973333,
      "ctx" : 172444,
      "majf" : 0,
      "minf" : 12,
      "iodepth_level" : {
        "1" : 100.000000,
        "2" : 0.000000,
        "4" : 0.000000,
        "8" : 0.000000,
        "16" : 0.000000,
        "32" : 0.000000,
        ">=64" : 0.000000
      },
      "iodepth_submit" : {
        "0" : 0.000000,
        "4" : 100.000000,
        "8" : 0.000000,
        "16" : 0.000000,
        "32" : 0.000000,
        "64" : 0.000000,
        ">=64" : 0.000000
      },
      "iodepth_complete" : {
        "0" : 0.000000,
        "4" : 100.000000,
        "8" : 0.000000,
        "16" : 0.000000,
        "32" : 0.000000,
        "64" : 0.000000,
        ">=64" : 0.000000
      },
      "latency_ns" : {
        "2" : 0.000000,
        "4" : 0.000000,
        "10" : 0.000000,
        "20" : 0.000000,
        "50" : 0.000000,
        "100" : 0.000000,
        "250" : 0.000000,
        "500" : 0.000000,
        "750" : 0.000000,
        "1000" : 0.000000
      },
      "latency_us" : {
        "2" : 0.000000,
        "4" : 0.000000,
        "10" : 0.000000,
        "20" : 0.000000,
        "50" : 0.000000,
        "100" : 0.023776,
        "250" : 28.649385,
        "500" : 66.084435,
        "750" : 4.815008,
        "1000" : 0.115982
      },
      "latency_ms" : {
        "2" : 0.022617,
        "4" : 0.040014,
        "10" : 0.176873,
        "20" : 0.069010,
        "50" : 0.010000,
        "100" : 0.000000,
        "250" : 0.010000,
        "500" : 0.010000,
        "750" : 0.010000,
        "1000" : 0.000000,
        "2000" : 0.000000,
        ">=2000" : 0.000000
      },
      "latency_depth" : 1,
      "latency_target" : 0,
      "latency_percentile" : 100.000000,
      "latency_window" : 0
    }
  ],
  "disk_util" : [
    {
      "name" : "sde",
      "read_ios" : 0,
      "write_ios" : 171964,
      "read_sectors" : 0,
      "write_sectors" : 5501752,
      "read_merges" : 0,
      "write_merges" : 47,
      "read_ticks" : 0,
      "write_ticks" : 45503,
      "in_queue" : 45535,
      "util" : 68.949604
    }
  ]
}
