{
  "fio version" : "fio-3.36",
  "timestamp" : 1773833304,
  "timestamp_ms" : 1773833304214,
  "time" : "Wed Mar 18 19:28:24 2026",
  "jobs" : [
    {
      "jobname" : "bs_128k_rand_read",
      "groupid" : 0,
      "job_start" : 1773833239866,
      "error" : 0,
      "eta" : 0,
      "elapsed" : 61,
      "job options" : {
        "name" : "bs_128k_rand_read",
        "filename" : "fio_test_file",
        "rw" : "randread",
        "bs" : "128k",
        "ioengine" : "pvsync",
        "numjobs" : "1",
        "iodepth" : "1",
        "size" : "1G",
        "time_based" : "1",
        "runtime" : "60",
        "direct" : "1",
        "group_reporting" : "1"
      },
      "read" : {
        "io_bytes" : 11486887936,
        "io_kbytes" : 11217664,
        "bw_bytes" : 191444941,
        "bw" : 186957,
        "iops" : 1460.608990,
        "runtime" : 60001,
        "total_ios" : 87638,
        "short_ios" : 0,
        "drop_ios" : 0,
        "slat_ns" : {
          "min" : 0,
          "max" : 0,
          "mean" : 0.000000,
          "stddev" : 0.000000,
          "N" : 0
        },
        "clat_ns" : {
          "min" : 255901,
          "max" : 14316886,
          "mean" : 680297.906878,
          "stddev" : 150314.773554,
          "N" : 87638,
          "percentile" : {
            "1.000000" : 436224,
            "5.000000" : 489472,
            "10.000000" : 522240,
            "20.000000" : 561152,
            "30.000000" : 602112,
            "40.000000" : 634880,
            "50.000000" : 667648,
            "60.000000" : 700416,
            "70.000000" : 733184,
            "80.000000" : 782336,
            "90.000000" : 856064,
            "95.000000" : 913408,
            "99.000000" : 1073152,
            "99.500000" : 1122304,
            "99.900000" : 1253376,
            "99.950000" : 1318912,
            "99.990000" : 4292608
          }
        },
        "lat_ns" : {
          "min" : 256186,
          "max" : 14317767,
          "mean" : 680614.890116,
          "stddev" : 150341.800965,
          "N" : 87638
        },
        "bw_min" : 164608,
        "bw_max" : 223744,
        "bw_agg" : 100.000000,
        "bw_mean" : 187137.663866,
        "bw_dev" : 7478.651063,
        "bw_samples" : 119,
        "iops_min" : 1286,
        "iops_max" : 1748,
        "iops_mean" : 1461.865546,
        "iops_stddev" : 58.454955,
        "iops_samples" : 119
      },
      "write" : {
        "io_bytes" : 0,
        "io_kbytes" : 0,
        "bw_bytes" : 0,
        "bw" : 0,
        "iops" : 0.000000,
        "runtime" : 0,
        "total_ios" : 0,
        "short_ios" : 0,
        "drop_ios" : 0,
        "slat_ns" : {
          "min" : 0,
          "max" : 0,
          "mean" : 0.000000,
          "stddev" : 0.000000,
          "N" : 0
        },
        "clat_ns" : {
          "min" : 0,
          "max" : 0,
          "mean" : 0.000000,
          "stddev" : 0.000000,
          "N" : 0
        },
        "lat_ns" : {
          "min" : 0,
          "max" : 0,
          "mean" : 0.000000,
          "stddev" : 0.000000,
          "N" : 0
        },
        "bw_min" : 0,
        "bw_max" : 0,
        "bw_agg" : 0.000000,
        "bw_mean" : 0.000000,
        "bw_dev" : 0.000000,
        "bw_samples" : 0,
        "iops_min" : 0,
        "iops_max" : 0,
        "iops_mean" : 0.000000,
        "iops_stddev" : 0.000000,
        "iops_samples" : 0
      },
      "trim" : {
        "io_bytes" : 0,
        "io_kbytes" : 0,
        "bw_bytes" : 0,
        "bw" : 0,
        "iops" : 0.000000,
        "runtime" : 0,
        "total_ios" : 0,
        "short_ios" : 0,
        "drop_ios" : 0,
        "slat_ns" : {
          "min" : 0,
          "max" : 0,
          "mean" : 0.000000,
          "stddev" : 0.000000,
          "N" : 0
        },
        "clat_ns" : {
          "min" : 0,
          "max" : 0,
          "mean" : 0.000000,
          "stddev" : 0.000000,
          "N" : 0
        },
        "lat_ns" : {
          "min" : 0,
          "max" : 0,
          "mean" : 0.000000,
          "stddev" : 0.000000,
          "N" : 0
        },
        "bw_min" : 0,
        "bw_max" : 0,
        "bw_agg" : 0.000000,
        "bw_mean" : 0.000000,
        "bw_dev" : 0.000000,
        "bw_samples" : 0,
        "iops_min" : 0,
        "iops_max" : 0,
        "iops_mean" : 0.000000,
        "iops_stddev" : 0.000000,
        "iops_samples" : 0
      },
      "sync" : {
        "total_ios" : 0,
        "lat_ns" : {
          "min" : 0,
          "max" : 0,
          "mean" : 0.000000,
          "stddev" : 0.000000,
          "N" : 0
        }
      },
      "job_runtime" : 60000,
      "usr_cpu" : 1.815000,
      "sys_cpu" : 7.160000,
      "ctx" : 87641,
      "majf" : 0,
      "minf" : 43,
      "iodepth_level" : {
        "1" : 100.000000,
        "2" : 0.000000,
        "4" : 0.000000,
        "8" : 0.000000,
        "16" : 0.000000,
        "32" : 0.000000,
        ">=64" : 0.000000
      },
      "iodepth_submit" : {
        "0" : 0.000000,
        "4" : 100.000000,
        "8" : 0.000000,
        "16" : 0.000000,
        "32" : 0.000000,
        "64" : 0.000000,
        ">=64" : 0.000000
      },
      "iodepth_complete" : {
        "0" : 0.000000,
        "4" : 100.000000,
        "8" : 0.000000,
        "16" : 0.000000,
        "32" : 0.000000,
        "64" : 0.000000,
        ">=64" : 0.000000
      },
      "latency_ns" : {
        "2" : 0.000000,
        "4" : 0.000000,
        "10" : 0.000000,
        "20" : 0.000000,
        "50" : 0.000000,
        "100" : 0.000000,
        "250" : 0.000000,
        "500" : 0.000000,
        "750" : 0.000000,
        "1000" : 0.000000
      },
      "latency_us" : {
        "2" : 0.000000,
        "4" : 0.000000,
        "10" : 0.000000,
        "20" : 0.000000,
        "50" : 0.000000,
        "100" : 0.000000,
        "250" : 0.000000,
        "500" : 6.499464,
        "750" : 66.707364,
        "1000" : 24.795180
      },
      "latency_ms" : {
        "2" : 1.979735,
        "4" : 0.010000,
        "10" : 0.010270,
        "20" : 0.010000,
        "50" : 0.000000,
        "100" : 0.000000,
        "250" : 0.000000,
        "500" : 0.000000,
        "750" : 0.000000,
        "1000" : 0.000000,
        "2000" : 0.000000,
        ">=2000" : 0.000000
      },
      "latency_depth" : 1,
      "latency_target" : 0,
      "latency_percentile" : 100.000000,
      "latency_window" : 0
    }
  ],
  "disk_util" : [
    {
      "name" : "sde",
      "read_ios" : 87369,
      "write_ios" : 53,
      "read_sectors" : 22366472,
      "write_sectors" : 832,
      "read_merges" : 0,
      "write_merges" : 32,
      "read_ticks" : 54744,
      "write_ticks" : 52,
      "in_queue" : 54817,
      "util" : 86.343494
    }
  ]
}
