{
  "fio version" : "fio-3.36",
  "timestamp" : 1773833935,
  "timestamp_ms" : 1773833935526,
  "time" : "Wed Mar 18 19:38:55 2026",
  "jobs" : [
    {
      "jobname" : "bs_128k_rand_write",
      "groupid" : 0,
      "job_start" : 1773833875511,
      "error" : 0,
      "eta" : 0,
      "elapsed" : 61,
      "job options" : {
        "name" : "bs_128k_rand_write",
        "filename" : "fio_test_file",
        "rw" : "randwrite",
        "bs" : "128k",
        "ioengine" : "pvsync",
        "numjobs" : "1",
        "iodepth" : "1",
        "size" : "1G",
        "time_based" : "1",
        "runtime" : "60",
        "direct" : "1",
        "group_reporting" : "1"
      },
      "read" : {
        "io_bytes" : 0,
        "io_kbytes" : 0,
        "bw_bytes" : 0,
        "bw" : 0,
        "iops" : 0.000000,
        "runtime" : 0,
        "total_ios" : 0,
        "short_ios" : 0,
        "drop_ios" : 0,
        "slat_ns" : {
          "min" : 0,
          "max" : 0,
          "mean" : 0.000000,
          "stddev" : 0.000000,
          "N" : 0
        },
        "clat_ns" : {
          "min" : 0,
          "max" : 0,
          "mean" : 0.000000,
          "stddev" : 0.000000,
          "N" : 0
        },
        "lat_ns" : {
          "min" : 0,
          "max" : 0,
          "mean" : 0.000000,
          "stddev" : 0.000000,
          "N" : 0
        },
        "bw_min" : 0,
        "bw_max" : 0,
        "bw_agg" : 0.000000,
        "bw_mean" : 0.000000,
        "bw_dev" : 0.000000,
        "bw_samples" : 0,
        "iops_min" : 0,
        "iops_max" : 0,
        "iops_mean" : 0.000000,
        "iops_stddev" : 0.000000,
        "iops_samples" : 0
      },
      "write" : {
        "io_bytes" : 16299851776,
        "io_kbytes" : 15917824,
        "bw_bytes" : 271659668,
        "bw" : 265292,
        "iops" : 2072.598790,
        "runtime" : 60001,
        "total_ios" : 124358,
        "short_ios" : 0,
        "drop_ios" : 0,
        "slat_ns" : {
          "min" : 0,
          "max" : 0,
          "mean" : 0.000000,
          "stddev" : 0.000000,
          "N" : 0
        },
        "clat_ns" : {
          "min" : 131335,
          "max" : 162941637,
          "mean" : 472692.499871,
          "stddev" : 906916.998532,
          "N" : 124358,
          "percentile" : {
            "1.000000" : 173056,
            "5.000000" : 259072,
            "10.000000" : 292864,
            "20.000000" : 337920,
            "30.000000" : 382976,
            "40.000000" : 411648,
            "50.000000" : 440320,
            "60.000000" : 464896,
            "70.000000" : 501760,
            "80.000000" : 536576,
            "90.000000" : 585728,
            "95.000000" : 659456,
            "99.000000" : 1548288,
            "99.500000" : 2072576,
            "99.900000" : 3031040,
            "99.950000" : 5865472,
            "99.990000" : 32636928
          }
        },
        "lat_ns" : {
          "min" : 136027,
          "max" : 162948057,
          "mean" : 479102.383843,
          "stddev" : 906946.221825,
          "N" : 124358
        },
        "bw_min" : 171520,
        "bw_max" : 367872,
        "bw_agg" : 100.000000,
        "bw_mean" : 265805.445378,
        "bw_dev" : 25278.902183,
        "bw_samples" : 119,
        "iops_min" : 1340,
        "iops_max" : 2874,
        "iops_mean" : 2076.579832,
        "iops_stddev" : 197.500118,
        "iops_samples" : 119
      },
      "trim" : {
        "io_bytes" : 0,
        "io_kbytes" : 0,
        "bw_bytes" : 0,
        "bw" : 0,
        "iops" : 0.000000,
        "runtime" : 0,
        "total_ios" : 0,
        "short_ios" : 0,
        "drop_ios" : 0,
        "slat_ns" : {
          "min" : 0,
          "max" : 0,
          "mean" : 0.000000,
          "stddev" : 0.000000,
          "N" : 0
        },
        "clat_ns" : {
          "min" : 0,
          "max" : 0,
          "mean" : 0.000000,
          "stddev" : 0.000000,
          "N" : 0
        },
        "lat_ns" : {
          "min" : 0,
          "max" : 0,
          "mean" : 0.000000,
          "stddev" : 0.000000,
          "N" : 0
        },
        "bw_min" : 0,
        "bw_max" : 0,
        "bw_agg" : 0.000000,
        "bw_mean" : 0.000000,
        "bw_dev" : 0.000000,
        "bw_samples" : 0,
        "iops_min" : 0,
        "iops_max" : 0,
        "iops_mean" : 0.000000,
        "iops_stddev" : 0.000000,
        "iops_samples" : 0
      },
      "sync" : {
        "total_ios" : 0,
        "lat_ns" : {
          "min" : 0,
          "max" : 0,
          "mean" : 0.000000,
          "stddev" : 0.000000,
          "N" : 0
        }
      },
      "job_runtime" : 60000,
      "usr_cpu" : 3.101667,
      "sys_cpu" : 15.190000,
      "ctx" : 124362,
      "majf" : 0,
      "minf" : 11,
      "iodepth_level" : {
        "1" : 100.000000,
        "2" : 0.000000,
        "4" : 0.000000,
        "8" : 0.000000,
        "16" : 0.000000,
        "32" : 0.000000,
        ">=64" : 0.000000
      },
      "iodepth_submit" : {
        "0" : 0.000000,
        "4" : 100.000000,
        "8" : 0.000000,
        "16" : 0.000000,
        "32" : 0.000000,
        "64" : 0.000000,
        ">=64" : 0.000000
      },
      "iodepth_complete" : {
        "0" : 0.000000,
        "4" : 100.000000,
        "8" : 0.000000,
        "16" : 0.000000,
        "32" : 0.000000,
        "64" : 0.000000,
        ">=64" : 0.000000
      },
      "latency_ns" : {
        "2" : 0.000000,
        "4" : 0.000000,
        "10" : 0.000000,
        "20" : 0.000000,
        "50" : 0.000000,
        "100" : 0.000000,
        "250" : 0.000000,
        "500" : 0.000000,
        "750" : 0.000000,
        "1000" : 0.000000
      },
      "latency_us" : {
        "2" : 0.000000,
        "4" : 0.000000,
        "10" : 0.000000,
        "20" : 0.000000,
        "50" : 0.000000,
        "100" : 0.000000,
        "250" : 4.241786,
        "500" : 65.508451,
        "750" : 27.278502,
        "1000" : 1.259268
      },
      "latency_ms" : {
        "2" : 1.145885,
        "4" : 0.502581,
        "10" : 0.044227,
        "20" : 0.010000,
        "50" : 0.010000,
        "100" : 0.010000,
        "250" : 0.010000,
        "500" : 0.000000,
        "750" : 0.000000,
        "1000" : 0.000000,
        "2000" : 0.000000,
        ">=2000" : 0.000000
      },
      "latency_depth" : 1,
      "latency_target" : 0,
      "latency_percentile" : 100.000000,
      "latency_window" : 0
    }
  ],
  "disk_util" : [
    {
      "name" : "sde",
      "read_ios" : 0,
      "write_ios" : 124197,
      "read_sectors" : 0,
      "write_sectors" : 31781064,
      "read_merges" : 0,
      "write_merges" : 48,
      "read_ticks" : 0,
      "write_ticks" : 45832,
      "in_queue" : 45888,
      "util" : 68.747705
    }
  ]
}
