{
  "fio version" : "fio-3.36",
  "timestamp" : 1773833117,
  "timestamp_ms" : 1773833117827,
  "time" : "Wed Mar 18 19:25:17 2026",
  "jobs" : [
    {
      "jobname" : "bs_16k_rand_read",
      "groupid" : 0,
      "job_start" : 1773833057807,
      "error" : 0,
      "eta" : 0,
      "elapsed" : 61,
      "job options" : {
        "name" : "bs_16k_rand_read",
        "filename" : "fio_test_file",
        "rw" : "randread",
        "bs" : "16k",
        "ioengine" : "pvsync",
        "numjobs" : "1",
        "iodepth" : "1",
        "size" : "1G",
        "time_based" : "1",
        "runtime" : "60",
        "direct" : "1",
        "group_reporting" : "1"
      },
      "read" : {
        "io_bytes" : 1960689664,
        "io_kbytes" : 1914736,
        "bw_bytes" : 32677616,
        "bw" : 31911,
        "iops" : 1994.483425,
        "runtime" : 60001,
        "total_ios" : 119671,
        "short_ios" : 0,
        "drop_ios" : 0,
        "slat_ns" : {
          "min" : 0,
          "max" : 0,
          "mean" : 0.000000,
          "stddev" : 0.000000,
          "N" : 0
        },
        "clat_ns" : {
          "min" : 140704,
          "max" : 5280988,
          "mean" : 497232.212875,
          "stddev" : 134827.638985,
          "N" : 119671,
          "percentile" : {
            "1.000000" : 242688,
            "5.000000" : 317440,
            "10.000000" : 354304,
            "20.000000" : 403456,
            "30.000000" : 436224,
            "40.000000" : 460800,
            "50.000000" : 489472,
            "60.000000" : 522240,
            "70.000000" : 552960,
            "80.000000" : 585728,
            "90.000000" : 634880,
            "95.000000" : 692224,
            "99.000000" : 823296,
            "99.500000" : 888832,
            "99.900000" : 1138688,
            "99.950000" : 2146304,
            "99.990000" : 4227072
          }
        },
        "lat_ns" : {
          "min" : 140737,
          "max" : 5281515,
          "mean" : 497541.269999,
          "stddev" : 134860.320125,
          "N" : 119671
        },
        "bw_min" : 27936,
        "bw_max" : 40384,
        "bw_agg" : 100.000000,
        "bw_mean" : 31954.661017,
        "bw_dev" : 2002.911506,
        "bw_samples" : 118,
        "iops_min" : 1746,
        "iops_max" : 2524,
        "iops_mean" : 1996.898305,
        "iops_stddev" : 125.155588,
        "iops_samples" : 118
      },
      "write" : {
        "io_bytes" : 0,
        "io_kbytes" : 0,
        "bw_bytes" : 0,
        "bw" : 0,
        "iops" : 0.000000,
        "runtime" : 0,
        "total_ios" : 0,
        "short_ios" : 0,
        "drop_ios" : 0,
        "slat_ns" : {
          "min" : 0,
          "max" : 0,
          "mean" : 0.000000,
          "stddev" : 0.000000,
          "N" : 0
        },
        "clat_ns" : {
          "min" : 0,
          "max" : 0,
          "mean" : 0.000000,
          "stddev" : 0.000000,
          "N" : 0
        },
        "lat_ns" : {
          "min" : 0,
          "max" : 0,
          "mean" : 0.000000,
          "stddev" : 0.000000,
          "N" : 0
        },
        "bw_min" : 0,
        "bw_max" : 0,
        "bw_agg" : 0.000000,
        "bw_mean" : 0.000000,
        "bw_dev" : 0.000000,
        "bw_samples" : 0,
        "iops_min" : 0,
        "iops_max" : 0,
        "iops_mean" : 0.000000,
        "iops_stddev" : 0.000000,
        "iops_samples" : 0
      },
      "trim" : {
        "io_bytes" : 0,
        "io_kbytes" : 0,
        "bw_bytes" : 0,
        "bw" : 0,
        "iops" : 0.000000,
        "runtime" : 0,
        "total_ios" : 0,
        "short_ios" : 0,
        "drop_ios" : 0,
        "slat_ns" : {
          "min" : 0,
          "max" : 0,
          "mean" : 0.000000,
          "stddev" : 0.000000,
          "N" : 0
        },
        "clat_ns" : {
          "min" : 0,
          "max" : 0,
          "mean" : 0.000000,
          "stddev" : 0.000000,
          "N" : 0
        },
        "lat_ns" : {
          "min" : 0,
          "max" : 0,
          "mean" : 0.000000,
          "stddev" : 0.000000,
          "N" : 0
        },
        "bw_min" : 0,
        "bw_max" : 0,
        "bw_agg" : 0.000000,
        "bw_mean" : 0.000000,
        "bw_dev" : 0.000000,
        "bw_samples" : 0,
        "iops_min" : 0,
        "iops_max" : 0,
        "iops_mean" : 0.000000,
        "iops_stddev" : 0.000000,
        "iops_samples" : 0
      },
      "sync" : {
        "total_ios" : 0,
        "lat_ns" : {
          "min" : 0,
          "max" : 0,
          "mean" : 0.000000,
          "stddev" : 0.000000,
          "N" : 0
        }
      },
      "job_runtime" : 60000,
      "usr_cpu" : 2.396667,
      "sys_cpu" : 7.931667,
      "ctx" : 119673,
      "majf" : 0,
      "minf" : 14,
      "iodepth_level" : {
        "1" : 100.000000,
        "2" : 0.000000,
        "4" : 0.000000,
        "8" : 0.000000,
        "16" : 0.000000,
        "32" : 0.000000,
        ">=64" : 0.000000
      },
      "iodepth_submit" : {
        "0" : 0.000000,
        "4" : 100.000000,
        "8" : 0.000000,
        "16" : 0.000000,
        "32" : 0.000000,
        "64" : 0.000000,
        ">=64" : 0.000000
      },
      "iodepth_complete" : {
        "0" : 0.000000,
        "4" : 100.000000,
        "8" : 0.000000,
        "16" : 0.000000,
        "32" : 0.000000,
        "64" : 0.000000,
        ">=64" : 0.000000
      },
      "latency_ns" : {
        "2" : 0.000000,
        "4" : 0.000000,
        "10" : 0.000000,
        "20" : 0.000000,
        "50" : 0.000000,
        "100" : 0.000000,
        "250" : 0.000000,
        "500" : 0.000000,
        "750" : 0.000000,
        "1000" : 0.000000
      },
      "latency_us" : {
        "2" : 0.000000,
        "4" : 0.000000,
        "10" : 0.000000,
        "20" : 0.000000,
        "50" : 0.000000,
        "100" : 0.000000,
        "250" : 1.125586,
        "500" : 52.553250,
        "750" : 43.922922,
        "1000" : 2.219418
      },
      "latency_ms" : {
        "2" : 0.123672,
        "4" : 0.040946,
        "10" : 0.014206,
        "20" : 0.000000,
        "50" : 0.000000,
        "100" : 0.000000,
        "250" : 0.000000,
        "500" : 0.000000,
        "750" : 0.000000,
        "1000" : 0.000000,
        "2000" : 0.000000,
        ">=2000" : 0.000000
      },
      "latency_depth" : 1,
      "latency_target" : 0,
      "latency_percentile" : 100.000000,
      "latency_window" : 0
    }
  ],
  "disk_util" : [
    {
      "name" : "sde",
      "read_ios" : 120391,
      "write_ios" : 123,
      "read_sectors" : 3871432,
      "write_sectors" : 2280,
      "read_merges" : 736,
      "write_merges" : 144,
      "read_ticks" : 47831,
      "write_ticks" : 123,
      "in_queue" : 47979,
      "util" : 73.525194
    }
  ]
}
