{
  "fio version" : "fio-3.36",
  "timestamp" : 1775096880,
  "timestamp_ms" : 1775096880123,
  "time" : "Thu Apr  2 10:28:00 2026",
  "jobs" : [
    {
      "jobname" : "bs_1k_rand_read",
      "groupid" : 0,
      "job_start" : 1775096850112,
      "error" : 0,
      "eta" : 0,
      "elapsed" : 31,
      "job options" : {
        "name" : "bs_1k_rand_read",
        "filename" : "fio_test_file",
        "rw" : "randread",
        "bs" : "1k",
        "ioengine" : "pvsync",
        "numjobs" : "1",
        "iodepth" : "1",
        "size" : "1G",
        "time_based" : "1",
        "runtime" : "30",
        "direct" : "1",
        "group_reporting" : "1"
      },
      "read" : {
        "io_bytes" : 230144000,
        "io_kbytes" : 224750,
        "bw_bytes" : 7671210,
        "bw" : 7491,
        "iops" : 7491.416953,
        "runtime" : 30001,
        "total_ios" : 224750,
        "short_ios" : 0,
        "drop_ios" : 0,
        "slat_ns" : {
          "min" : 0,
          "max" : 0,
          "mean" : 0.000000,
          "stddev" : 0.000000,
          "N" : 0
        },
        "clat_ns" : {
          "min" : 55323,
          "max" : 6430371,
          "mean" : 132796.462870,
          "stddev" : 46403.850530,
          "N" : 224750,
          "percentile" : {
            "1.000000" : 88576,
            "5.000000" : 91648,
            "10.000000" : 94720,
            "20.000000" : 101888,
            "30.000000" : 121344,
            "40.000000" : 124416,
            "50.000000" : 127488,
            "60.000000" : 130560,
            "70.000000" : 136192,
            "80.000000" : 146432,
            "90.000000" : 168960,
            "95.000000" : 187392,
            "99.000000" : 305152,
            "99.500000" : 346112,
            "99.900000" : 448512,
            "99.950000" : 493568,
            "99.990000" : 1253376
          }
        },
        "lat_ns" : {
          "min" : 55336,
          "max" : 6430434,
          "mean" : 132832.108036,
          "stddev" : 46418.072046,
          "N" : 224750
        },
        "bw_min" : 6284,
        "bw_max" : 7798,
        "bw_agg" : 100.000000,
        "bw_mean" : 7493.559322,
        "bw_dev" : 345.294091,
        "bw_samples" : 59,
        "iops_min" : 6284,
        "iops_max" : 7798,
        "iops_mean" : 7493.559322,
        "iops_stddev" : 345.294091,
        "iops_samples" : 59
      },
      "write" : {
        "io_bytes" : 0,
        "io_kbytes" : 0,
        "bw_bytes" : 0,
        "bw" : 0,
        "iops" : 0.000000,
        "runtime" : 0,
        "total_ios" : 0,
        "short_ios" : 0,
        "drop_ios" : 0,
        "slat_ns" : {
          "min" : 0,
          "max" : 0,
          "mean" : 0.000000,
          "stddev" : 0.000000,
          "N" : 0
        },
        "clat_ns" : {
          "min" : 0,
          "max" : 0,
          "mean" : 0.000000,
          "stddev" : 0.000000,
          "N" : 0
        },
        "lat_ns" : {
          "min" : 0,
          "max" : 0,
          "mean" : 0.000000,
          "stddev" : 0.000000,
          "N" : 0
        },
        "bw_min" : 0,
        "bw_max" : 0,
        "bw_agg" : 0.000000,
        "bw_mean" : 0.000000,
        "bw_dev" : 0.000000,
        "bw_samples" : 0,
        "iops_min" : 0,
        "iops_max" : 0,
        "iops_mean" : 0.000000,
        "iops_stddev" : 0.000000,
        "iops_samples" : 0
      },
      "trim" : {
        "io_bytes" : 0,
        "io_kbytes" : 0,
        "bw_bytes" : 0,
        "bw" : 0,
        "iops" : 0.000000,
        "runtime" : 0,
        "total_ios" : 0,
        "short_ios" : 0,
        "drop_ios" : 0,
        "slat_ns" : {
          "min" : 0,
          "max" : 0,
          "mean" : 0.000000,
          "stddev" : 0.000000,
          "N" : 0
        },
        "clat_ns" : {
          "min" : 0,
          "max" : 0,
          "mean" : 0.000000,
          "stddev" : 0.000000,
          "N" : 0
        },
        "lat_ns" : {
          "min" : 0,
          "max" : 0,
          "mean" : 0.000000,
          "stddev" : 0.000000,
          "N" : 0
        },
        "bw_min" : 0,
        "bw_max" : 0,
        "bw_agg" : 0.000000,
        "bw_mean" : 0.000000,
        "bw_dev" : 0.000000,
        "bw_samples" : 0,
        "iops_min" : 0,
        "iops_max" : 0,
        "iops_mean" : 0.000000,
        "iops_stddev" : 0.000000,
        "iops_samples" : 0
      },
      "sync" : {
        "total_ios" : 0,
        "lat_ns" : {
          "min" : 0,
          "max" : 0,
          "mean" : 0.000000,
          "stddev" : 0.000000,
          "N" : 0
        }
      },
      "job_runtime" : 30000,
      "usr_cpu" : 1.133333,
      "sys_cpu" : 5.143333,
      "ctx" : 224766,
      "majf" : 0,
      "minf" : 26,
      "iodepth_level" : {
        "1" : 100.000000,
        "2" : 0.000000,
        "4" : 0.000000,
        "8" : 0.000000,
        "16" : 0.000000,
        "32" : 0.000000,
        ">=64" : 0.000000
      },
      "iodepth_submit" : {
        "0" : 0.000000,
        "4" : 100.000000,
        "8" : 0.000000,
        "16" : 0.000000,
        "32" : 0.000000,
        "64" : 0.000000,
        ">=64" : 0.000000
      },
      "iodepth_complete" : {
        "0" : 0.000000,
        "4" : 100.000000,
        "8" : 0.000000,
        "16" : 0.000000,
        "32" : 0.000000,
        "64" : 0.000000,
        ">=64" : 0.000000
      },
      "latency_ns" : {
        "2" : 0.000000,
        "4" : 0.000000,
        "10" : 0.000000,
        "20" : 0.000000,
        "50" : 0.000000,
        "100" : 0.000000,
        "250" : 0.000000,
        "500" : 0.000000,
        "750" : 0.000000,
        "1000" : 0.000000
      },
      "latency_us" : {
        "2" : 0.000000,
        "4" : 0.000000,
        "10" : 0.000000,
        "20" : 0.000000,
        "50" : 0.000000,
        "100" : 18.048943,
        "250" : 79.942603,
        "500" : 1.963515,
        "750" : 0.029811,
        "1000" : 0.010000
      },
      "latency_ms" : {
        "2" : 0.010000,
        "4" : 0.010000,
        "10" : 0.010000,
        "20" : 0.000000,
        "50" : 0.000000,
        "100" : 0.000000,
        "250" : 0.000000,
        "500" : 0.000000,
        "750" : 0.000000,
        "1000" : 0.000000,
        "2000" : 0.000000,
        ">=2000" : 0.000000
      },
      "latency_depth" : 1,
      "latency_target" : 0,
      "latency_percentile" : 100.000000,
      "latency_window" : 0
    }
  ],
  "disk_util" : [
    {
      "name" : "sdd",
      "read_ios" : 224460,
      "write_ios" : 106,
      "read_sectors" : 464210,
      "write_sectors" : 9768,
      "read_merges" : 143,
      "write_merges" : 119,
      "read_ticks" : 27744,
      "write_ticks" : 54,
      "in_queue" : 27805,
      "util" : 86.139274
    }
  ]
}
