{
  "fio version" : "fio-3.36",
  "timestamp" : 1775097142,
  "timestamp_ms" : 1775097142507,
  "time" : "Thu Apr  2 10:32:22 2026",
  "jobs" : [
    {
      "jobname" : "bs_2k_rand_write",
      "groupid" : 0,
      "job_start" : 1775097102673,
      "error" : 0,
      "eta" : 0,
      "elapsed" : 31,
      "job options" : {
        "name" : "bs_2k_rand_write",
        "filename" : "fio_test_file",
        "rw" : "randwrite",
        "bs" : "2k",
        "ioengine" : "pvsync",
        "numjobs" : "1",
        "iodepth" : "1",
        "size" : "1G",
        "time_based" : "1",
        "runtime" : "30",
        "direct" : "1",
        "group_reporting" : "1"
      },
      "read" : {
        "io_bytes" : 0,
        "io_kbytes" : 0,
        "bw_bytes" : 0,
        "bw" : 0,
        "iops" : 0.000000,
        "runtime" : 0,
        "total_ios" : 0,
        "short_ios" : 0,
        "drop_ios" : 0,
        "slat_ns" : {
          "min" : 0,
          "max" : 0,
          "mean" : 0.000000,
          "stddev" : 0.000000,
          "N" : 0
        },
        "clat_ns" : {
          "min" : 0,
          "max" : 0,
          "mean" : 0.000000,
          "stddev" : 0.000000,
          "N" : 0
        },
        "lat_ns" : {
          "min" : 0,
          "max" : 0,
          "mean" : 0.000000,
          "stddev" : 0.000000,
          "N" : 0
        },
        "bw_min" : 0,
        "bw_max" : 0,
        "bw_agg" : 0.000000,
        "bw_mean" : 0.000000,
        "bw_dev" : 0.000000,
        "bw_samples" : 0,
        "iops_min" : 0,
        "iops_max" : 0,
        "iops_mean" : 0.000000,
        "iops_stddev" : 0.000000,
        "iops_samples" : 0
      },
      "write" : {
        "io_bytes" : 585713664,
        "io_kbytes" : 571986,
        "bw_bytes" : 19523138,
        "bw" : 19065,
        "iops" : 9532.782241,
        "runtime" : 30001,
        "total_ios" : 285993,
        "short_ios" : 0,
        "drop_ios" : 0,
        "slat_ns" : {
          "min" : 0,
          "max" : 0,
          "mean" : 0.000000,
          "stddev" : 0.000000,
          "N" : 0
        },
        "clat_ns" : {
          "min" : 34902,
          "max" : 477726747,
          "mean" : 103948.385698,
          "stddev" : 2335081.791241,
          "N" : 285993,
          "percentile" : {
            "1.000000" : 48384,
            "5.000000" : 50944,
            "10.000000" : 51968,
            "20.000000" : 53504,
            "30.000000" : 55552,
            "40.000000" : 60160,
            "50.000000" : 65280,
            "60.000000" : 72192,
            "70.000000" : 82432,
            "80.000000" : 94720,
            "90.000000" : 119296,
            "95.000000" : 148480,
            "99.000000" : 203776,
            "99.500000" : 228352,
            "99.900000" : 350208,
            "99.950000" : 1236992,
            "99.990000" : 106430464
          }
        },
        "lat_ns" : {
          "min" : 34945,
          "max" : 477726782,
          "mean" : 104051.042718,
          "stddev" : 2335082.708457,
          "N" : 285993
        },
        "bw_min" : 204,
        "bw_max" : 33524,
        "bw_agg" : 100.000000,
        "bw_mean" : 19254.440678,
        "bw_dev" : 10086.185568,
        "bw_samples" : 59,
        "iops_min" : 102,
        "iops_max" : 16762,
        "iops_mean" : 9627.220339,
        "iops_stddev" : 5043.092784,
        "iops_samples" : 59
      },
      "trim" : {
        "io_bytes" : 0,
        "io_kbytes" : 0,
        "bw_bytes" : 0,
        "bw" : 0,
        "iops" : 0.000000,
        "runtime" : 0,
        "total_ios" : 0,
        "short_ios" : 0,
        "drop_ios" : 0,
        "slat_ns" : {
          "min" : 0,
          "max" : 0,
          "mean" : 0.000000,
          "stddev" : 0.000000,
          "N" : 0
        },
        "clat_ns" : {
          "min" : 0,
          "max" : 0,
          "mean" : 0.000000,
          "stddev" : 0.000000,
          "N" : 0
        },
        "lat_ns" : {
          "min" : 0,
          "max" : 0,
          "mean" : 0.000000,
          "stddev" : 0.000000,
          "N" : 0
        },
        "bw_min" : 0,
        "bw_max" : 0,
        "bw_agg" : 0.000000,
        "bw_mean" : 0.000000,
        "bw_dev" : 0.000000,
        "bw_samples" : 0,
        "iops_min" : 0,
        "iops_max" : 0,
        "iops_mean" : 0.000000,
        "iops_stddev" : 0.000000,
        "iops_samples" : 0
      },
      "sync" : {
        "total_ios" : 0,
        "lat_ns" : {
          "min" : 0,
          "max" : 0,
          "mean" : 0.000000,
          "stddev" : 0.000000,
          "N" : 0
        }
      },
      "job_runtime" : 30000,
      "usr_cpu" : 2.193333,
      "sys_cpu" : 17.700000,
      "ctx" : 285979,
      "majf" : 0,
      "minf" : 10,
      "iodepth_level" : {
        "1" : 100.000000,
        "2" : 0.000000,
        "4" : 0.000000,
        "8" : 0.000000,
        "16" : 0.000000,
        "32" : 0.000000,
        ">=64" : 0.000000
      },
      "iodepth_submit" : {
        "0" : 0.000000,
        "4" : 100.000000,
        "8" : 0.000000,
        "16" : 0.000000,
        "32" : 0.000000,
        "64" : 0.000000,
        ">=64" : 0.000000
      },
      "iodepth_complete" : {
        "0" : 0.000000,
        "4" : 100.000000,
        "8" : 0.000000,
        "16" : 0.000000,
        "32" : 0.000000,
        "64" : 0.000000,
        ">=64" : 0.000000
      },
      "latency_ns" : {
        "2" : 0.000000,
        "4" : 0.000000,
        "10" : 0.000000,
        "20" : 0.000000,
        "50" : 0.000000,
        "100" : 0.000000,
        "250" : 0.000000,
        "500" : 0.000000,
        "750" : 0.000000,
        "1000" : 0.000000
      },
      "latency_us" : {
        "2" : 0.000000,
        "4" : 0.000000,
        "10" : 0.000000,
        "20" : 0.000000,
        "50" : 2.912659,
        "100" : 80.214201,
        "250" : 16.566489,
        "500" : 0.232523,
        "750" : 0.015385,
        "1000" : 0.010000
      },
      "latency_ms" : {
        "2" : 0.012238,
        "4" : 0.010000,
        "10" : 0.012238,
        "20" : 0.010000,
        "50" : 0.010000,
        "100" : 0.010000,
        "250" : 0.010000,
        "500" : 0.010000,
        "750" : 0.000000,
        "1000" : 0.000000,
        "2000" : 0.000000,
        ">=2000" : 0.000000
      },
      "latency_depth" : 1,
      "latency_target" : 0,
      "latency_percentile" : 100.000000,
      "latency_window" : 0
    }
  ],
  "disk_util" : [
    {
      "name" : "sdd",
      "read_ios" : 33,
      "write_ios" : 284458,
      "read_sectors" : 264,
      "write_sectors" : 1144844,
      "read_merges" : 0,
      "write_merges" : 64,
      "read_ticks" : 28,
      "write_ticks" : 25571,
      "in_queue" : 26238,
      "util" : 73.177240
    }
  ]
}
