{
  "fio version" : "fio-3.36",
  "timestamp" : 1773833814,
  "timestamp_ms" : 1773833814905,
  "time" : "Wed Mar 18 19:36:54 2026",
  "jobs" : [
    {
      "jobname" : "bs_32k_rand_write",
      "groupid" : 0,
      "job_start" : 1773833756989,
      "error" : 0,
      "eta" : 0,
      "elapsed" : 61,
      "job options" : {
        "name" : "bs_32k_rand_write",
        "filename" : "fio_test_file",
        "rw" : "randwrite",
        "bs" : "32k",
        "ioengine" : "pvsync",
        "numjobs" : "1",
        "iodepth" : "1",
        "size" : "1G",
        "time_based" : "1",
        "runtime" : "60",
        "direct" : "1",
        "group_reporting" : "1"
      },
      "read" : {
        "io_bytes" : 0,
        "io_kbytes" : 0,
        "bw_bytes" : 0,
        "bw" : 0,
        "iops" : 0.000000,
        "runtime" : 0,
        "total_ios" : 0,
        "short_ios" : 0,
        "drop_ios" : 0,
        "slat_ns" : {
          "min" : 0,
          "max" : 0,
          "mean" : 0.000000,
          "stddev" : 0.000000,
          "N" : 0
        },
        "clat_ns" : {
          "min" : 0,
          "max" : 0,
          "mean" : 0.000000,
          "stddev" : 0.000000,
          "N" : 0
        },
        "lat_ns" : {
          "min" : 0,
          "max" : 0,
          "mean" : 0.000000,
          "stddev" : 0.000000,
          "N" : 0
        },
        "bw_min" : 0,
        "bw_max" : 0,
        "bw_agg" : 0.000000,
        "bw_mean" : 0.000000,
        "bw_dev" : 0.000000,
        "bw_samples" : 0,
        "iops_min" : 0,
        "iops_max" : 0,
        "iops_mean" : 0.000000,
        "iops_stddev" : 0.000000,
        "iops_samples" : 0
      },
      "write" : {
        "io_bytes" : 5577244672,
        "io_kbytes" : 5446528,
        "bw_bytes" : 92952528,
        "bw" : 90773,
        "iops" : 2836.686055,
        "runtime" : 60001,
        "total_ios" : 170204,
        "short_ios" : 0,
        "drop_ios" : 0,
        "slat_ns" : {
          "min" : 0,
          "max" : 0,
          "mean" : 0.000000,
          "stddev" : 0.000000,
          "N" : 0
        },
        "clat_ns" : {
          "min" : 89203,
          "max" : 176993309,
          "mean" : 347768.464043,
          "stddev" : 665908.347928,
          "N" : 170204,
          "percentile" : {
            "1.000000" : 134144,
            "5.000000" : 142336,
            "10.000000" : 171008,
            "20.000000" : 236544,
            "30.000000" : 264192,
            "40.000000" : 284672,
            "50.000000" : 313344,
            "60.000000" : 354304,
            "70.000000" : 387072,
            "80.000000" : 432128,
            "90.000000" : 477184,
            "95.000000" : 528384,
            "99.000000" : 667648,
            "99.500000" : 741376,
            "99.900000" : 10682368,
            "99.950000" : 13172736,
            "99.990000" : 16056320
          }
        },
        "lat_ns" : {
          "min" : 90582,
          "max" : 176994437,
          "mean" : 349338.960113,
          "stddev" : 665949.959581,
          "N" : 170204
        },
        "bw_min" : 55646,
        "bw_max" : 153676,
        "bw_agg" : 100.000000,
        "bw_mean" : 90839.771186,
        "bw_dev" : 21721.193229,
        "bw_samples" : 118,
        "iops_min" : 1738,
        "iops_max" : 4802,
        "iops_mean" : 2838.432203,
        "iops_stddev" : 678.738932,
        "iops_samples" : 118
      },
      "trim" : {
        "io_bytes" : 0,
        "io_kbytes" : 0,
        "bw_bytes" : 0,
        "bw" : 0,
        "iops" : 0.000000,
        "runtime" : 0,
        "total_ios" : 0,
        "short_ios" : 0,
        "drop_ios" : 0,
        "slat_ns" : {
          "min" : 0,
          "max" : 0,
          "mean" : 0.000000,
          "stddev" : 0.000000,
          "N" : 0
        },
        "clat_ns" : {
          "min" : 0,
          "max" : 0,
          "mean" : 0.000000,
          "stddev" : 0.000000,
          "N" : 0
        },
        "lat_ns" : {
          "min" : 0,
          "max" : 0,
          "mean" : 0.000000,
          "stddev" : 0.000000,
          "N" : 0
        },
        "bw_min" : 0,
        "bw_max" : 0,
        "bw_agg" : 0.000000,
        "bw_mean" : 0.000000,
        "bw_dev" : 0.000000,
        "bw_samples" : 0,
        "iops_min" : 0,
        "iops_max" : 0,
        "iops_mean" : 0.000000,
        "iops_stddev" : 0.000000,
        "iops_samples" : 0
      },
      "sync" : {
        "total_ios" : 0,
        "lat_ns" : {
          "min" : 0,
          "max" : 0,
          "mean" : 0.000000,
          "stddev" : 0.000000,
          "N" : 0
        }
      },
      "job_runtime" : 60000,
      "usr_cpu" : 2.608333,
      "sys_cpu" : 18.740000,
      "ctx" : 170205,
      "majf" : 0,
      "minf" : 14,
      "iodepth_level" : {
        "1" : 100.000000,
        "2" : 0.000000,
        "4" : 0.000000,
        "8" : 0.000000,
        "16" : 0.000000,
        "32" : 0.000000,
        ">=64" : 0.000000
      },
      "iodepth_submit" : {
        "0" : 0.000000,
        "4" : 100.000000,
        "8" : 0.000000,
        "16" : 0.000000,
        "32" : 0.000000,
        "64" : 0.000000,
        ">=64" : 0.000000
      },
      "iodepth_complete" : {
        "0" : 0.000000,
        "4" : 100.000000,
        "8" : 0.000000,
        "16" : 0.000000,
        "32" : 0.000000,
        "64" : 0.000000,
        ">=64" : 0.000000
      },
      "latency_ns" : {
        "2" : 0.000000,
        "4" : 0.000000,
        "10" : 0.000000,
        "20" : 0.000000,
        "50" : 0.000000,
        "100" : 0.000000,
        "250" : 0.000000,
        "500" : 0.000000,
        "750" : 0.000000,
        "1000" : 0.000000
      },
      "latency_us" : {
        "2" : 0.000000,
        "4" : 0.000000,
        "10" : 0.000000,
        "20" : 0.000000,
        "50" : 0.000000,
        "100" : 0.010000,
        "250" : 24.417170,
        "500" : 68.328594,
        "750" : 6.787737,
        "1000" : 0.236775
      },
      "latency_ms" : {
        "2" : 0.061691,
        "4" : 0.021739,
        "10" : 0.035252,
        "20" : 0.102230,
        "50" : 0.010000,
        "100" : 0.010000,
        "250" : 0.010000,
        "500" : 0.000000,
        "750" : 0.000000,
        "1000" : 0.000000,
        "2000" : 0.000000,
        ">=2000" : 0.000000
      },
      "latency_depth" : 1,
      "latency_target" : 0,
      "latency_percentile" : 100.000000,
      "latency_window" : 0
    }
  ],
  "disk_util" : [
    {
      "name" : "sde",
      "read_ios" : 0,
      "write_ios" : 169943,
      "read_sectors" : 0,
      "write_sectors" : 10874280,
      "read_merges" : 0,
      "write_merges" : 46,
      "read_ticks" : 0,
      "write_ticks" : 41910,
      "in_queue" : 41939,
      "util" : 63.184628
    }
  ]
}
