{
  "fio version" : "fio-3.36",
  "timestamp" : 1773832997,
  "timestamp_ms" : 1773832997258,
  "time" : "Wed Mar 18 19:23:17 2026",
  "jobs" : [
    {
      "jobname" : "bs_4k_rand_read",
      "groupid" : 0,
      "job_start" : 1773832937700,
      "error" : 0,
      "eta" : 0,
      "elapsed" : 61,
      "job options" : {
        "name" : "bs_4k_rand_read",
        "filename" : "fio_test_file",
        "rw" : "randread",
        "bs" : "4k",
        "ioengine" : "pvsync",
        "numjobs" : "1",
        "iodepth" : "1",
        "size" : "1G",
        "time_based" : "1",
        "runtime" : "60",
        "direct" : "1",
        "group_reporting" : "1"
      },
      "read" : {
        "io_bytes" : 866418688,
        "io_kbytes" : 846112,
        "bw_bytes" : 14440070,
        "bw" : 14101,
        "iops" : 3525.407910,
        "runtime" : 60001,
        "total_ios" : 211528,
        "short_ios" : 0,
        "drop_ios" : 0,
        "slat_ns" : {
          "min" : 0,
          "max" : 0,
          "mean" : 0.000000,
          "stddev" : 0.000000,
          "N" : 0
        },
        "clat_ns" : {
          "min" : 148487,
          "max" : 2627976,
          "mean" : 280900.974032,
          "stddev" : 39627.920173,
          "N" : 211528,
          "percentile" : {
            "1.000000" : 209920,
            "5.000000" : 236544,
            "10.000000" : 246784,
            "20.000000" : 259072,
            "30.000000" : 264192,
            "40.000000" : 272384,
            "50.000000" : 276480,
            "60.000000" : 280576,
            "70.000000" : 288768,
            "80.000000" : 301056,
            "90.000000" : 317440,
            "95.000000" : 337920,
            "99.000000" : 387072,
            "99.500000" : 415744,
            "99.900000" : 626688,
            "99.950000" : 839680,
            "99.990000" : 1351680
          }
        },
        "lat_ns" : {
          "min" : 148614,
          "max" : 2628168,
          "mean" : 281096.897115,
          "stddev" : 39646.064450,
          "N" : 211528
        },
        "bw_min" : 12464,
        "bw_max" : 15256,
        "bw_agg" : 100.000000,
        "bw_mean" : 14116.084034,
        "bw_dev" : 398.886683,
        "bw_samples" : 119,
        "iops_min" : 3116,
        "iops_max" : 3814,
        "iops_mean" : 3528.831933,
        "iops_stddev" : 99.763646,
        "iops_samples" : 119
      },
      "write" : {
        "io_bytes" : 0,
        "io_kbytes" : 0,
        "bw_bytes" : 0,
        "bw" : 0,
        "iops" : 0.000000,
        "runtime" : 0,
        "total_ios" : 0,
        "short_ios" : 0,
        "drop_ios" : 0,
        "slat_ns" : {
          "min" : 0,
          "max" : 0,
          "mean" : 0.000000,
          "stddev" : 0.000000,
          "N" : 0
        },
        "clat_ns" : {
          "min" : 0,
          "max" : 0,
          "mean" : 0.000000,
          "stddev" : 0.000000,
          "N" : 0
        },
        "lat_ns" : {
          "min" : 0,
          "max" : 0,
          "mean" : 0.000000,
          "stddev" : 0.000000,
          "N" : 0
        },
        "bw_min" : 0,
        "bw_max" : 0,
        "bw_agg" : 0.000000,
        "bw_mean" : 0.000000,
        "bw_dev" : 0.000000,
        "bw_samples" : 0,
        "iops_min" : 0,
        "iops_max" : 0,
        "iops_mean" : 0.000000,
        "iops_stddev" : 0.000000,
        "iops_samples" : 0
      },
      "trim" : {
        "io_bytes" : 0,
        "io_kbytes" : 0,
        "bw_bytes" : 0,
        "bw" : 0,
        "iops" : 0.000000,
        "runtime" : 0,
        "total_ios" : 0,
        "short_ios" : 0,
        "drop_ios" : 0,
        "slat_ns" : {
          "min" : 0,
          "max" : 0,
          "mean" : 0.000000,
          "stddev" : 0.000000,
          "N" : 0
        },
        "clat_ns" : {
          "min" : 0,
          "max" : 0,
          "mean" : 0.000000,
          "stddev" : 0.000000,
          "N" : 0
        },
        "lat_ns" : {
          "min" : 0,
          "max" : 0,
          "mean" : 0.000000,
          "stddev" : 0.000000,
          "N" : 0
        },
        "bw_min" : 0,
        "bw_max" : 0,
        "bw_agg" : 0.000000,
        "bw_mean" : 0.000000,
        "bw_dev" : 0.000000,
        "bw_samples" : 0,
        "iops_min" : 0,
        "iops_max" : 0,
        "iops_mean" : 0.000000,
        "iops_stddev" : 0.000000,
        "iops_samples" : 0
      },
      "sync" : {
        "total_ios" : 0,
        "lat_ns" : {
          "min" : 0,
          "max" : 0,
          "mean" : 0.000000,
          "stddev" : 0.000000,
          "N" : 0
        }
      },
      "job_runtime" : 60000,
      "usr_cpu" : 3.225000,
      "sys_cpu" : 10.166667,
      "ctx" : 211505,
      "majf" : 0,
      "minf" : 21,
      "iodepth_level" : {
        "1" : 100.000000,
        "2" : 0.000000,
        "4" : 0.000000,
        "8" : 0.000000,
        "16" : 0.000000,
        "32" : 0.000000,
        ">=64" : 0.000000
      },
      "iodepth_submit" : {
        "0" : 0.000000,
        "4" : 100.000000,
        "8" : 0.000000,
        "16" : 0.000000,
        "32" : 0.000000,
        "64" : 0.000000,
        ">=64" : 0.000000
      },
      "iodepth_complete" : {
        "0" : 0.000000,
        "4" : 100.000000,
        "8" : 0.000000,
        "16" : 0.000000,
        "32" : 0.000000,
        "64" : 0.000000,
        ">=64" : 0.000000
      },
      "latency_ns" : {
        "2" : 0.000000,
        "4" : 0.000000,
        "10" : 0.000000,
        "20" : 0.000000,
        "50" : 0.000000,
        "100" : 0.000000,
        "250" : 0.000000,
        "500" : 0.000000,
        "750" : 0.000000,
        "1000" : 0.000000
      },
      "latency_us" : {
        "2" : 0.000000,
        "4" : 0.000000,
        "10" : 0.000000,
        "20" : 0.000000,
        "50" : 0.000000,
        "100" : 0.000000,
        "250" : 11.784728,
        "500" : 88.057846,
        "750" : 0.091714,
        "1000" : 0.035456
      },
      "latency_ms" : {
        "2" : 0.029311,
        "4" : 0.010000,
        "10" : 0.000000,
        "20" : 0.000000,
        "50" : 0.000000,
        "100" : 0.000000,
        "250" : 0.000000,
        "500" : 0.000000,
        "750" : 0.000000,
        "1000" : 0.000000,
        "2000" : 0.000000,
        ">=2000" : 0.000000
      },
      "latency_depth" : 1,
      "latency_target" : 0,
      "latency_percentile" : 100.000000,
      "latency_window" : 0
    }
  ],
  "disk_util" : [
    {
      "name" : "sde",
      "read_ios" : 211059,
      "write_ios" : 35,
      "read_sectors" : 1688472,
      "write_sectors" : 504,
      "read_merges" : 0,
      "write_merges" : 28,
      "read_ticks" : 49220,
      "write_ticks" : 29,
      "in_queue" : 49264,
      "util" : 73.958177
    }
  ]
}
