{
  "fio version" : "fio-3.36",
  "timestamp" : 1773833239,
  "timestamp_ms" : 1773833239592,
  "time" : "Wed Mar 18 19:27:19 2026",
  "jobs" : [
    {
      "jobname" : "bs_64k_rand_read",
      "groupid" : 0,
      "job_start" : 1773833178430,
      "error" : 0,
      "eta" : 0,
      "elapsed" : 61,
      "job options" : {
        "name" : "bs_64k_rand_read",
        "filename" : "fio_test_file",
        "rw" : "randread",
        "bs" : "64k",
        "ioengine" : "pvsync",
        "numjobs" : "1",
        "iodepth" : "1",
        "size" : "1G",
        "time_based" : "1",
        "runtime" : "60",
        "direct" : "1",
        "group_reporting" : "1"
      },
      "read" : {
        "io_bytes" : 6239748096,
        "io_kbytes" : 6093504,
        "bw_bytes" : 103994068,
        "bw" : 101556,
        "iops" : 1586.823553,
        "runtime" : 60001,
        "total_ios" : 95211,
        "short_ios" : 0,
        "drop_ios" : 0,
        "slat_ns" : {
          "min" : 0,
          "max" : 0,
          "mean" : 0.000000,
          "stddev" : 0.000000,
          "N" : 0
        },
        "clat_ns" : {
          "min" : 241163,
          "max" : 2823659,
          "mean" : 625599.395007,
          "stddev" : 127498.802722,
          "N" : 95211,
          "percentile" : {
            "1.000000" : 391168,
            "5.000000" : 440320,
            "10.000000" : 477184,
            "20.000000" : 522240,
            "30.000000" : 552960,
            "40.000000" : 585728,
            "50.000000" : 618496,
            "60.000000" : 643072,
            "70.000000" : 675840,
            "80.000000" : 716800,
            "90.000000" : 782336,
            "95.000000" : 856064,
            "99.000000" : 995328,
            "99.500000" : 1056768,
            "99.900000" : 1220608,
            "99.950000" : 1302528,
            "99.990000" : 2072576
          }
        },
        "lat_ns" : {
          "min" : 241495,
          "max" : 2824306,
          "mean" : 625944.992018,
          "stddev" : 127522.787918,
          "N" : 95211
        },
        "bw_min" : 92768,
        "bw_max" : 108672,
        "bw_agg" : 100.000000,
        "bw_mean" : 101690.865546,
        "bw_dev" : 2497.032309,
        "bw_samples" : 119,
        "iops_min" : 1449,
        "iops_max" : 1698,
        "iops_mean" : 1588.680672,
        "iops_stddev" : 39.083338,
        "iops_samples" : 119
      },
      "write" : {
        "io_bytes" : 0,
        "io_kbytes" : 0,
        "bw_bytes" : 0,
        "bw" : 0,
        "iops" : 0.000000,
        "runtime" : 0,
        "total_ios" : 0,
        "short_ios" : 0,
        "drop_ios" : 0,
        "slat_ns" : {
          "min" : 0,
          "max" : 0,
          "mean" : 0.000000,
          "stddev" : 0.000000,
          "N" : 0
        },
        "clat_ns" : {
          "min" : 0,
          "max" : 0,
          "mean" : 0.000000,
          "stddev" : 0.000000,
          "N" : 0
        },
        "lat_ns" : {
          "min" : 0,
          "max" : 0,
          "mean" : 0.000000,
          "stddev" : 0.000000,
          "N" : 0
        },
        "bw_min" : 0,
        "bw_max" : 0,
        "bw_agg" : 0.000000,
        "bw_mean" : 0.000000,
        "bw_dev" : 0.000000,
        "bw_samples" : 0,
        "iops_min" : 0,
        "iops_max" : 0,
        "iops_mean" : 0.000000,
        "iops_stddev" : 0.000000,
        "iops_samples" : 0
      },
      "trim" : {
        "io_bytes" : 0,
        "io_kbytes" : 0,
        "bw_bytes" : 0,
        "bw" : 0,
        "iops" : 0.000000,
        "runtime" : 0,
        "total_ios" : 0,
        "short_ios" : 0,
        "drop_ios" : 0,
        "slat_ns" : {
          "min" : 0,
          "max" : 0,
          "mean" : 0.000000,
          "stddev" : 0.000000,
          "N" : 0
        },
        "clat_ns" : {
          "min" : 0,
          "max" : 0,
          "mean" : 0.000000,
          "stddev" : 0.000000,
          "N" : 0
        },
        "lat_ns" : {
          "min" : 0,
          "max" : 0,
          "mean" : 0.000000,
          "stddev" : 0.000000,
          "N" : 0
        },
        "bw_min" : 0,
        "bw_max" : 0,
        "bw_agg" : 0.000000,
        "bw_mean" : 0.000000,
        "bw_dev" : 0.000000,
        "bw_samples" : 0,
        "iops_min" : 0,
        "iops_max" : 0,
        "iops_mean" : 0.000000,
        "iops_stddev" : 0.000000,
        "iops_samples" : 0
      },
      "sync" : {
        "total_ios" : 0,
        "lat_ns" : {
          "min" : 0,
          "max" : 0,
          "mean" : 0.000000,
          "stddev" : 0.000000,
          "N" : 0
        }
      },
      "job_runtime" : 60000,
      "usr_cpu" : 1.810000,
      "sys_cpu" : 7.408333,
      "ctx" : 95212,
      "majf" : 0,
      "minf" : 28,
      "iodepth_level" : {
        "1" : 100.000000,
        "2" : 0.000000,
        "4" : 0.000000,
        "8" : 0.000000,
        "16" : 0.000000,
        "32" : 0.000000,
        ">=64" : 0.000000
      },
      "iodepth_submit" : {
        "0" : 0.000000,
        "4" : 100.000000,
        "8" : 0.000000,
        "16" : 0.000000,
        "32" : 0.000000,
        "64" : 0.000000,
        ">=64" : 0.000000
      },
      "iodepth_complete" : {
        "0" : 0.000000,
        "4" : 100.000000,
        "8" : 0.000000,
        "16" : 0.000000,
        "32" : 0.000000,
        "64" : 0.000000,
        ">=64" : 0.000000
      },
      "latency_ns" : {
        "2" : 0.000000,
        "4" : 0.000000,
        "10" : 0.000000,
        "20" : 0.000000,
        "50" : 0.000000,
        "100" : 0.000000,
        "250" : 0.000000,
        "500" : 0.000000,
        "750" : 0.000000,
        "1000" : 0.000000
      },
      "latency_us" : {
        "2" : 0.000000,
        "4" : 0.000000,
        "10" : 0.000000,
        "20" : 0.000000,
        "50" : 0.000000,
        "100" : 0.000000,
        "250" : 0.010000,
        "500" : 14.805012,
        "750" : 70.963439,
        "1000" : 13.262123
      },
      "latency_ms" : {
        "2" : 0.953671,
        "4" : 0.011553,
        "10" : 0.000000,
        "20" : 0.000000,
        "50" : 0.000000,
        "100" : 0.000000,
        "250" : 0.000000,
        "500" : 0.000000,
        "750" : 0.000000,
        "1000" : 0.000000,
        "2000" : 0.000000,
        ">=2000" : 0.000000
      },
      "latency_depth" : 1,
      "latency_target" : 0,
      "latency_percentile" : 100.000000,
      "latency_window" : 0
    }
  ],
  "disk_util" : [
    {
      "name" : "sde",
      "read_ios" : 94936,
      "write_ios" : 51,
      "read_sectors" : 12151808,
      "write_sectors" : 704,
      "read_merges" : 0,
      "write_merges" : 29,
      "read_ticks" : 49289,
      "write_ticks" : 44,
      "in_queue" : 49351,
      "util" : 77.060417
    }
  ]
}
