{
  "fio version" : "fio-3.36",
  "timestamp" : 1773833875,
  "timestamp_ms" : 1773833875224,
  "time" : "Wed Mar 18 19:37:55 2026",
  "jobs" : [
    {
      "jobname" : "bs_64k_rand_write",
      "groupid" : 0,
      "job_start" : 1773833815204,
      "error" : 0,
      "eta" : 0,
      "elapsed" : 61,
      "job options" : {
        "name" : "bs_64k_rand_write",
        "filename" : "fio_test_file",
        "rw" : "randwrite",
        "bs" : "64k",
        "ioengine" : "pvsync",
        "numjobs" : "1",
        "iodepth" : "1",
        "size" : "1G",
        "time_based" : "1",
        "runtime" : "60",
        "direct" : "1",
        "group_reporting" : "1"
      },
      "read" : {
        "io_bytes" : 0,
        "io_kbytes" : 0,
        "bw_bytes" : 0,
        "bw" : 0,
        "iops" : 0.000000,
        "runtime" : 0,
        "total_ios" : 0,
        "short_ios" : 0,
        "drop_ios" : 0,
        "slat_ns" : {
          "min" : 0,
          "max" : 0,
          "mean" : 0.000000,
          "stddev" : 0.000000,
          "N" : 0
        },
        "clat_ns" : {
          "min" : 0,
          "max" : 0,
          "mean" : 0.000000,
          "stddev" : 0.000000,
          "N" : 0
        },
        "lat_ns" : {
          "min" : 0,
          "max" : 0,
          "mean" : 0.000000,
          "stddev" : 0.000000,
          "N" : 0
        },
        "bw_min" : 0,
        "bw_max" : 0,
        "bw_agg" : 0.000000,
        "bw_mean" : 0.000000,
        "bw_dev" : 0.000000,
        "bw_samples" : 0,
        "iops_min" : 0,
        "iops_max" : 0,
        "iops_mean" : 0.000000,
        "iops_stddev" : 0.000000,
        "iops_samples" : 0
      },
      "write" : {
        "io_bytes" : 10002694144,
        "io_kbytes" : 9768256,
        "bw_bytes" : 166708790,
        "bw" : 162801,
        "iops" : 2543.774270,
        "runtime" : 60001,
        "total_ios" : 152629,
        "short_ios" : 0,
        "drop_ios" : 0,
        "slat_ns" : {
          "min" : 0,
          "max" : 0,
          "mean" : 0.000000,
          "stddev" : 0.000000,
          "N" : 0
        },
        "clat_ns" : {
          "min" : 115892,
          "max" : 188044608,
          "mean" : 386572.653736,
          "stddev" : 885826.280900,
          "N" : 152629,
          "percentile" : {
            "1.000000" : 146432,
            "5.000000" : 171008,
            "10.000000" : 238592,
            "20.000000" : 280576,
            "30.000000" : 309248,
            "40.000000" : 346112,
            "50.000000" : 378880,
            "60.000000" : 407552,
            "70.000000" : 436224,
            "80.000000" : 456704,
            "90.000000" : 501760,
            "95.000000" : 561152,
            "99.000000" : 757760,
            "99.500000" : 937984,
            "99.900000" : 2056192,
            "99.950000" : 2801664,
            "99.990000" : 7503872
          }
        },
        "lat_ns" : {
          "min" : 118370,
          "max" : 188047353,
          "mean" : 389856.385582,
          "stddev" : 885843.683966,
          "N" : 152629
        },
        "bw_min" : 93440,
        "bw_max" : 251904,
        "bw_agg" : 100.000000,
        "bw_mean" : 163044.563025,
        "bw_dev" : 22518.152970,
        "bw_samples" : 119,
        "iops_min" : 1460,
        "iops_max" : 3936,
        "iops_mean" : 2547.537815,
        "iops_stddev" : 351.842265,
        "iops_samples" : 119
      },
      "trim" : {
        "io_bytes" : 0,
        "io_kbytes" : 0,
        "bw_bytes" : 0,
        "bw" : 0,
        "iops" : 0.000000,
        "runtime" : 0,
        "total_ios" : 0,
        "short_ios" : 0,
        "drop_ios" : 0,
        "slat_ns" : {
          "min" : 0,
          "max" : 0,
          "mean" : 0.000000,
          "stddev" : 0.000000,
          "N" : 0
        },
        "clat_ns" : {
          "min" : 0,
          "max" : 0,
          "mean" : 0.000000,
          "stddev" : 0.000000,
          "N" : 0
        },
        "lat_ns" : {
          "min" : 0,
          "max" : 0,
          "mean" : 0.000000,
          "stddev" : 0.000000,
          "N" : 0
        },
        "bw_min" : 0,
        "bw_max" : 0,
        "bw_agg" : 0.000000,
        "bw_mean" : 0.000000,
        "bw_dev" : 0.000000,
        "bw_samples" : 0,
        "iops_min" : 0,
        "iops_max" : 0,
        "iops_mean" : 0.000000,
        "iops_stddev" : 0.000000,
        "iops_samples" : 0
      },
      "sync" : {
        "total_ios" : 0,
        "lat_ns" : {
          "min" : 0,
          "max" : 0,
          "mean" : 0.000000,
          "stddev" : 0.000000,
          "N" : 0
        }
      },
      "job_runtime" : 60000,
      "usr_cpu" : 2.868333,
      "sys_cpu" : 17.931667,
      "ctx" : 152635,
      "majf" : 0,
      "minf" : 12,
      "iodepth_level" : {
        "1" : 100.000000,
        "2" : 0.000000,
        "4" : 0.000000,
        "8" : 0.000000,
        "16" : 0.000000,
        "32" : 0.000000,
        ">=64" : 0.000000
      },
      "iodepth_submit" : {
        "0" : 0.000000,
        "4" : 100.000000,
        "8" : 0.000000,
        "16" : 0.000000,
        "32" : 0.000000,
        "64" : 0.000000,
        ">=64" : 0.000000
      },
      "iodepth_complete" : {
        "0" : 0.000000,
        "4" : 100.000000,
        "8" : 0.000000,
        "16" : 0.000000,
        "32" : 0.000000,
        "64" : 0.000000,
        ">=64" : 0.000000
      },
      "latency_ns" : {
        "2" : 0.000000,
        "4" : 0.000000,
        "10" : 0.000000,
        "20" : 0.000000,
        "50" : 0.000000,
        "100" : 0.000000,
        "250" : 0.000000,
        "500" : 0.000000,
        "750" : 0.000000,
        "1000" : 0.000000
      },
      "latency_us" : {
        "2" : 0.000000,
        "4" : 0.000000,
        "10" : 0.000000,
        "20" : 0.000000,
        "50" : 0.000000,
        "100" : 0.000000,
        "250" : 11.661611,
        "500" : 78.083457,
        "750" : 9.223018,
        "1000" : 0.585079
      },
      "latency_ms" : {
        "2" : 0.336764,
        "4" : 0.083863,
        "10" : 0.019000,
        "20" : 0.010000,
        "50" : 0.010000,
        "100" : 0.010000,
        "250" : 0.010000,
        "500" : 0.000000,
        "750" : 0.000000,
        "1000" : 0.000000,
        "2000" : 0.000000,
        ">=2000" : 0.000000
      },
      "latency_depth" : 1,
      "latency_target" : 0,
      "latency_percentile" : 100.000000,
      "latency_window" : 0
    }
  ],
  "disk_util" : [
    {
      "name" : "sde",
      "read_ios" : 0,
      "write_ios" : 152391,
      "read_sectors" : 0,
      "write_sectors" : 19499808,
      "read_merges" : 0,
      "write_merges" : 43,
      "read_ticks" : 0,
      "write_ticks" : 43790,
      "in_queue" : 43828,
      "util" : 65.711901
    }
  ]
}
