{
  "fio version" : "fio-3.36",
  "timestamp" : 1773833691,
  "timestamp_ms" : 1773833691936,
  "time" : "Wed Mar 18 19:34:51 2026",
  "jobs" : [
    {
      "jobname" : "bs_8k_rand_write",
      "groupid" : 0,
      "job_start" : 1773833630324,
      "error" : 0,
      "eta" : 0,
      "elapsed" : 61,
      "job options" : {
        "name" : "bs_8k_rand_write",
        "filename" : "fio_test_file",
        "rw" : "randwrite",
        "bs" : "8k",
        "ioengine" : "pvsync",
        "numjobs" : "1",
        "iodepth" : "1",
        "size" : "1G",
        "time_based" : "1",
        "runtime" : "60",
        "direct" : "1",
        "group_reporting" : "1"
      },
      "read" : {
        "io_bytes" : 0,
        "io_kbytes" : 0,
        "bw_bytes" : 0,
        "bw" : 0,
        "iops" : 0.000000,
        "runtime" : 0,
        "total_ios" : 0,
        "short_ios" : 0,
        "drop_ios" : 0,
        "slat_ns" : {
          "min" : 0,
          "max" : 0,
          "mean" : 0.000000,
          "stddev" : 0.000000,
          "N" : 0
        },
        "clat_ns" : {
          "min" : 0,
          "max" : 0,
          "mean" : 0.000000,
          "stddev" : 0.000000,
          "N" : 0
        },
        "lat_ns" : {
          "min" : 0,
          "max" : 0,
          "mean" : 0.000000,
          "stddev" : 0.000000,
          "N" : 0
        },
        "bw_min" : 0,
        "bw_max" : 0,
        "bw_agg" : 0.000000,
        "bw_mean" : 0.000000,
        "bw_dev" : 0.000000,
        "bw_samples" : 0,
        "iops_min" : 0,
        "iops_max" : 0,
        "iops_mean" : 0.000000,
        "iops_stddev" : 0.000000,
        "iops_samples" : 0
      },
      "write" : {
        "io_bytes" : 1580744704,
        "io_kbytes" : 1543696,
        "bw_bytes" : 26345305,
        "bw" : 25727,
        "iops" : 3215.979734,
        "runtime" : 60001,
        "total_ios" : 192962,
        "short_ios" : 0,
        "drop_ios" : 0,
        "slat_ns" : {
          "min" : 0,
          "max" : 0,
          "mean" : 0.000000,
          "stddev" : 0.000000,
          "N" : 0
        },
        "clat_ns" : {
          "min" : 82354,
          "max" : 35115374,
          "mean" : 307423.327178,
          "stddev" : 140269.444292,
          "N" : 192962,
          "percentile" : {
            "1.000000" : 124416,
            "5.000000" : 132096,
            "10.000000" : 144384,
            "20.000000" : 209920,
            "30.000000" : 246784,
            "40.000000" : 268288,
            "50.000000" : 288768,
            "60.000000" : 329728,
            "70.000000" : 366592,
            "80.000000" : 407552,
            "90.000000" : 460800,
            "95.000000" : 501760,
            "99.000000" : 618496,
            "99.500000" : 659456,
            "99.900000" : 757760,
            "99.950000" : 806912,
            "99.990000" : 921600
          }
        },
        "lat_ns" : {
          "min" : 82430,
          "max" : 35116060,
          "mean" : 307965.472207,
          "stddev" : 140365.103494,
          "N" : 192962
        },
        "bw_min" : 20007,
        "bw_max" : 44512,
        "bw_agg" : 100.000000,
        "bw_mean" : 25785.142857,
        "bw_dev" : 6621.029287,
        "bw_samples" : 119,
        "iops_min" : 2500,
        "iops_max" : 5564,
        "iops_mean" : 3223.042017,
        "iops_stddev" : 827.654593,
        "iops_samples" : 119
      },
      "trim" : {
        "io_bytes" : 0,
        "io_kbytes" : 0,
        "bw_bytes" : 0,
        "bw" : 0,
        "iops" : 0.000000,
        "runtime" : 0,
        "total_ios" : 0,
        "short_ios" : 0,
        "drop_ios" : 0,
        "slat_ns" : {
          "min" : 0,
          "max" : 0,
          "mean" : 0.000000,
          "stddev" : 0.000000,
          "N" : 0
        },
        "clat_ns" : {
          "min" : 0,
          "max" : 0,
          "mean" : 0.000000,
          "stddev" : 0.000000,
          "N" : 0
        },
        "lat_ns" : {
          "min" : 0,
          "max" : 0,
          "mean" : 0.000000,
          "stddev" : 0.000000,
          "N" : 0
        },
        "bw_min" : 0,
        "bw_max" : 0,
        "bw_agg" : 0.000000,
        "bw_mean" : 0.000000,
        "bw_dev" : 0.000000,
        "bw_samples" : 0,
        "iops_min" : 0,
        "iops_max" : 0,
        "iops_mean" : 0.000000,
        "iops_stddev" : 0.000000,
        "iops_samples" : 0
      },
      "sync" : {
        "total_ios" : 0,
        "lat_ns" : {
          "min" : 0,
          "max" : 0,
          "mean" : 0.000000,
          "stddev" : 0.000000,
          "N" : 0
        }
      },
      "job_runtime" : 60000,
      "usr_cpu" : 2.475000,
      "sys_cpu" : 20.205000,
      "ctx" : 192966,
      "majf" : 0,
      "minf" : 9,
      "iodepth_level" : {
        "1" : 100.000000,
        "2" : 0.000000,
        "4" : 0.000000,
        "8" : 0.000000,
        "16" : 0.000000,
        "32" : 0.000000,
        ">=64" : 0.000000
      },
      "iodepth_submit" : {
        "0" : 0.000000,
        "4" : 100.000000,
        "8" : 0.000000,
        "16" : 0.000000,
        "32" : 0.000000,
        "64" : 0.000000,
        ">=64" : 0.000000
      },
      "iodepth_complete" : {
        "0" : 0.000000,
        "4" : 100.000000,
        "8" : 0.000000,
        "16" : 0.000000,
        "32" : 0.000000,
        "64" : 0.000000,
        ">=64" : 0.000000
      },
      "latency_ns" : {
        "2" : 0.000000,
        "4" : 0.000000,
        "10" : 0.000000,
        "20" : 0.000000,
        "50" : 0.000000,
        "100" : 0.000000,
        "250" : 0.000000,
        "500" : 0.000000,
        "750" : 0.000000,
        "1000" : 0.000000
      },
      "latency_us" : {
        "2" : 0.000000,
        "4" : 0.000000,
        "10" : 0.000000,
        "20" : 0.000000,
        "50" : 0.000000,
        "100" : 0.010000,
        "250" : 31.700542,
        "500" : 63.220738,
        "750" : 4.951234,
        "1000" : 0.114530
      },
      "latency_ms" : {
        "2" : 0.010000,
        "4" : 0.000000,
        "10" : 0.000000,
        "20" : 0.000000,
        "50" : 0.010000,
        "100" : 0.000000,
        "250" : 0.000000,
        "500" : 0.000000,
        "750" : 0.000000,
        "1000" : 0.000000,
        "2000" : 0.000000,
        ">=2000" : 0.000000
      },
      "latency_depth" : 1,
      "latency_target" : 0,
      "latency_percentile" : 100.000000,
      "latency_window" : 0
    }
  ],
  "disk_util" : [
    {
      "name" : "sde",
      "read_ios" : 0,
      "write_ios" : 192555,
      "read_sectors" : 0,
      "write_sectors" : 3080856,
      "read_merges" : 0,
      "write_merges" : 44,
      "read_ticks" : 0,
      "write_ticks" : 41589,
      "in_queue" : 41609,
      "util" : 62.503551
    }
  ]
}
