{
  "fio version" : "fio-3.36",
  "timestamp" : 1773833057,
  "timestamp_ms" : 1773833057519,
  "time" : "Wed Mar 18 19:24:17 2026",
  "jobs" : [
    {
      "jobname" : "bs_8k_rand_read",
      "groupid" : 0,
      "job_start" : 1773832997555,
      "error" : 0,
      "eta" : 0,
      "elapsed" : 61,
      "job options" : {
        "name" : "bs_8k_rand_read",
        "filename" : "fio_test_file",
        "rw" : "randread",
        "bs" : "8k",
        "ioengine" : "pvsync",
        "numjobs" : "1",
        "iodepth" : "1",
        "size" : "1G",
        "time_based" : "1",
        "runtime" : "60",
        "direct" : "1",
        "group_reporting" : "1"
      },
      "read" : {
        "io_bytes" : 1301209088,
        "io_kbytes" : 1270712,
        "bw_bytes" : 21686456,
        "bw" : 21178,
        "iops" : 2647.272545,
        "runtime" : 60001,
        "total_ios" : 158839,
        "short_ios" : 0,
        "drop_ios" : 0,
        "slat_ns" : {
          "min" : 0,
          "max" : 0,
          "mean" : 0.000000,
          "stddev" : 0.000000,
          "N" : 0
        },
        "clat_ns" : {
          "min" : 135498,
          "max" : 16773276,
          "mean" : 374181.533905,
          "stddev" : 137964.502961,
          "N" : 158839,
          "percentile" : {
            "1.000000" : 211968,
            "5.000000" : 261120,
            "10.000000" : 276480,
            "20.000000" : 288768,
            "30.000000" : 301056,
            "40.000000" : 313344,
            "50.000000" : 329728,
            "60.000000" : 350208,
            "70.000000" : 391168,
            "80.000000" : 460800,
            "90.000000" : 544768,
            "95.000000" : 602112,
            "99.000000" : 741376,
            "99.500000" : 806912,
            "99.900000" : 1564672,
            "99.950000" : 1990656,
            "99.990000" : 3260416
          }
        },
        "lat_ns" : {
          "min" : 135621,
          "max" : 16773915,
          "mean" : 374446.620364,
          "stddev" : 138054.779292,
          "N" : 158839
        },
        "bw_min" : 14690,
        "bw_max" : 26315,
        "bw_agg" : 100.000000,
        "bw_mean" : 21220.941176,
        "bw_dev" : 4355.434212,
        "bw_samples" : 119,
        "iops_min" : 1836,
        "iops_max" : 3289,
        "iops_mean" : 2652.277311,
        "iops_stddev" : 544.372254,
        "iops_samples" : 119
      },
      "write" : {
        "io_bytes" : 0,
        "io_kbytes" : 0,
        "bw_bytes" : 0,
        "bw" : 0,
        "iops" : 0.000000,
        "runtime" : 0,
        "total_ios" : 0,
        "short_ios" : 0,
        "drop_ios" : 0,
        "slat_ns" : {
          "min" : 0,
          "max" : 0,
          "mean" : 0.000000,
          "stddev" : 0.000000,
          "N" : 0
        },
        "clat_ns" : {
          "min" : 0,
          "max" : 0,
          "mean" : 0.000000,
          "stddev" : 0.000000,
          "N" : 0
        },
        "lat_ns" : {
          "min" : 0,
          "max" : 0,
          "mean" : 0.000000,
          "stddev" : 0.000000,
          "N" : 0
        },
        "bw_min" : 0,
        "bw_max" : 0,
        "bw_agg" : 0.000000,
        "bw_mean" : 0.000000,
        "bw_dev" : 0.000000,
        "bw_samples" : 0,
        "iops_min" : 0,
        "iops_max" : 0,
        "iops_mean" : 0.000000,
        "iops_stddev" : 0.000000,
        "iops_samples" : 0
      },
      "trim" : {
        "io_bytes" : 0,
        "io_kbytes" : 0,
        "bw_bytes" : 0,
        "bw" : 0,
        "iops" : 0.000000,
        "runtime" : 0,
        "total_ios" : 0,
        "short_ios" : 0,
        "drop_ios" : 0,
        "slat_ns" : {
          "min" : 0,
          "max" : 0,
          "mean" : 0.000000,
          "stddev" : 0.000000,
          "N" : 0
        },
        "clat_ns" : {
          "min" : 0,
          "max" : 0,
          "mean" : 0.000000,
          "stddev" : 0.000000,
          "N" : 0
        },
        "lat_ns" : {
          "min" : 0,
          "max" : 0,
          "mean" : 0.000000,
          "stddev" : 0.000000,
          "N" : 0
        },
        "bw_min" : 0,
        "bw_max" : 0,
        "bw_agg" : 0.000000,
        "bw_mean" : 0.000000,
        "bw_dev" : 0.000000,
        "bw_samples" : 0,
        "iops_min" : 0,
        "iops_max" : 0,
        "iops_mean" : 0.000000,
        "iops_stddev" : 0.000000,
        "iops_samples" : 0
      },
      "sync" : {
        "total_ios" : 0,
        "lat_ns" : {
          "min" : 0,
          "max" : 0,
          "mean" : 0.000000,
          "stddev" : 0.000000,
          "N" : 0
        }
      },
      "job_runtime" : 60000,
      "usr_cpu" : 2.705000,
      "sys_cpu" : 9.105000,
      "ctx" : 158826,
      "majf" : 0,
      "minf" : 10,
      "iodepth_level" : {
        "1" : 100.000000,
        "2" : 0.000000,
        "4" : 0.000000,
        "8" : 0.000000,
        "16" : 0.000000,
        "32" : 0.000000,
        ">=64" : 0.000000
      },
      "iodepth_submit" : {
        "0" : 0.000000,
        "4" : 100.000000,
        "8" : 0.000000,
        "16" : 0.000000,
        "32" : 0.000000,
        "64" : 0.000000,
        ">=64" : 0.000000
      },
      "iodepth_complete" : {
        "0" : 0.000000,
        "4" : 100.000000,
        "8" : 0.000000,
        "16" : 0.000000,
        "32" : 0.000000,
        "64" : 0.000000,
        ">=64" : 0.000000
      },
      "latency_ns" : {
        "2" : 0.000000,
        "4" : 0.000000,
        "10" : 0.000000,
        "20" : 0.000000,
        "50" : 0.000000,
        "100" : 0.000000,
        "250" : 0.000000,
        "500" : 0.000000,
        "750" : 0.000000,
        "1000" : 0.000000
      },
      "latency_us" : {
        "2" : 0.000000,
        "4" : 0.000000,
        "10" : 0.000000,
        "20" : 0.000000,
        "50" : 0.000000,
        "100" : 0.000000,
        "250" : 3.152878,
        "500" : 81.085250,
        "750" : 14.872922,
        "1000" : 0.715190
      },
      "latency_ms" : {
        "2" : 0.124655,
        "4" : 0.045329,
        "10" : 0.010000,
        "20" : 0.010000,
        "50" : 0.000000,
        "100" : 0.000000,
        "250" : 0.000000,
        "500" : 0.000000,
        "750" : 0.000000,
        "1000" : 0.000000,
        "2000" : 0.000000,
        ">=2000" : 0.000000
      },
      "latency_depth" : 1,
      "latency_target" : 0,
      "latency_percentile" : 100.000000,
      "latency_window" : 0
    }
  ],
  "disk_util" : [
    {
      "name" : "sde",
      "read_ios" : 158728,
      "write_ios" : 61,
      "read_sectors" : 2539648,
      "write_sectors" : 1008,
      "read_merges" : 0,
      "write_merges" : 35,
      "read_ticks" : 49681,
      "write_ticks" : 54,
      "in_queue" : 49757,
      "util" : 74.914445
    }
  ]
}
