{
  "fio version" : "fio-3.36",
  "timestamp" : 1773843009,
  "timestamp_ms" : 1773843009218,
  "time" : "Wed Mar 18 22:10:09 2026",
  "jobs" : [
    {
      "jobname" : "engine_libaio_rand_write",
      "groupid" : 0,
      "job_start" : 1773842948041,
      "error" : 0,
      "eta" : 0,
      "elapsed" : 61,
      "job options" : {
        "name" : "engine_libaio_rand_write",
        "filename" : "fio_test_file",
        "rw" : "randwrite",
        "bs" : "4k",
        "ioengine" : "libaio",
        "numjobs" : "1",
        "iodepth" : "1",
        "size" : "1G",
        "time_based" : "1",
        "runtime" : "60",
        "direct" : "1",
        "group_reporting" : "1"
      },
      "read" : {
        "io_bytes" : 0,
        "io_kbytes" : 0,
        "bw_bytes" : 0,
        "bw" : 0,
        "iops" : 0.000000,
        "runtime" : 0,
        "total_ios" : 0,
        "short_ios" : 0,
        "drop_ios" : 0,
        "slat_ns" : {
          "min" : 0,
          "max" : 0,
          "mean" : 0.000000,
          "stddev" : 0.000000,
          "N" : 0
        },
        "clat_ns" : {
          "min" : 0,
          "max" : 0,
          "mean" : 0.000000,
          "stddev" : 0.000000,
          "N" : 0
        },
        "lat_ns" : {
          "min" : 0,
          "max" : 0,
          "mean" : 0.000000,
          "stddev" : 0.000000,
          "N" : 0
        },
        "bw_min" : 0,
        "bw_max" : 0,
        "bw_agg" : 0.000000,
        "bw_mean" : 0.000000,
        "bw_dev" : 0.000000,
        "bw_samples" : 0,
        "iops_min" : 0,
        "iops_max" : 0,
        "iops_mean" : 0.000000,
        "iops_stddev" : 0.000000,
        "iops_samples" : 0
      },
      "write" : {
        "io_bytes" : 1416716288,
        "io_kbytes" : 1383512,
        "bw_bytes" : 23611544,
        "bw" : 23058,
        "iops" : 5764.537258,
        "runtime" : 60001,
        "total_ios" : 345878,
        "short_ios" : 0,
        "drop_ios" : 0,
        "slat_ns" : {
          "min" : 4259,
          "max" : 2640537,
          "mean" : 13556.278908,
          "stddev" : 8857.704981,
          "N" : 345878
        },
        "clat_ns" : {
          "min" : 2051,
          "max" : 4852186,
          "mean" : 157062.083657,
          "stddev" : 33596.119305,
          "N" : 345878,
          "percentile" : {
            "1.000000" : 100864,
            "5.000000" : 115200,
            "10.000000" : 124416,
            "20.000000" : 134144,
            "30.000000" : 140288,
            "40.000000" : 144384,
            "50.000000" : 150528,
            "60.000000" : 156672,
            "70.000000" : 168960,
            "80.000000" : 179200,
            "90.000000" : 195584,
            "95.000000" : 211968,
            "99.000000" : 252928,
            "99.500000" : 276480,
            "99.900000" : 370688,
            "99.950000" : 423936,
            "99.990000" : 522240
          }
        },
        "lat_ns" : {
          "min" : 75647,
          "max" : 5619658,
          "mean" : 170618.362564,
          "stddev" : 36730.047286,
          "N" : 345878
        },
        "bw_min" : 19849,
        "bw_max" : 27128,
        "bw_agg" : 100.000000,
        "bw_mean" : 23084.737288,
        "bw_dev" : 1454.917400,
        "bw_samples" : 118,
        "iops_min" : 4962,
        "iops_max" : 6782,
        "iops_mean" : 5770.889831,
        "iops_stddev" : 363.733578,
        "iops_samples" : 118
      },
      "trim" : {
        "io_bytes" : 0,
        "io_kbytes" : 0,
        "bw_bytes" : 0,
        "bw" : 0,
        "iops" : 0.000000,
        "runtime" : 0,
        "total_ios" : 0,
        "short_ios" : 0,
        "drop_ios" : 0,
        "slat_ns" : {
          "min" : 0,
          "max" : 0,
          "mean" : 0.000000,
          "stddev" : 0.000000,
          "N" : 0
        },
        "clat_ns" : {
          "min" : 0,
          "max" : 0,
          "mean" : 0.000000,
          "stddev" : 0.000000,
          "N" : 0
        },
        "lat_ns" : {
          "min" : 0,
          "max" : 0,
          "mean" : 0.000000,
          "stddev" : 0.000000,
          "N" : 0
        },
        "bw_min" : 0,
        "bw_max" : 0,
        "bw_agg" : 0.000000,
        "bw_mean" : 0.000000,
        "bw_dev" : 0.000000,
        "bw_samples" : 0,
        "iops_min" : 0,
        "iops_max" : 0,
        "iops_mean" : 0.000000,
        "iops_stddev" : 0.000000,
        "iops_samples" : 0
      },
      "sync" : {
        "total_ios" : 0,
        "lat_ns" : {
          "min" : 0,
          "max" : 0,
          "mean" : 0.000000,
          "stddev" : 0.000000,
          "N" : 0
        }
      },
      "job_runtime" : 60000,
      "usr_cpu" : 5.396667,
      "sys_cpu" : 13.111667,
      "ctx" : 345891,
      "majf" : 0,
      "minf" : 24,
      "iodepth_level" : {
        "1" : 100.000000,
        "2" : 0.000000,
        "4" : 0.000000,
        "8" : 0.000000,
        "16" : 0.000000,
        "32" : 0.000000,
        ">=64" : 0.000000
      },
      "iodepth_submit" : {
        "0" : 0.000000,
        "4" : 100.000000,
        "8" : 0.000000,
        "16" : 0.000000,
        "32" : 0.000000,
        "64" : 0.000000,
        ">=64" : 0.000000
      },
      "iodepth_complete" : {
        "0" : 0.000000,
        "4" : 100.000000,
        "8" : 0.000000,
        "16" : 0.000000,
        "32" : 0.000000,
        "64" : 0.000000,
        ">=64" : 0.000000
      },
      "latency_ns" : {
        "2" : 0.000000,
        "4" : 0.000000,
        "10" : 0.000000,
        "20" : 0.000000,
        "50" : 0.000000,
        "100" : 0.000000,
        "250" : 0.000000,
        "500" : 0.000000,
        "750" : 0.000000,
        "1000" : 0.000000
      },
      "latency_us" : {
        "2" : 0.000000,
        "4" : 0.010000,
        "10" : 0.000000,
        "20" : 0.000000,
        "50" : 0.000000,
        "100" : 0.790741,
        "250" : 98.148191,
        "500" : 1.046901,
        "750" : 0.010000,
        "1000" : 0.010000
      },
      "latency_ms" : {
        "2" : 0.010000,
        "4" : 0.010000,
        "10" : 0.010000,
        "20" : 0.000000,
        "50" : 0.000000,
        "100" : 0.000000,
        "250" : 0.000000,
        "500" : 0.000000,
        "750" : 0.000000,
        "1000" : 0.000000,
        "2000" : 0.000000,
        ">=2000" : 0.000000
      },
      "latency_depth" : 1,
      "latency_target" : 0,
      "latency_percentile" : 100.000000,
      "latency_window" : 0
    }
  ],
  "disk_util" : [
    {
      "name" : "sde",
      "read_ios" : 65,
      "write_ios" : 345587,
      "read_sectors" : 5440,
      "write_sectors" : 2765272,
      "read_merges" : 0,
      "write_merges" : 54,
      "read_ticks" : 21,
      "write_ticks" : 36907,
      "in_queue" : 36966,
      "util" : 57.694041
    }
  ]
}
