{
  "fio version" : "fio-3.36",
  "timestamp" : 1773841526,
  "timestamp_ms" : 1773841526728,
  "time" : "Wed Mar 18 21:45:26 2026",
  "jobs" : [
    {
      "jobname" : "engine_io_uring_rand_read",
      "groupid" : 0,
      "job_start" : 1773841464307,
      "error" : 0,
      "eta" : 0,
      "elapsed" : 61,
      "job options" : {
        "name" : "engine_io_uring_rand_read",
        "filename" : "fio_test_file",
        "rw" : "randread",
        "bs" : "4k",
        "ioengine" : "io_uring",
        "numjobs" : "1",
        "iodepth" : "1",
        "size" : "1G",
        "time_based" : "1",
        "runtime" : "60",
        "direct" : "1",
        "group_reporting" : "1"
      },
      "read" : {
        "io_bytes" : 856023040,
        "io_kbytes" : 835960,
        "bw_bytes" : 14266812,
        "bw" : 13932,
        "iops" : 3483.108615,
        "runtime" : 60001,
        "total_ios" : 208990,
        "short_ios" : 0,
        "drop_ios" : 0,
        "slat_ns" : {
          "min" : 3721,
          "max" : 1496157,
          "mean" : 22630.938825,
          "stddev" : 13102.677228,
          "N" : 208990
        },
        "clat_ns" : {
          "min" : 1596,
          "max" : 4362071,
          "mean" : 260802.234231,
          "stddev" : 73297.084691,
          "N" : 208990,
          "percentile" : {
            "1.000000" : 134144,
            "5.000000" : 160768,
            "10.000000" : 175104,
            "20.000000" : 197632,
            "30.000000" : 216064,
            "40.000000" : 234496,
            "50.000000" : 252928,
            "60.000000" : 272384,
            "70.000000" : 301056,
            "80.000000" : 325632,
            "90.000000" : 354304,
            "95.000000" : 374784,
            "99.000000" : 428032,
            "99.500000" : 456704,
            "99.900000" : 522240,
            "99.950000" : 552960,
            "99.990000" : 872448
          }
        },
        "lat_ns" : {
          "min" : 108943,
          "max" : 4406132,
          "mean" : 283433.173056,
          "stddev" : 76849.671613,
          "N" : 208990
        },
        "bw_min" : 12384,
        "bw_max" : 16984,
        "bw_agg" : 100.000000,
        "bw_mean" : 13939.924370,
        "bw_dev" : 630.473177,
        "bw_samples" : 119,
        "iops_min" : 3096,
        "iops_max" : 4246,
        "iops_mean" : 3484.873950,
        "iops_stddev" : 157.661865,
        "iops_samples" : 119
      },
      "write" : {
        "io_bytes" : 0,
        "io_kbytes" : 0,
        "bw_bytes" : 0,
        "bw" : 0,
        "iops" : 0.000000,
        "runtime" : 0,
        "total_ios" : 0,
        "short_ios" : 0,
        "drop_ios" : 0,
        "slat_ns" : {
          "min" : 0,
          "max" : 0,
          "mean" : 0.000000,
          "stddev" : 0.000000,
          "N" : 0
        },
        "clat_ns" : {
          "min" : 0,
          "max" : 0,
          "mean" : 0.000000,
          "stddev" : 0.000000,
          "N" : 0
        },
        "lat_ns" : {
          "min" : 0,
          "max" : 0,
          "mean" : 0.000000,
          "stddev" : 0.000000,
          "N" : 0
        },
        "bw_min" : 0,
        "bw_max" : 0,
        "bw_agg" : 0.000000,
        "bw_mean" : 0.000000,
        "bw_dev" : 0.000000,
        "bw_samples" : 0,
        "iops_min" : 0,
        "iops_max" : 0,
        "iops_mean" : 0.000000,
        "iops_stddev" : 0.000000,
        "iops_samples" : 0
      },
      "trim" : {
        "io_bytes" : 0,
        "io_kbytes" : 0,
        "bw_bytes" : 0,
        "bw" : 0,
        "iops" : 0.000000,
        "runtime" : 0,
        "total_ios" : 0,
        "short_ios" : 0,
        "drop_ios" : 0,
        "slat_ns" : {
          "min" : 0,
          "max" : 0,
          "mean" : 0.000000,
          "stddev" : 0.000000,
          "N" : 0
        },
        "clat_ns" : {
          "min" : 0,
          "max" : 0,
          "mean" : 0.000000,
          "stddev" : 0.000000,
          "N" : 0
        },
        "lat_ns" : {
          "min" : 0,
          "max" : 0,
          "mean" : 0.000000,
          "stddev" : 0.000000,
          "N" : 0
        },
        "bw_min" : 0,
        "bw_max" : 0,
        "bw_agg" : 0.000000,
        "bw_mean" : 0.000000,
        "bw_dev" : 0.000000,
        "bw_samples" : 0,
        "iops_min" : 0,
        "iops_max" : 0,
        "iops_mean" : 0.000000,
        "iops_stddev" : 0.000000,
        "iops_samples" : 0
      },
      "sync" : {
        "total_ios" : 0,
        "lat_ns" : {
          "min" : 0,
          "max" : 0,
          "mean" : 0.000000,
          "stddev" : 0.000000,
          "N" : 0
        }
      },
      "job_runtime" : 60000,
      "usr_cpu" : 3.511667,
      "sys_cpu" : 12.365000,
      "ctx" : 208992,
      "majf" : 0,
      "minf" : 12,
      "iodepth_level" : {
        "1" : 100.000000,
        "2" : 0.000000,
        "4" : 0.000000,
        "8" : 0.000000,
        "16" : 0.000000,
        "32" : 0.000000,
        ">=64" : 0.000000
      },
      "iodepth_submit" : {
        "0" : 0.000000,
        "4" : 100.000000,
        "8" : 0.000000,
        "16" : 0.000000,
        "32" : 0.000000,
        "64" : 0.000000,
        ">=64" : 0.000000
      },
      "iodepth_complete" : {
        "0" : 0.000000,
        "4" : 100.000000,
        "8" : 0.000000,
        "16" : 0.000000,
        "32" : 0.000000,
        "64" : 0.000000,
        ">=64" : 0.000000
      },
      "latency_ns" : {
        "2" : 0.000000,
        "4" : 0.000000,
        "10" : 0.000000,
        "20" : 0.000000,
        "50" : 0.000000,
        "100" : 0.000000,
        "250" : 0.000000,
        "500" : 0.000000,
        "750" : 0.000000,
        "1000" : 0.000000
      },
      "latency_us" : {
        "2" : 0.010000,
        "4" : 0.000000,
        "10" : 0.000000,
        "20" : 0.000000,
        "50" : 0.010000,
        "100" : 0.012919,
        "250" : 48.737739,
        "500" : 51.083305,
        "750" : 0.154074,
        "1000" : 0.010000
      },
      "latency_ms" : {
        "2" : 0.010000,
        "4" : 0.010000,
        "10" : 0.010000,
        "20" : 0.000000,
        "50" : 0.000000,
        "100" : 0.000000,
        "250" : 0.000000,
        "500" : 0.000000,
        "750" : 0.000000,
        "1000" : 0.000000,
        "2000" : 0.000000,
        ">=2000" : 0.000000
      },
      "latency_depth" : 1,
      "latency_target" : 0,
      "latency_percentile" : 100.000000,
      "latency_window" : 0
    }
  ],
  "disk_util" : [
    {
      "name" : "sde",
      "read_ios" : 208376,
      "write_ios" : 57,
      "read_sectors" : 1667008,
      "write_sectors" : 944,
      "read_merges" : 0,
      "write_merges" : 34,
      "read_ticks" : 52720,
      "write_ticks" : 53,
      "in_queue" : 52793,
      "util" : 80.611852
    }
  ]
}
