{
  "fio version" : "fio-3.36",
  "timestamp" : 1773841589,
  "timestamp_ms" : 1773841589295,
  "time" : "Wed Mar 18 21:46:29 2026",
  "jobs" : [
    {
      "jobname" : "engine_mmap_rand_read",
      "groupid" : 0,
      "job_start" : 1773841527035,
      "error" : 0,
      "eta" : 0,
      "elapsed" : 61,
      "job options" : {
        "name" : "engine_mmap_rand_read",
        "filename" : "fio_test_file",
        "rw" : "randread",
        "bs" : "4k",
        "ioengine" : "mmap",
        "numjobs" : "1",
        "iodepth" : "1",
        "size" : "1G",
        "time_based" : "1",
        "runtime" : "60",
        "direct" : "1",
        "group_reporting" : "1"
      },
      "read" : {
        "io_bytes" : 771043328,
        "io_kbytes" : 752972,
        "bw_bytes" : 12850507,
        "bw" : 12549,
        "iops" : 3137.331044,
        "runtime" : 60001,
        "total_ios" : 188243,
        "short_ios" : 0,
        "drop_ios" : 0,
        "slat_ns" : {
          "min" : 0,
          "max" : 0,
          "mean" : 0.000000,
          "stddev" : 0.000000,
          "N" : 0
        },
        "clat_ns" : {
          "min" : 117493,
          "max" : 9731080,
          "mean" : 314994.561673,
          "stddev" : 90521.397683,
          "N" : 188243,
          "percentile" : {
            "1.000000" : 156672,
            "5.000000" : 193536,
            "10.000000" : 214016,
            "20.000000" : 242688,
            "30.000000" : 264192,
            "40.000000" : 284672,
            "50.000000" : 305152,
            "60.000000" : 329728,
            "70.000000" : 358400,
            "80.000000" : 387072,
            "90.000000" : 419840,
            "95.000000" : 452608,
            "99.000000" : 552960,
            "99.500000" : 593920,
            "99.900000" : 790528,
            "99.950000" : 913408,
            "99.990000" : 1630208
          }
        },
        "lat_ns" : {
          "min" : 117512,
          "max" : 9731294,
          "mean" : 315259.982353,
          "stddev" : 90568.915515,
          "N" : 188243
        },
        "bw_min" : 10344,
        "bw_max" : 14576,
        "bw_agg" : 100.000000,
        "bw_mean" : 12558.521008,
        "bw_dev" : 678.354113,
        "bw_samples" : 119,
        "iops_min" : 2586,
        "iops_max" : 3644,
        "iops_mean" : 3139.630252,
        "iops_stddev" : 169.588528,
        "iops_samples" : 119
      },
      "write" : {
        "io_bytes" : 0,
        "io_kbytes" : 0,
        "bw_bytes" : 0,
        "bw" : 0,
        "iops" : 0.000000,
        "runtime" : 0,
        "total_ios" : 0,
        "short_ios" : 0,
        "drop_ios" : 0,
        "slat_ns" : {
          "min" : 0,
          "max" : 0,
          "mean" : 0.000000,
          "stddev" : 0.000000,
          "N" : 0
        },
        "clat_ns" : {
          "min" : 0,
          "max" : 0,
          "mean" : 0.000000,
          "stddev" : 0.000000,
          "N" : 0
        },
        "lat_ns" : {
          "min" : 0,
          "max" : 0,
          "mean" : 0.000000,
          "stddev" : 0.000000,
          "N" : 0
        },
        "bw_min" : 0,
        "bw_max" : 0,
        "bw_agg" : 0.000000,
        "bw_mean" : 0.000000,
        "bw_dev" : 0.000000,
        "bw_samples" : 0,
        "iops_min" : 0,
        "iops_max" : 0,
        "iops_mean" : 0.000000,
        "iops_stddev" : 0.000000,
        "iops_samples" : 0
      },
      "trim" : {
        "io_bytes" : 0,
        "io_kbytes" : 0,
        "bw_bytes" : 0,
        "bw" : 0,
        "iops" : 0.000000,
        "runtime" : 0,
        "total_ios" : 0,
        "short_ios" : 0,
        "drop_ios" : 0,
        "slat_ns" : {
          "min" : 0,
          "max" : 0,
          "mean" : 0.000000,
          "stddev" : 0.000000,
          "N" : 0
        },
        "clat_ns" : {
          "min" : 0,
          "max" : 0,
          "mean" : 0.000000,
          "stddev" : 0.000000,
          "N" : 0
        },
        "lat_ns" : {
          "min" : 0,
          "max" : 0,
          "mean" : 0.000000,
          "stddev" : 0.000000,
          "N" : 0
        },
        "bw_min" : 0,
        "bw_max" : 0,
        "bw_agg" : 0.000000,
        "bw_mean" : 0.000000,
        "bw_dev" : 0.000000,
        "bw_samples" : 0,
        "iops_min" : 0,
        "iops_max" : 0,
        "iops_mean" : 0.000000,
        "iops_stddev" : 0.000000,
        "iops_samples" : 0
      },
      "sync" : {
        "total_ios" : 0,
        "lat_ns" : {
          "min" : 0,
          "max" : 0,
          "mean" : 0.000000,
          "stddev" : 0.000000,
          "N" : 0
        }
      },
      "job_runtime" : 60000,
      "usr_cpu" : 3.258333,
      "sys_cpu" : 16.176667,
      "ctx" : 188232,
      "majf" : 188243,
      "minf" : 13,
      "iodepth_level" : {
        "1" : 100.000000,
        "2" : 0.000000,
        "4" : 0.000000,
        "8" : 0.000000,
        "16" : 0.000000,
        "32" : 0.000000,
        ">=64" : 0.000000
      },
      "iodepth_submit" : {
        "0" : 0.000000,
        "4" : 100.000000,
        "8" : 0.000000,
        "16" : 0.000000,
        "32" : 0.000000,
        "64" : 0.000000,
        ">=64" : 0.000000
      },
      "iodepth_complete" : {
        "0" : 0.000000,
        "4" : 100.000000,
        "8" : 0.000000,
        "16" : 0.000000,
        "32" : 0.000000,
        "64" : 0.000000,
        ">=64" : 0.000000
      },
      "latency_ns" : {
        "2" : 0.000000,
        "4" : 0.000000,
        "10" : 0.000000,
        "20" : 0.000000,
        "50" : 0.000000,
        "100" : 0.000000,
        "250" : 0.000000,
        "500" : 0.000000,
        "750" : 0.000000,
        "1000" : 0.000000
      },
      "latency_us" : {
        "2" : 0.000000,
        "4" : 0.000000,
        "10" : 0.000000,
        "20" : 0.000000,
        "50" : 0.000000,
        "100" : 0.000000,
        "250" : 23.639657,
        "500" : 74.074468,
        "750" : 2.154131,
        "1000" : 0.095621
      },
      "latency_ms" : {
        "2" : 0.031342,
        "4" : 0.010000,
        "10" : 0.010000,
        "20" : 0.000000,
        "50" : 0.000000,
        "100" : 0.000000,
        "250" : 0.000000,
        "500" : 0.000000,
        "750" : 0.000000,
        "1000" : 0.000000,
        "2000" : 0.000000,
        ">=2000" : 0.000000
      },
      "latency_depth" : 1,
      "latency_target" : 0,
      "latency_percentile" : 100.000000,
      "latency_window" : 0
    }
  ],
  "disk_util" : [
    {
      "name" : "sde",
      "read_ios" : 187866,
      "write_ios" : 55,
      "read_sectors" : 1502928,
      "write_sectors" : 960,
      "read_merges" : 0,
      "write_merges" : 35,
      "read_ticks" : 47871,
      "write_ticks" : 55,
      "in_queue" : 47947,
      "util" : 72.496078
    }
  ]
}
