{
  "fio version" : "fio-3.36",
  "timestamp" : 1773843140,
  "timestamp_ms" : 1773843140778,
  "time" : "Wed Mar 18 22:12:20 2026",
  "jobs" : [
    {
      "jobname" : "engine_mmap_rand_write",
      "groupid" : 0,
      "job_start" : 1773843076786,
      "error" : 0,
      "eta" : 0,
      "elapsed" : 61,
      "job options" : {
        "name" : "engine_mmap_rand_write",
        "filename" : "fio_test_file",
        "rw" : "randwrite",
        "bs" : "4k",
        "ioengine" : "mmap",
        "numjobs" : "1",
        "iodepth" : "1",
        "size" : "1G",
        "time_based" : "1",
        "runtime" : "60",
        "direct" : "1",
        "group_reporting" : "1"
      },
      "read" : {
        "io_bytes" : 0,
        "io_kbytes" : 0,
        "bw_bytes" : 0,
        "bw" : 0,
        "iops" : 0.000000,
        "runtime" : 0,
        "total_ios" : 0,
        "short_ios" : 0,
        "drop_ios" : 0,
        "slat_ns" : {
          "min" : 0,
          "max" : 0,
          "mean" : 0.000000,
          "stddev" : 0.000000,
          "N" : 0
        },
        "clat_ns" : {
          "min" : 0,
          "max" : 0,
          "mean" : 0.000000,
          "stddev" : 0.000000,
          "N" : 0
        },
        "lat_ns" : {
          "min" : 0,
          "max" : 0,
          "mean" : 0.000000,
          "stddev" : 0.000000,
          "N" : 0
        },
        "bw_min" : 0,
        "bw_max" : 0,
        "bw_agg" : 0.000000,
        "bw_mean" : 0.000000,
        "bw_dev" : 0.000000,
        "bw_samples" : 0,
        "iops_min" : 0,
        "iops_max" : 0,
        "iops_mean" : 0.000000,
        "iops_stddev" : 0.000000,
        "iops_samples" : 0
      },
      "write" : {
        "io_bytes" : 141119488,
        "io_kbytes" : 137812,
        "bw_bytes" : 2351952,
        "bw" : 2296,
        "iops" : 574.207097,
        "runtime" : 60001,
        "total_ios" : 34453,
        "short_ios" : 0,
        "drop_ios" : 0,
        "slat_ns" : {
          "min" : 0,
          "max" : 0,
          "mean" : 0.000000,
          "stddev" : 0.000000,
          "N" : 0
        },
        "clat_ns" : {
          "min" : 681343,
          "max" : 146711856,
          "mean" : 1732166.582097,
          "stddev" : 1894402.953439,
          "N" : 34453,
          "percentile" : {
            "1.000000" : 856064,
            "5.000000" : 905216,
            "10.000000" : 937984,
            "20.000000" : 978944,
            "30.000000" : 1019904,
            "40.000000" : 1073152,
            "50.000000" : 1171456,
            "60.000000" : 1564672,
            "70.000000" : 1826816,
            "80.000000" : 2244608,
            "90.000000" : 2899968,
            "95.000000" : 3424256,
            "99.000000" : 6520832,
            "99.500000" : 15532032,
            "99.900000" : 17170432,
            "99.950000" : 18481152,
            "99.990000" : 56885248
          }
        },
        "lat_ns" : {
          "min" : 681873,
          "max" : 146712728,
          "mean" : 1732965.073085,
          "stddev" : 1894420.639976,
          "N" : 34453
        },
        "bw_min" : 897,
        "bw_max" : 3920,
        "bw_agg" : 100.000000,
        "bw_mean" : 2306.638655,
        "bw_dev" : 629.290854,
        "bw_samples" : 119,
        "iops_min" : 224,
        "iops_max" : 980,
        "iops_mean" : 576.512605,
        "iops_stddev" : 157.316580,
        "iops_samples" : 119
      },
      "trim" : {
        "io_bytes" : 0,
        "io_kbytes" : 0,
        "bw_bytes" : 0,
        "bw" : 0,
        "iops" : 0.000000,
        "runtime" : 0,
        "total_ios" : 0,
        "short_ios" : 0,
        "drop_ios" : 0,
        "slat_ns" : {
          "min" : 0,
          "max" : 0,
          "mean" : 0.000000,
          "stddev" : 0.000000,
          "N" : 0
        },
        "clat_ns" : {
          "min" : 0,
          "max" : 0,
          "mean" : 0.000000,
          "stddev" : 0.000000,
          "N" : 0
        },
        "lat_ns" : {
          "min" : 0,
          "max" : 0,
          "mean" : 0.000000,
          "stddev" : 0.000000,
          "N" : 0
        },
        "bw_min" : 0,
        "bw_max" : 0,
        "bw_agg" : 0.000000,
        "bw_mean" : 0.000000,
        "bw_dev" : 0.000000,
        "bw_samples" : 0,
        "iops_min" : 0,
        "iops_max" : 0,
        "iops_mean" : 0.000000,
        "iops_stddev" : 0.000000,
        "iops_samples" : 0
      },
      "sync" : {
        "total_ios" : 0,
        "lat_ns" : {
          "min" : 0,
          "max" : 0,
          "mean" : 0.000000,
          "stddev" : 0.000000,
          "N" : 0
        }
      },
      "job_runtime" : 60000,
      "usr_cpu" : 1.780000,
      "sys_cpu" : 8.091667,
      "ctx" : 103363,
      "majf" : 34453,
      "minf" : 14,
      "iodepth_level" : {
        "1" : 100.000000,
        "2" : 0.000000,
        "4" : 0.000000,
        "8" : 0.000000,
        "16" : 0.000000,
        "32" : 0.000000,
        ">=64" : 0.000000
      },
      "iodepth_submit" : {
        "0" : 0.000000,
        "4" : 100.000000,
        "8" : 0.000000,
        "16" : 0.000000,
        "32" : 0.000000,
        "64" : 0.000000,
        ">=64" : 0.000000
      },
      "iodepth_complete" : {
        "0" : 0.000000,
        "4" : 100.000000,
        "8" : 0.000000,
        "16" : 0.000000,
        "32" : 0.000000,
        "64" : 0.000000,
        ">=64" : 0.000000
      },
      "latency_ns" : {
        "2" : 0.000000,
        "4" : 0.000000,
        "10" : 0.000000,
        "20" : 0.000000,
        "50" : 0.000000,
        "100" : 0.000000,
        "250" : 0.000000,
        "500" : 0.000000,
        "750" : 0.000000,
        "1000" : 0.000000
      },
      "latency_us" : {
        "2" : 0.000000,
        "4" : 0.000000,
        "10" : 0.000000,
        "20" : 0.000000,
        "50" : 0.000000,
        "100" : 0.000000,
        "250" : 0.000000,
        "500" : 0.000000,
        "750" : 0.026123,
        "1000" : 25.092155
      },
      "latency_ms" : {
        "2" : 50.625490,
        "4" : 21.818129,
        "10" : 1.634110,
        "20" : 0.777871,
        "50" : 0.011610,
        "100" : 0.011610,
        "250" : 0.010000,
        "500" : 0.000000,
        "750" : 0.000000,
        "1000" : 0.000000,
        "2000" : 0.000000,
        ">=2000" : 0.000000
      },
      "latency_depth" : 1,
      "latency_target" : 0,
      "latency_percentile" : 100.000000,
      "latency_window" : 0
    }
  ],
  "disk_util" : [
    {
      "name" : "sde",
      "read_ios" : 34530,
      "write_ios" : 68978,
      "read_sectors" : 282104,
      "write_sectors" : 276840,
      "read_merges" : 116,
      "write_merges" : 44,
      "read_ticks" : 10647,
      "write_ticks" : 46798,
      "in_queue" : 97268,
      "util" : 90.040518
    }
  ]
}
