{
  "fio version" : "fio-3.36",
  "timestamp" : 1773841464,
  "timestamp_ms" : 1773841464011,
  "time" : "Wed Mar 18 21:44:24 2026",
  "jobs" : [
    {
      "jobname" : "engine_libaio_rand_read",
      "groupid" : 0,
      "job_start" : 1773841404236,
      "error" : 0,
      "eta" : 0,
      "elapsed" : 61,
      "job options" : {
        "name" : "engine_libaio_rand_read",
        "filename" : "fio_test_file",
        "rw" : "randread",
        "bs" : "4k",
        "ioengine" : "libaio",
        "numjobs" : "1",
        "iodepth" : "1",
        "size" : "1G",
        "time_based" : "1",
        "runtime" : "60",
        "direct" : "1",
        "group_reporting" : "1"
      },
      "read" : {
        "io_bytes" : 820883456,
        "io_kbytes" : 801644,
        "bw_bytes" : 13681162,
        "bw" : 13360,
        "iops" : 3340.127665,
        "runtime" : 60001,
        "total_ios" : 200411,
        "short_ios" : 0,
        "drop_ios" : 0,
        "slat_ns" : {
          "min" : 3899,
          "max" : 686119,
          "mean" : 24086.478357,
          "stddev" : 13585.286635,
          "N" : 200411
        },
        "clat_ns" : {
          "min" : 3485,
          "max" : 7441827,
          "mean" : 271606.322722,
          "stddev" : 75800.032649,
          "N" : 200411,
          "percentile" : {
            "1.000000" : 138240,
            "5.000000" : 164864,
            "10.000000" : 181248,
            "20.000000" : 205824,
            "30.000000" : 224256,
            "40.000000" : 242688,
            "50.000000" : 264192,
            "60.000000" : 284672,
            "70.000000" : 313344,
            "80.000000" : 337920,
            "90.000000" : 370688,
            "95.000000" : 395264,
            "99.000000" : 448512,
            "99.500000" : 481280,
            "99.900000" : 552960,
            "99.950000" : 585728,
            "99.990000" : 692224
          }
        },
        "lat_ns" : {
          "min" : 113574,
          "max" : 7478503,
          "mean" : 295692.801079,
          "stddev" : 79731.029983,
          "N" : 200411
        },
        "bw_min" : 11416,
        "bw_max" : 16838,
        "bw_agg" : 100.000000,
        "bw_mean" : 13382.127119,
        "bw_dev" : 794.818643,
        "bw_samples" : 118,
        "iops_min" : 2854,
        "iops_max" : 4209,
        "iops_mean" : 3345.364407,
        "iops_stddev" : 198.732508,
        "iops_samples" : 118
      },
      "write" : {
        "io_bytes" : 0,
        "io_kbytes" : 0,
        "bw_bytes" : 0,
        "bw" : 0,
        "iops" : 0.000000,
        "runtime" : 0,
        "total_ios" : 0,
        "short_ios" : 0,
        "drop_ios" : 0,
        "slat_ns" : {
          "min" : 0,
          "max" : 0,
          "mean" : 0.000000,
          "stddev" : 0.000000,
          "N" : 0
        },
        "clat_ns" : {
          "min" : 0,
          "max" : 0,
          "mean" : 0.000000,
          "stddev" : 0.000000,
          "N" : 0
        },
        "lat_ns" : {
          "min" : 0,
          "max" : 0,
          "mean" : 0.000000,
          "stddev" : 0.000000,
          "N" : 0
        },
        "bw_min" : 0,
        "bw_max" : 0,
        "bw_agg" : 0.000000,
        "bw_mean" : 0.000000,
        "bw_dev" : 0.000000,
        "bw_samples" : 0,
        "iops_min" : 0,
        "iops_max" : 0,
        "iops_mean" : 0.000000,
        "iops_stddev" : 0.000000,
        "iops_samples" : 0
      },
      "trim" : {
        "io_bytes" : 0,
        "io_kbytes" : 0,
        "bw_bytes" : 0,
        "bw" : 0,
        "iops" : 0.000000,
        "runtime" : 0,
        "total_ios" : 0,
        "short_ios" : 0,
        "drop_ios" : 0,
        "slat_ns" : {
          "min" : 0,
          "max" : 0,
          "mean" : 0.000000,
          "stddev" : 0.000000,
          "N" : 0
        },
        "clat_ns" : {
          "min" : 0,
          "max" : 0,
          "mean" : 0.000000,
          "stddev" : 0.000000,
          "N" : 0
        },
        "lat_ns" : {
          "min" : 0,
          "max" : 0,
          "mean" : 0.000000,
          "stddev" : 0.000000,
          "N" : 0
        },
        "bw_min" : 0,
        "bw_max" : 0,
        "bw_agg" : 0.000000,
        "bw_mean" : 0.000000,
        "bw_dev" : 0.000000,
        "bw_samples" : 0,
        "iops_min" : 0,
        "iops_max" : 0,
        "iops_mean" : 0.000000,
        "iops_stddev" : 0.000000,
        "iops_samples" : 0
      },
      "sync" : {
        "total_ios" : 0,
        "lat_ns" : {
          "min" : 0,
          "max" : 0,
          "mean" : 0.000000,
          "stddev" : 0.000000,
          "N" : 0
        }
      },
      "job_runtime" : 60000,
      "usr_cpu" : 3.345000,
      "sys_cpu" : 12.345000,
      "ctx" : 200409,
      "majf" : 0,
      "minf" : 16,
      "iodepth_level" : {
        "1" : 100.000000,
        "2" : 0.000000,
        "4" : 0.000000,
        "8" : 0.000000,
        "16" : 0.000000,
        "32" : 0.000000,
        ">=64" : 0.000000
      },
      "iodepth_submit" : {
        "0" : 0.000000,
        "4" : 100.000000,
        "8" : 0.000000,
        "16" : 0.000000,
        "32" : 0.000000,
        "64" : 0.000000,
        ">=64" : 0.000000
      },
      "iodepth_complete" : {
        "0" : 0.000000,
        "4" : 100.000000,
        "8" : 0.000000,
        "16" : 0.000000,
        "32" : 0.000000,
        "64" : 0.000000,
        ">=64" : 0.000000
      },
      "latency_ns" : {
        "2" : 0.000000,
        "4" : 0.000000,
        "10" : 0.000000,
        "20" : 0.000000,
        "50" : 0.000000,
        "100" : 0.000000,
        "250" : 0.000000,
        "500" : 0.000000,
        "750" : 0.000000,
        "1000" : 0.000000
      },
      "latency_us" : {
        "2" : 0.000000,
        "4" : 0.010000,
        "10" : 0.010000,
        "20" : 0.010000,
        "50" : 0.010000,
        "100" : 0.010000,
        "250" : 43.636327,
        "500" : 56.048321,
        "750" : 0.300882,
        "1000" : 0.010000
      },
      "latency_ms" : {
        "2" : 0.010000,
        "4" : 0.000000,
        "10" : 0.010000,
        "20" : 0.000000,
        "50" : 0.000000,
        "100" : 0.000000,
        "250" : 0.000000,
        "500" : 0.000000,
        "750" : 0.000000,
        "1000" : 0.000000,
        "2000" : 0.000000,
        ">=2000" : 0.000000
      },
      "latency_depth" : 1,
      "latency_target" : 0,
      "latency_percentile" : 100.000000,
      "latency_window" : 0
    }
  ],
  "disk_util" : [
    {
      "name" : "sde",
      "read_ios" : 199689,
      "write_ios" : 54,
      "read_sectors" : 1597512,
      "write_sectors" : 888,
      "read_merges" : 0,
      "write_merges" : 29,
      "read_ticks" : 48502,
      "write_ticks" : 53,
      "in_queue" : 48572,
      "util" : 74.278830
    }
  ]
}
