{
  "fio version" : "fio-3.36",
  "timestamp" : 1773841403,
  "timestamp_ms" : 1773841403915,
  "time" : "Wed Mar 18 21:43:23 2026",
  "jobs" : [
    {
      "jobname" : "engine_pvsync_rand_read",
      "groupid" : 0,
      "job_start" : 1773841338140,
      "error" : 0,
      "eta" : 0,
      "elapsed" : 61,
      "job options" : {
        "name" : "engine_pvsync_rand_read",
        "filename" : "fio_test_file",
        "rw" : "randread",
        "bs" : "4k",
        "ioengine" : "pvsync",
        "numjobs" : "1",
        "iodepth" : "1",
        "size" : "1G",
        "time_based" : "1",
        "runtime" : "60",
        "direct" : "1",
        "group_reporting" : "1"
      },
      "read" : {
        "io_bytes" : 887398400,
        "io_kbytes" : 866600,
        "bw_bytes" : 14789726,
        "bw" : 14443,
        "iops" : 3610.773154,
        "runtime" : 60001,
        "total_ios" : 216650,
        "short_ios" : 0,
        "drop_ios" : 0,
        "slat_ns" : {
          "min" : 0,
          "max" : 0,
          "mean" : 0.000000,
          "stddev" : 0.000000,
          "N" : 0
        },
        "clat_ns" : {
          "min" : 105263,
          "max" : 5273681,
          "mean" : 273673.629222,
          "stddev" : 74149.586643,
          "N" : 216650,
          "percentile" : {
            "1.000000" : 138240,
            "5.000000" : 168960,
            "10.000000" : 185344,
            "20.000000" : 211968,
            "30.000000" : 230400,
            "40.000000" : 246784,
            "50.000000" : 264192,
            "60.000000" : 284672,
            "70.000000" : 309248,
            "80.000000" : 337920,
            "90.000000" : 366592,
            "95.000000" : 391168,
            "99.000000" : 456704,
            "99.500000" : 497664,
            "99.900000" : 643072,
            "99.950000" : 733184,
            "99.990000" : 1089536
          }
        },
        "lat_ns" : {
          "min" : 105294,
          "max" : 5273730,
          "mean" : 273908.252975,
          "stddev" : 74195.068415,
          "N" : 216650
        },
        "bw_min" : 11632,
        "bw_max" : 17728,
        "bw_agg" : 100.000000,
        "bw_mean" : 14453.537815,
        "bw_dev" : 862.788726,
        "bw_samples" : 119,
        "iops_min" : 2908,
        "iops_max" : 4432,
        "iops_mean" : 3613.361345,
        "iops_stddev" : 215.713311,
        "iops_samples" : 119
      },
      "write" : {
        "io_bytes" : 0,
        "io_kbytes" : 0,
        "bw_bytes" : 0,
        "bw" : 0,
        "iops" : 0.000000,
        "runtime" : 0,
        "total_ios" : 0,
        "short_ios" : 0,
        "drop_ios" : 0,
        "slat_ns" : {
          "min" : 0,
          "max" : 0,
          "mean" : 0.000000,
          "stddev" : 0.000000,
          "N" : 0
        },
        "clat_ns" : {
          "min" : 0,
          "max" : 0,
          "mean" : 0.000000,
          "stddev" : 0.000000,
          "N" : 0
        },
        "lat_ns" : {
          "min" : 0,
          "max" : 0,
          "mean" : 0.000000,
          "stddev" : 0.000000,
          "N" : 0
        },
        "bw_min" : 0,
        "bw_max" : 0,
        "bw_agg" : 0.000000,
        "bw_mean" : 0.000000,
        "bw_dev" : 0.000000,
        "bw_samples" : 0,
        "iops_min" : 0,
        "iops_max" : 0,
        "iops_mean" : 0.000000,
        "iops_stddev" : 0.000000,
        "iops_samples" : 0
      },
      "trim" : {
        "io_bytes" : 0,
        "io_kbytes" : 0,
        "bw_bytes" : 0,
        "bw" : 0,
        "iops" : 0.000000,
        "runtime" : 0,
        "total_ios" : 0,
        "short_ios" : 0,
        "drop_ios" : 0,
        "slat_ns" : {
          "min" : 0,
          "max" : 0,
          "mean" : 0.000000,
          "stddev" : 0.000000,
          "N" : 0
        },
        "clat_ns" : {
          "min" : 0,
          "max" : 0,
          "mean" : 0.000000,
          "stddev" : 0.000000,
          "N" : 0
        },
        "lat_ns" : {
          "min" : 0,
          "max" : 0,
          "mean" : 0.000000,
          "stddev" : 0.000000,
          "N" : 0
        },
        "bw_min" : 0,
        "bw_max" : 0,
        "bw_agg" : 0.000000,
        "bw_mean" : 0.000000,
        "bw_dev" : 0.000000,
        "bw_samples" : 0,
        "iops_min" : 0,
        "iops_max" : 0,
        "iops_mean" : 0.000000,
        "iops_stddev" : 0.000000,
        "iops_samples" : 0
      },
      "sync" : {
        "total_ios" : 0,
        "lat_ns" : {
          "min" : 0,
          "max" : 0,
          "mean" : 0.000000,
          "stddev" : 0.000000,
          "N" : 0
        }
      },
      "job_runtime" : 60000,
      "usr_cpu" : 3.315000,
      "sys_cpu" : 12.575000,
      "ctx" : 216639,
      "majf" : 0,
      "minf" : 10,
      "iodepth_level" : {
        "1" : 100.000000,
        "2" : 0.000000,
        "4" : 0.000000,
        "8" : 0.000000,
        "16" : 0.000000,
        "32" : 0.000000,
        ">=64" : 0.000000
      },
      "iodepth_submit" : {
        "0" : 0.000000,
        "4" : 100.000000,
        "8" : 0.000000,
        "16" : 0.000000,
        "32" : 0.000000,
        "64" : 0.000000,
        ">=64" : 0.000000
      },
      "iodepth_complete" : {
        "0" : 0.000000,
        "4" : 100.000000,
        "8" : 0.000000,
        "16" : 0.000000,
        "32" : 0.000000,
        "64" : 0.000000,
        ">=64" : 0.000000
      },
      "latency_ns" : {
        "2" : 0.000000,
        "4" : 0.000000,
        "10" : 0.000000,
        "20" : 0.000000,
        "50" : 0.000000,
        "100" : 0.000000,
        "250" : 0.000000,
        "500" : 0.000000,
        "750" : 0.000000,
        "1000" : 0.000000
      },
      "latency_us" : {
        "2" : 0.000000,
        "4" : 0.000000,
        "10" : 0.000000,
        "20" : 0.000000,
        "50" : 0.000000,
        "100" : 0.000000,
        "250" : 41.735518,
        "500" : 57.784907,
        "750" : 0.436187,
        "1000" : 0.030002
      },
      "latency_ms" : {
        "2" : 0.011539,
        "4" : 0.010000,
        "10" : 0.010000,
        "20" : 0.000000,
        "50" : 0.000000,
        "100" : 0.000000,
        "250" : 0.000000,
        "500" : 0.000000,
        "750" : 0.000000,
        "1000" : 0.000000,
        "2000" : 0.000000,
        ">=2000" : 0.000000
      },
      "latency_depth" : 1,
      "latency_target" : 0,
      "latency_percentile" : 100.000000,
      "latency_window" : 0
    }
  ],
  "disk_util" : [
    {
      "name" : "sde",
      "read_ios" : 216478,
      "write_ios" : 64,
      "read_sectors" : 1731824,
      "write_sectors" : 1104,
      "read_merges" : 0,
      "write_merges" : 42,
      "read_ticks" : 53272,
      "write_ticks" : 55,
      "in_queue" : 53343,
      "util" : 81.039082
    }
  ]
}
