{
  "fio version" : "fio-3.36",
  "timestamp" : 1773837806,
  "timestamp_ms" : 1773837806556,
  "time" : "Wed Mar 18 20:43:26 2026",
  "jobs" : [
    {
      "jobname" : "queue_8x64_rand_write",
      "groupid" : 0,
      "job_start" : 1773837748590,
      "error" : 0,
      "eta" : 0,
      "elapsed" : 61,
      "job options" : {
        "name" : "queue_8x64_rand_write",
        "filename" : "fio_test_file",
        "rw" : "randwrite",
        "bs" : "4k",
        "ioengine" : "pvsync",
        "numjobs" : "8",
        "iodepth" : "64",
        "size" : "1G",
        "time_based" : "1",
        "runtime" : "60",
        "direct" : "1",
        "group_reporting" : "1"
      },
      "read" : {
        "io_bytes" : 0,
        "io_kbytes" : 0,
        "bw_bytes" : 0,
        "bw" : 0,
        "iops" : 0.000000,
        "runtime" : 0,
        "total_ios" : 0,
        "short_ios" : 0,
        "drop_ios" : 0,
        "slat_ns" : {
          "min" : 0,
          "max" : 0,
          "mean" : 0.000000,
          "stddev" : 0.000000,
          "N" : 0
        },
        "clat_ns" : {
          "min" : 0,
          "max" : 0,
          "mean" : 0.000000,
          "stddev" : 0.000000,
          "N" : 0
        },
        "lat_ns" : {
          "min" : 0,
          "max" : 0,
          "mean" : 0.000000,
          "stddev" : 0.000000,
          "N" : 0
        },
        "bw_min" : 0,
        "bw_max" : 0,
        "bw_agg" : 0.000000,
        "bw_mean" : 0.000000,
        "bw_dev" : 0.000000,
        "bw_samples" : 0,
        "iops_min" : 0,
        "iops_max" : 0,
        "iops_mean" : 0.000000,
        "iops_stddev" : 0.000000,
        "iops_samples" : 0
      },
      "write" : {
        "io_bytes" : 3803553792,
        "io_kbytes" : 3714408,
        "bw_bytes" : 63339780,
        "bw" : 61855,
        "iops" : 15463.813489,
        "runtime" : 60050,
        "total_ios" : 928602,
        "short_ios" : 0,
        "drop_ios" : 0,
        "slat_ns" : {
          "min" : 0,
          "max" : 0,
          "mean" : 0.000000,
          "stddev" : 0.000000,
          "N" : 0
        },
        "clat_ns" : {
          "min" : 61416,
          "max" : 702780188,
          "mean" : 513758.044640,
          "stddev" : 4863708.902456,
          "N" : 928602,
          "percentile" : {
            "1.000000" : 110080,
            "5.000000" : 130560,
            "10.000000" : 144384,
            "20.000000" : 166912,
            "30.000000" : 187392,
            "40.000000" : 205824,
            "50.000000" : 226304,
            "60.000000" : 246784,
            "70.000000" : 268288,
            "80.000000" : 301056,
            "90.000000" : 350208,
            "95.000000" : 407552,
            "99.000000" : 1531904,
            "99.500000" : 13565952,
            "99.900000" : 53739520,
            "99.950000" : 67633152,
            "99.990000" : 160432128
          }
        },
        "lat_ns" : {
          "min" : 61824,
          "max" : 702780442,
          "mean" : 514151.560338,
          "stddev" : 4863710.427268,
          "N" : 928602
        },
        "bw_min" : 528,
        "bw_max" : 148255,
        "bw_agg" : 100.000000,
        "bw_mean" : 62061.254237,
        "bw_dev" : 4123.230753,
        "bw_samples" : 944,
        "iops_min" : 126,
        "iops_max" : 37063,
        "iops_mean" : 15512.957627,
        "iops_stddev" : 1030.837043,
        "iops_samples" : 944
      },
      "trim" : {
        "io_bytes" : 0,
        "io_kbytes" : 0,
        "bw_bytes" : 0,
        "bw" : 0,
        "iops" : 0.000000,
        "runtime" : 0,
        "total_ios" : 0,
        "short_ios" : 0,
        "drop_ios" : 0,
        "slat_ns" : {
          "min" : 0,
          "max" : 0,
          "mean" : 0.000000,
          "stddev" : 0.000000,
          "N" : 0
        },
        "clat_ns" : {
          "min" : 0,
          "max" : 0,
          "mean" : 0.000000,
          "stddev" : 0.000000,
          "N" : 0
        },
        "lat_ns" : {
          "min" : 0,
          "max" : 0,
          "mean" : 0.000000,
          "stddev" : 0.000000,
          "N" : 0
        },
        "bw_min" : 0,
        "bw_max" : 0,
        "bw_agg" : 0.000000,
        "bw_mean" : 0.000000,
        "bw_dev" : 0.000000,
        "bw_samples" : 0,
        "iops_min" : 0,
        "iops_max" : 0,
        "iops_mean" : 0.000000,
        "iops_stddev" : 0.000000,
        "iops_samples" : 0
      },
      "sync" : {
        "total_ios" : 0,
        "lat_ns" : {
          "min" : 0,
          "max" : 0,
          "mean" : 0.000000,
          "stddev" : 0.000000,
          "N" : 0
        }
      },
      "job_runtime" : 480386,
      "usr_cpu" : 1.816040,
      "sys_cpu" : 8.693218,
      "ctx" : 927048,
      "majf" : 0,
      "minf" : 68,
      "iodepth_level" : {
        "1" : 100.000000,
        "2" : 0.000000,
        "4" : 0.000000,
        "8" : 0.000000,
        "16" : 0.000000,
        "32" : 0.000000,
        ">=64" : 0.000000
      },
      "iodepth_submit" : {
        "0" : 0.000000,
        "4" : 100.000000,
        "8" : 0.000000,
        "16" : 0.000000,
        "32" : 0.000000,
        "64" : 0.000000,
        ">=64" : 0.000000
      },
      "iodepth_complete" : {
        "0" : 0.000000,
        "4" : 100.000000,
        "8" : 0.000000,
        "16" : 0.000000,
        "32" : 0.000000,
        "64" : 0.000000,
        ">=64" : 0.000000
      },
      "latency_ns" : {
        "2" : 0.000000,
        "4" : 0.000000,
        "10" : 0.000000,
        "20" : 0.000000,
        "50" : 0.000000,
        "100" : 0.000000,
        "250" : 0.000000,
        "500" : 0.000000,
        "750" : 0.000000,
        "1000" : 0.000000
      },
      "latency_us" : {
        "2" : 0.000000,
        "4" : 0.000000,
        "10" : 0.000000,
        "20" : 0.000000,
        "50" : 0.000000,
        "100" : 0.312944,
        "250" : 61.180355,
        "500" : 35.902141,
        "750" : 1.114794,
        "1000" : 0.282683
      },
      "latency_ms" : {
        "2" : 0.262007,
        "4" : 0.110489,
        "10" : 0.089274,
        "20" : 0.323174,
        "50" : 0.306698,
        "100" : 0.097135,
        "250" : 0.013138,
        "500" : 0.010000,
        "750" : 0.010000,
        "1000" : 0.000000,
        "2000" : 0.000000,
        ">=2000" : 0.000000
      },
      "latency_depth" : 64,
      "latency_target" : 0,
      "latency_percentile" : 100.000000,
      "latency_window" : 0
    }
  ],
  "disk_util" : [
    {
      "name" : "sde",
      "read_ios" : 0,
      "write_ios" : 928648,
      "read_sectors" : 0,
      "write_sectors" : 7429720,
      "read_merges" : 0,
      "write_merges" : 41,
      "read_ticks" : 0,
      "write_ticks" : 413751,
      "in_queue" : 413842,
      "util" : 96.498884
    }
  ]
}
