{
  "fio version" : "fio-3.36",
  "timestamp" : 1773837682,
  "timestamp_ms" : 1773837682433,
  "time" : "Wed Mar 18 20:41:22 2026",
  "jobs" : [
    {
      "jobname" : "queue_8x1_rand_write",
      "groupid" : 0,
      "job_start" : 1773837620862,
      "error" : 0,
      "eta" : 0,
      "elapsed" : 61,
      "job options" : {
        "name" : "queue_8x1_rand_write",
        "filename" : "fio_test_file",
        "rw" : "randwrite",
        "bs" : "4k",
        "ioengine" : "pvsync",
        "numjobs" : "8",
        "iodepth" : "1",
        "size" : "1G",
        "time_based" : "1",
        "runtime" : "60",
        "direct" : "1",
        "group_reporting" : "1"
      },
      "read" : {
        "io_bytes" : 0,
        "io_kbytes" : 0,
        "bw_bytes" : 0,
        "bw" : 0,
        "iops" : 0.000000,
        "runtime" : 0,
        "total_ios" : 0,
        "short_ios" : 0,
        "drop_ios" : 0,
        "slat_ns" : {
          "min" : 0,
          "max" : 0,
          "mean" : 0.000000,
          "stddev" : 0.000000,
          "N" : 0
        },
        "clat_ns" : {
          "min" : 0,
          "max" : 0,
          "mean" : 0.000000,
          "stddev" : 0.000000,
          "N" : 0
        },
        "lat_ns" : {
          "min" : 0,
          "max" : 0,
          "mean" : 0.000000,
          "stddev" : 0.000000,
          "N" : 0
        },
        "bw_min" : 0,
        "bw_max" : 0,
        "bw_agg" : 0.000000,
        "bw_mean" : 0.000000,
        "bw_dev" : 0.000000,
        "bw_samples" : 0,
        "iops_min" : 0,
        "iops_max" : 0,
        "iops_mean" : 0.000000,
        "iops_stddev" : 0.000000,
        "iops_samples" : 0
      },
      "write" : {
        "io_bytes" : 4683001856,
        "io_kbytes" : 4573244,
        "bw_bytes" : 78035724,
        "bw" : 76206,
        "iops" : 19051.690523,
        "runtime" : 60011,
        "total_ios" : 1143311,
        "short_ios" : 0,
        "drop_ios" : 0,
        "slat_ns" : {
          "min" : 0,
          "max" : 0,
          "mean" : 0.000000,
          "stddev" : 0.000000,
          "N" : 0
        },
        "clat_ns" : {
          "min" : 41295,
          "max" : 906155049,
          "mean" : 417068.528848,
          "stddev" : 4380876.233277,
          "N" : 1143311,
          "percentile" : {
            "1.000000" : 82432,
            "5.000000" : 99840,
            "10.000000" : 110080,
            "20.000000" : 123392,
            "30.000000" : 134144,
            "40.000000" : 146432,
            "50.000000" : 158720,
            "60.000000" : 175104,
            "70.000000" : 197632,
            "80.000000" : 234496,
            "90.000000" : 337920,
            "95.000000" : 561152,
            "99.000000" : 1925120,
            "99.500000" : 13565952,
            "99.900000" : 55836672,
            "99.950000" : 64749568,
            "99.990000" : 119013376
          }
        },
        "lat_ns" : {
          "min" : 41460,
          "max" : 906155301,
          "mean" : 417403.247466,
          "stddev" : 4380884.738101,
          "N" : 1143311
        },
        "bw_min" : 784,
        "bw_max" : 215448,
        "bw_agg" : 100.000000,
        "bw_mean" : 76462.310924,
        "bw_dev" : 6982.828824,
        "bw_samples" : 952,
        "iops_min" : 196,
        "iops_max" : 53862,
        "iops_mean" : 19114.789916,
        "iops_stddev" : 1745.735730,
        "iops_samples" : 952
      },
      "trim" : {
        "io_bytes" : 0,
        "io_kbytes" : 0,
        "bw_bytes" : 0,
        "bw" : 0,
        "iops" : 0.000000,
        "runtime" : 0,
        "total_ios" : 0,
        "short_ios" : 0,
        "drop_ios" : 0,
        "slat_ns" : {
          "min" : 0,
          "max" : 0,
          "mean" : 0.000000,
          "stddev" : 0.000000,
          "N" : 0
        },
        "clat_ns" : {
          "min" : 0,
          "max" : 0,
          "mean" : 0.000000,
          "stddev" : 0.000000,
          "N" : 0
        },
        "lat_ns" : {
          "min" : 0,
          "max" : 0,
          "mean" : 0.000000,
          "stddev" : 0.000000,
          "N" : 0
        },
        "bw_min" : 0,
        "bw_max" : 0,
        "bw_agg" : 0.000000,
        "bw_mean" : 0.000000,
        "bw_dev" : 0.000000,
        "bw_samples" : 0,
        "iops_min" : 0,
        "iops_max" : 0,
        "iops_mean" : 0.000000,
        "iops_stddev" : 0.000000,
        "iops_samples" : 0
      },
      "sync" : {
        "total_ios" : 0,
        "lat_ns" : {
          "min" : 0,
          "max" : 0,
          "mean" : 0.000000,
          "stddev" : 0.000000,
          "N" : 0
        }
      },
      "job_runtime" : 480080,
      "usr_cpu" : 1.793034,
      "sys_cpu" : 9.041826,
      "ctx" : 1141938,
      "majf" : 0,
      "minf" : 75,
      "iodepth_level" : {
        "1" : 100.000000,
        "2" : 0.000000,
        "4" : 0.000000,
        "8" : 0.000000,
        "16" : 0.000000,
        "32" : 0.000000,
        ">=64" : 0.000000
      },
      "iodepth_submit" : {
        "0" : 0.000000,
        "4" : 100.000000,
        "8" : 0.000000,
        "16" : 0.000000,
        "32" : 0.000000,
        "64" : 0.000000,
        ">=64" : 0.000000
      },
      "iodepth_complete" : {
        "0" : 0.000000,
        "4" : 100.000000,
        "8" : 0.000000,
        "16" : 0.000000,
        "32" : 0.000000,
        "64" : 0.000000,
        ">=64" : 0.000000
      },
      "latency_ns" : {
        "2" : 0.000000,
        "4" : 0.000000,
        "10" : 0.000000,
        "20" : 0.000000,
        "50" : 0.000000,
        "100" : 0.000000,
        "250" : 0.000000,
        "500" : 0.000000,
        "750" : 0.000000,
        "1000" : 0.000000
      },
      "latency_us" : {
        "2" : 0.000000,
        "4" : 0.000000,
        "10" : 0.000000,
        "20" : 0.000000,
        "50" : 0.010000,
        "100" : 4.898842,
        "250" : 77.691809,
        "500" : 11.459961,
        "750" : 2.964023,
        "1000" : 1.113870
      },
      "latency_ms" : {
        "2" : 0.902642,
        "4" : 0.223211,
        "10" : 0.109856,
        "20" : 0.415285,
        "50" : 0.076095,
        "100" : 0.124201,
        "250" : 0.013295,
        "500" : 0.010000,
        "750" : 0.000000,
        "1000" : 0.010000,
        "2000" : 0.000000,
        ">=2000" : 0.000000
      },
      "latency_depth" : 1,
      "latency_target" : 0,
      "latency_percentile" : 100.000000,
      "latency_window" : 0
    }
  ],
  "disk_util" : [
    {
      "name" : "sde",
      "read_ios" : 14,
      "write_ios" : 1142592,
      "read_sectors" : 2728,
      "write_sectors" : 9141600,
      "read_merges" : 30,
      "write_merges" : 68,
      "read_ticks" : 28,
      "write_ticks" : 423218,
      "in_queue" : 423396,
      "util" : 98.929179
    }
  ]
}
