{
  "fio version" : "fio-3.36",
  "timestamp" : 1773834617,
  "timestamp_ms" : 1773834617684,
  "time" : "Wed Mar 18 19:50:17 2026",
  "jobs" : [
    {
      "jobname" : "queue_8x64_rand_read",
      "groupid" : 0,
      "job_start" : 1773834557660,
      "error" : 0,
      "eta" : 0,
      "elapsed" : 61,
      "job options" : {
        "name" : "queue_8x64_rand_read",
        "filename" : "fio_test_file",
        "rw" : "randread",
        "bs" : "4k",
        "ioengine" : "pvsync",
        "numjobs" : "8",
        "iodepth" : "64",
        "size" : "1G",
        "time_based" : "1",
        "runtime" : "60",
        "direct" : "1",
        "group_reporting" : "1"
      },
      "read" : {
        "io_bytes" : 5164331008,
        "io_kbytes" : 5043292,
        "bw_bytes" : 86070748,
        "bw" : 84053,
        "iops" : 21013.366444,
        "runtime" : 60001,
        "total_ios" : 1260823,
        "short_ios" : 0,
        "drop_ios" : 0,
        "slat_ns" : {
          "min" : 0,
          "max" : 0,
          "mean" : 0.000000,
          "stddev" : 0.000000,
          "N" : 0
        },
        "clat_ns" : {
          "min" : 128243,
          "max" : 16392851,
          "mean" : 376287.352954,
          "stddev" : 118482.396409,
          "N" : 1260823,
          "percentile" : {
            "1.000000" : 199680,
            "5.000000" : 234496,
            "10.000000" : 254976,
            "20.000000" : 284672,
            "30.000000" : 309248,
            "40.000000" : 333824,
            "50.000000" : 362496,
            "60.000000" : 387072,
            "70.000000" : 419840,
            "80.000000" : 452608,
            "90.000000" : 509952,
            "95.000000" : 561152,
            "99.000000" : 708608,
            "99.500000" : 806912,
            "99.900000" : 1138688,
            "99.950000" : 1351680,
            "99.990000" : 2211840
          }
        },
        "lat_ns" : {
          "min" : 128273,
          "max" : 16393037,
          "mean" : 376583.699303,
          "stddev" : 118528.598357,
          "N" : 1260823
        },
        "bw_min" : 56992,
        "bw_max" : 96639,
        "bw_agg" : 100.000000,
        "bw_mean" : 84165.117647,
        "bw_dev" : 652.705203,
        "bw_samples" : 952,
        "iops_min" : 14248,
        "iops_max" : 24158,
        "iops_mean" : 21040.529412,
        "iops_stddev" : 163.154681,
        "iops_samples" : 952
      },
      "write" : {
        "io_bytes" : 0,
        "io_kbytes" : 0,
        "bw_bytes" : 0,
        "bw" : 0,
        "iops" : 0.000000,
        "runtime" : 0,
        "total_ios" : 0,
        "short_ios" : 0,
        "drop_ios" : 0,
        "slat_ns" : {
          "min" : 0,
          "max" : 0,
          "mean" : 0.000000,
          "stddev" : 0.000000,
          "N" : 0
        },
        "clat_ns" : {
          "min" : 0,
          "max" : 0,
          "mean" : 0.000000,
          "stddev" : 0.000000,
          "N" : 0
        },
        "lat_ns" : {
          "min" : 0,
          "max" : 0,
          "mean" : 0.000000,
          "stddev" : 0.000000,
          "N" : 0
        },
        "bw_min" : 0,
        "bw_max" : 0,
        "bw_agg" : 0.000000,
        "bw_mean" : 0.000000,
        "bw_dev" : 0.000000,
        "bw_samples" : 0,
        "iops_min" : 0,
        "iops_max" : 0,
        "iops_mean" : 0.000000,
        "iops_stddev" : 0.000000,
        "iops_samples" : 0
      },
      "trim" : {
        "io_bytes" : 0,
        "io_kbytes" : 0,
        "bw_bytes" : 0,
        "bw" : 0,
        "iops" : 0.000000,
        "runtime" : 0,
        "total_ios" : 0,
        "short_ios" : 0,
        "drop_ios" : 0,
        "slat_ns" : {
          "min" : 0,
          "max" : 0,
          "mean" : 0.000000,
          "stddev" : 0.000000,
          "N" : 0
        },
        "clat_ns" : {
          "min" : 0,
          "max" : 0,
          "mean" : 0.000000,
          "stddev" : 0.000000,
          "N" : 0
        },
        "lat_ns" : {
          "min" : 0,
          "max" : 0,
          "mean" : 0.000000,
          "stddev" : 0.000000,
          "N" : 0
        },
        "bw_min" : 0,
        "bw_max" : 0,
        "bw_agg" : 0.000000,
        "bw_mean" : 0.000000,
        "bw_dev" : 0.000000,
        "bw_samples" : 0,
        "iops_min" : 0,
        "iops_max" : 0,
        "iops_mean" : 0.000000,
        "iops_stddev" : 0.000000,
        "iops_samples" : 0
      },
      "sync" : {
        "total_ios" : 0,
        "lat_ns" : {
          "min" : 0,
          "max" : 0,
          "mean" : 0.000000,
          "stddev" : 0.000000,
          "N" : 0
        }
      },
      "job_runtime" : 480000,
      "usr_cpu" : 3.502708,
      "sys_cpu" : 13.025000,
      "ctx" : 1260604,
      "majf" : 0,
      "minf" : 82,
      "iodepth_level" : {
        "1" : 100.000000,
        "2" : 0.000000,
        "4" : 0.000000,
        "8" : 0.000000,
        "16" : 0.000000,
        "32" : 0.000000,
        ">=64" : 0.000000
      },
      "iodepth_submit" : {
        "0" : 0.000000,
        "4" : 100.000000,
        "8" : 0.000000,
        "16" : 0.000000,
        "32" : 0.000000,
        "64" : 0.000000,
        ">=64" : 0.000000
      },
      "iodepth_complete" : {
        "0" : 0.000000,
        "4" : 100.000000,
        "8" : 0.000000,
        "16" : 0.000000,
        "32" : 0.000000,
        "64" : 0.000000,
        ">=64" : 0.000000
      },
      "latency_ns" : {
        "2" : 0.000000,
        "4" : 0.000000,
        "10" : 0.000000,
        "20" : 0.000000,
        "50" : 0.000000,
        "100" : 0.000000,
        "250" : 0.000000,
        "500" : 0.000000,
        "750" : 0.000000,
        "1000" : 0.000000
      },
      "latency_us" : {
        "2" : 0.000000,
        "4" : 0.000000,
        "10" : 0.000000,
        "20" : 0.000000,
        "50" : 0.000000,
        "100" : 0.000000,
        "250" : 8.652523,
        "500" : 80.060167,
        "750" : 10.584753,
        "1000" : 0.510381
      },
      "latency_ms" : {
        "2" : 0.178217,
        "4" : 0.010945,
        "10" : 0.010000,
        "20" : 0.010000,
        "50" : 0.000000,
        "100" : 0.000000,
        "250" : 0.000000,
        "500" : 0.000000,
        "750" : 0.000000,
        "1000" : 0.000000,
        "2000" : 0.000000,
        ">=2000" : 0.000000
      },
      "latency_depth" : 64,
      "latency_target" : 0,
      "latency_percentile" : 100.000000,
      "latency_window" : 0
    }
  ],
  "disk_util" : [
    {
      "name" : "sde",
      "read_ios" : 1257050,
      "write_ios" : 55,
      "read_sectors" : 10056400,
      "write_sectors" : 864,
      "read_merges" : 0,
      "write_merges" : 36,
      "read_ticks" : 395616,
      "write_ticks" : 54,
      "in_queue" : 395686,
      "util" : 99.926495
    }
  ]
}
