{
  "fio version" : "fio-3.36",
  "timestamp" : 1773837620,
  "timestamp_ms" : 1773837620546,
  "time" : "Wed Mar 18 20:40:20 2026",
  "jobs" : [
    {
      "jobname" : "queue_4x64_rand_write",
      "groupid" : 0,
      "job_start" : 1773835641149,
      "error" : 0,
      "eta" : 0,
      "elapsed" : 61,
      "job options" : {
        "name" : "queue_4x64_rand_write",
        "filename" : "fio_test_file",
        "rw" : "randwrite",
        "bs" : "4k",
        "ioengine" : "pvsync",
        "numjobs" : "4",
        "iodepth" : "64",
        "size" : "1G",
        "time_based" : "1",
        "runtime" : "60",
        "direct" : "1",
        "group_reporting" : "1"
      },
      "read" : {
        "io_bytes" : 0,
        "io_kbytes" : 0,
        "bw_bytes" : 0,
        "bw" : 0,
        "iops" : 0.000000,
        "runtime" : 0,
        "total_ios" : 0,
        "short_ios" : 0,
        "drop_ios" : 0,
        "slat_ns" : {
          "min" : 0,
          "max" : 0,
          "mean" : 0.000000,
          "stddev" : 0.000000,
          "N" : 0
        },
        "clat_ns" : {
          "min" : 0,
          "max" : 0,
          "mean" : 0.000000,
          "stddev" : 0.000000,
          "N" : 0
        },
        "lat_ns" : {
          "min" : 0,
          "max" : 0,
          "mean" : 0.000000,
          "stddev" : 0.000000,
          "N" : 0
        },
        "bw_min" : 0,
        "bw_max" : 0,
        "bw_agg" : 0.000000,
        "bw_mean" : 0.000000,
        "bw_dev" : 0.000000,
        "bw_samples" : 0,
        "iops_min" : 0,
        "iops_max" : 0,
        "iops_mean" : 0.000000,
        "iops_stddev" : 0.000000,
        "iops_samples" : 0
      },
      "write" : {
        "io_bytes" : 3418562560,
        "io_kbytes" : 3338440,
        "bw_bytes" : 56975093,
        "bw" : 55639,
        "iops" : 13909.934834,
        "runtime" : 60001,
        "total_ios" : 834610,
        "short_ios" : 0,
        "drop_ios" : 0,
        "slat_ns" : {
          "min" : 0,
          "max" : 0,
          "mean" : 0.000000,
          "stddev" : 0.000000,
          "N" : 0
        },
        "clat_ns" : {
          "min" : 67078,
          "max" : 455588544,
          "mean" : 284449.765131,
          "stddev" : 2105224.406097,
          "N" : 834610,
          "percentile" : {
            "1.000000" : 130560,
            "5.000000" : 152576,
            "10.000000" : 164864,
            "20.000000" : 179200,
            "30.000000" : 189440,
            "40.000000" : 195584,
            "50.000000" : 203776,
            "60.000000" : 211968,
            "70.000000" : 222208,
            "80.000000" : 234496,
            "90.000000" : 264192,
            "95.000000" : 325632,
            "99.000000" : 481280,
            "99.500000" : 823296,
            "99.900000" : 19529728,
            "99.950000" : 27656192,
            "99.990000" : 101187584
          }
        },
        "lat_ns" : {
          "min" : 67212,
          "max" : 455589295,
          "mean" : 284899.370637,
          "stddev" : 2105228.738644,
          "N" : 834610
        },
        "bw_min" : 9905,
        "bw_max" : 99408,
        "bw_agg" : 100.000000,
        "bw_mean" : 55733.033613,
        "bw_dev" : 3973.375553,
        "bw_samples" : 476,
        "iops_min" : 2475,
        "iops_max" : 24852,
        "iops_mean" : 13933.226891,
        "iops_stddev" : 993.361452,
        "iops_samples" : 476
      },
      "trim" : {
        "io_bytes" : 0,
        "io_kbytes" : 0,
        "bw_bytes" : 0,
        "bw" : 0,
        "iops" : 0.000000,
        "runtime" : 0,
        "total_ios" : 0,
        "short_ios" : 0,
        "drop_ios" : 0,
        "slat_ns" : {
          "min" : 0,
          "max" : 0,
          "mean" : 0.000000,
          "stddev" : 0.000000,
          "N" : 0
        },
        "clat_ns" : {
          "min" : 0,
          "max" : 0,
          "mean" : 0.000000,
          "stddev" : 0.000000,
          "N" : 0
        },
        "lat_ns" : {
          "min" : 0,
          "max" : 0,
          "mean" : 0.000000,
          "stddev" : 0.000000,
          "N" : 0
        },
        "bw_min" : 0,
        "bw_max" : 0,
        "bw_agg" : 0.000000,
        "bw_mean" : 0.000000,
        "bw_dev" : 0.000000,
        "bw_samples" : 0,
        "iops_min" : 0,
        "iops_max" : 0,
        "iops_mean" : 0.000000,
        "iops_stddev" : 0.000000,
        "iops_samples" : 0
      },
      "sync" : {
        "total_ios" : 0,
        "lat_ns" : {
          "min" : 0,
          "max" : 0,
          "mean" : 0.000000,
          "stddev" : 0.000000,
          "N" : 0
        }
      },
      "job_runtime" : 240000,
      "usr_cpu" : 2.937500,
      "sys_cpu" : 16.054583,
      "ctx" : 834355,
      "majf" : 0,
      "minf" : 43,
      "iodepth_level" : {
        "1" : 100.000000,
        "2" : 0.000000,
        "4" : 0.000000,
        "8" : 0.000000,
        "16" : 0.000000,
        "32" : 0.000000,
        ">=64" : 0.000000
      },
      "iodepth_submit" : {
        "0" : 0.000000,
        "4" : 100.000000,
        "8" : 0.000000,
        "16" : 0.000000,
        "32" : 0.000000,
        "64" : 0.000000,
        ">=64" : 0.000000
      },
      "iodepth_complete" : {
        "0" : 0.000000,
        "4" : 100.000000,
        "8" : 0.000000,
        "16" : 0.000000,
        "32" : 0.000000,
        "64" : 0.000000,
        ">=64" : 0.000000
      },
      "latency_ns" : {
        "2" : 0.000000,
        "4" : 0.000000,
        "10" : 0.000000,
        "20" : 0.000000,
        "50" : 0.000000,
        "100" : 0.000000,
        "250" : 0.000000,
        "500" : 0.000000,
        "750" : 0.000000,
        "1000" : 0.000000
      },
      "latency_us" : {
        "2" : 0.000000,
        "4" : 0.000000,
        "10" : 0.000000,
        "20" : 0.000000,
        "50" : 0.000000,
        "100" : 0.026719,
        "250" : 86.360456,
        "500" : 12.682331,
        "750" : 0.377302,
        "1000" : 0.132876
      },
      "latency_ms" : {
        "2" : 0.101724,
        "4" : 0.029954,
        "10" : 0.070931,
        "20" : 0.123890,
        "50" : 0.067457,
        "100" : 0.015337,
        "250" : 0.010304,
        "500" : 0.010000,
        "750" : 0.000000,
        "1000" : 0.000000,
        "2000" : 0.000000,
        ">=2000" : 0.000000
      },
      "latency_depth" : 64,
      "latency_target" : 0,
      "latency_percentile" : 100.000000,
      "latency_window" : 0
    }
  ],
  "disk_util" : [
    {
      "name" : "sde",
      "read_ios" : 42,
      "write_ios" : 834139,
      "read_sectors" : 2288,
      "write_sectors" : 6673752,
      "read_merges" : 120,
      "write_merges" : 56,
      "read_ticks" : 120,
      "write_ticks" : 197542,
      "in_queue" : 197812,
      "util" : 97.968841
    }
  ]
}
