{
  "fio version" : "fio-3.36",
  "timestamp" : 1773835520,
  "timestamp_ms" : 1773835520182,
  "time" : "Wed Mar 18 20:05:20 2026",
  "jobs" : [
    {
      "jobname" : "queue_1x64_rand_write",
      "groupid" : 0,
      "job_start" : 1773835460167,
      "error" : 0,
      "eta" : 0,
      "elapsed" : 61,
      "job options" : {
        "name" : "queue_1x64_rand_write",
        "filename" : "fio_test_file",
        "rw" : "randwrite",
        "bs" : "4k",
        "ioengine" : "pvsync",
        "numjobs" : "1",
        "iodepth" : "64",
        "size" : "1G",
        "time_based" : "1",
        "runtime" : "60",
        "direct" : "1",
        "group_reporting" : "1"
      },
      "read" : {
        "io_bytes" : 0,
        "io_kbytes" : 0,
        "bw_bytes" : 0,
        "bw" : 0,
        "iops" : 0.000000,
        "runtime" : 0,
        "total_ios" : 0,
        "short_ios" : 0,
        "drop_ios" : 0,
        "slat_ns" : {
          "min" : 0,
          "max" : 0,
          "mean" : 0.000000,
          "stddev" : 0.000000,
          "N" : 0
        },
        "clat_ns" : {
          "min" : 0,
          "max" : 0,
          "mean" : 0.000000,
          "stddev" : 0.000000,
          "N" : 0
        },
        "lat_ns" : {
          "min" : 0,
          "max" : 0,
          "mean" : 0.000000,
          "stddev" : 0.000000,
          "N" : 0
        },
        "bw_min" : 0,
        "bw_max" : 0,
        "bw_agg" : 0.000000,
        "bw_mean" : 0.000000,
        "bw_dev" : 0.000000,
        "bw_samples" : 0,
        "iops_min" : 0,
        "iops_max" : 0,
        "iops_mean" : 0.000000,
        "iops_stddev" : 0.000000,
        "iops_samples" : 0
      },
      "write" : {
        "io_bytes" : 1016799232,
        "io_kbytes" : 992968,
        "bw_bytes" : 16946371,
        "bw" : 16549,
        "iops" : 4137.297712,
        "runtime" : 60001,
        "total_ios" : 248242,
        "short_ios" : 0,
        "drop_ios" : 0,
        "slat_ns" : {
          "min" : 0,
          "max" : 0,
          "mean" : 0.000000,
          "stddev" : 0.000000,
          "N" : 0
        },
        "clat_ns" : {
          "min" : 130285,
          "max" : 1590858,
          "mean" : 238607.464462,
          "stddev" : 32746.110141,
          "N" : 248242,
          "percentile" : {
            "1.000000" : 183296,
            "5.000000" : 195584,
            "10.000000" : 203776,
            "20.000000" : 211968,
            "30.000000" : 220160,
            "40.000000" : 226304,
            "50.000000" : 232448,
            "60.000000" : 240640,
            "70.000000" : 248832,
            "80.000000" : 261120,
            "90.000000" : 280576,
            "95.000000" : 296960,
            "99.000000" : 337920,
            "99.500000" : 358400,
            "99.900000" : 419840,
            "99.950000" : 452608,
            "99.990000" : 552960
          }
        },
        "lat_ns" : {
          "min" : 130475,
          "max" : 1591818,
          "mean" : 239002.709050,
          "stddev" : 32778.621674,
          "N" : 248242
        },
        "bw_min" : 15569,
        "bw_max" : 17942,
        "bw_agg" : 100.000000,
        "bw_mean" : 16568.042373,
        "bw_dev" : 433.483907,
        "bw_samples" : 118,
        "iops_min" : 3892,
        "iops_max" : 4485,
        "iops_mean" : 4141.796610,
        "iops_stddev" : 108.472578,
        "iops_samples" : 118
      },
      "trim" : {
        "io_bytes" : 0,
        "io_kbytes" : 0,
        "bw_bytes" : 0,
        "bw" : 0,
        "iops" : 0.000000,
        "runtime" : 0,
        "total_ios" : 0,
        "short_ios" : 0,
        "drop_ios" : 0,
        "slat_ns" : {
          "min" : 0,
          "max" : 0,
          "mean" : 0.000000,
          "stddev" : 0.000000,
          "N" : 0
        },
        "clat_ns" : {
          "min" : 0,
          "max" : 0,
          "mean" : 0.000000,
          "stddev" : 0.000000,
          "N" : 0
        },
        "lat_ns" : {
          "min" : 0,
          "max" : 0,
          "mean" : 0.000000,
          "stddev" : 0.000000,
          "N" : 0
        },
        "bw_min" : 0,
        "bw_max" : 0,
        "bw_agg" : 0.000000,
        "bw_mean" : 0.000000,
        "bw_dev" : 0.000000,
        "bw_samples" : 0,
        "iops_min" : 0,
        "iops_max" : 0,
        "iops_mean" : 0.000000,
        "iops_stddev" : 0.000000,
        "iops_samples" : 0
      },
      "sync" : {
        "total_ios" : 0,
        "lat_ns" : {
          "min" : 0,
          "max" : 0,
          "mean" : 0.000000,
          "stddev" : 0.000000,
          "N" : 0
        }
      },
      "job_runtime" : 60000,
      "usr_cpu" : 2.953333,
      "sys_cpu" : 24.521667,
      "ctx" : 248247,
      "majf" : 0,
      "minf" : 7,
      "iodepth_level" : {
        "1" : 100.000000,
        "2" : 0.000000,
        "4" : 0.000000,
        "8" : 0.000000,
        "16" : 0.000000,
        "32" : 0.000000,
        ">=64" : 0.000000
      },
      "iodepth_submit" : {
        "0" : 0.000000,
        "4" : 100.000000,
        "8" : 0.000000,
        "16" : 0.000000,
        "32" : 0.000000,
        "64" : 0.000000,
        ">=64" : 0.000000
      },
      "iodepth_complete" : {
        "0" : 0.000000,
        "4" : 100.000000,
        "8" : 0.000000,
        "16" : 0.000000,
        "32" : 0.000000,
        "64" : 0.000000,
        ">=64" : 0.000000
      },
      "latency_ns" : {
        "2" : 0.000000,
        "4" : 0.000000,
        "10" : 0.000000,
        "20" : 0.000000,
        "50" : 0.000000,
        "100" : 0.000000,
        "250" : 0.000000,
        "500" : 0.000000,
        "750" : 0.000000,
        "1000" : 0.000000
      },
      "latency_us" : {
        "2" : 0.000000,
        "4" : 0.000000,
        "10" : 0.000000,
        "20" : 0.000000,
        "50" : 0.000000,
        "100" : 0.000000,
        "250" : 70.498949,
        "500" : 29.483730,
        "750" : 0.013293,
        "1000" : 0.010000
      },
      "latency_ms" : {
        "2" : 0.010000,
        "4" : 0.000000,
        "10" : 0.000000,
        "20" : 0.000000,
        "50" : 0.000000,
        "100" : 0.000000,
        "250" : 0.000000,
        "500" : 0.000000,
        "750" : 0.000000,
        "1000" : 0.000000,
        "2000" : 0.000000,
        ">=2000" : 0.000000
      },
      "latency_depth" : 64,
      "latency_target" : 0,
      "latency_percentile" : 100.000000,
      "latency_window" : 0
    }
  ],
  "disk_util" : [
    {
      "name" : "sde",
      "read_ios" : 1,
      "write_ios" : 248261,
      "read_sectors" : 8,
      "write_sectors" : 1986464,
      "read_merges" : 0,
      "write_merges" : 34,
      "read_ticks" : 1,
      "write_ticks" : 40689,
      "in_queue" : 40701,
      "util" : 58.906508
    }
  ]
}
