{
  "fio version" : "fio-3.36",
  "timestamp" : 1773834492,
  "timestamp_ms" : 1773834492522,
  "time" : "Wed Mar 18 19:48:12 2026",
  "jobs" : [
    {
      "jobname" : "queue_8x1_rand_read",
      "groupid" : 0,
      "job_start" : 1773834430560,
      "error" : 0,
      "eta" : 0,
      "elapsed" : 61,
      "job options" : {
        "name" : "queue_8x1_rand_read",
        "filename" : "fio_test_file",
        "rw" : "randread",
        "bs" : "4k",
        "ioengine" : "pvsync",
        "numjobs" : "8",
        "iodepth" : "1",
        "size" : "1G",
        "time_based" : "1",
        "runtime" : "60",
        "direct" : "1",
        "group_reporting" : "1"
      },
      "read" : {
        "io_bytes" : 5836668928,
        "io_kbytes" : 5699872,
        "bw_bytes" : 97274572,
        "bw" : 94994,
        "iops" : 23748.675044,
        "runtime" : 60002,
        "total_ios" : 1424968,
        "short_ios" : 0,
        "drop_ios" : 0,
        "slat_ns" : {
          "min" : 0,
          "max" : 0,
          "mean" : 0.000000,
          "stddev" : 0.000000,
          "N" : 0
        },
        "clat_ns" : {
          "min" : 112175,
          "max" : 18869670,
          "mean" : 333210.918261,
          "stddev" : 141336.137690,
          "N" : 1424968,
          "percentile" : {
            "1.000000" : 177152,
            "5.000000" : 205824,
            "10.000000" : 224256,
            "20.000000" : 248832,
            "30.000000" : 268288,
            "40.000000" : 288768,
            "50.000000" : 309248,
            "60.000000" : 333824,
            "70.000000" : 362496,
            "80.000000" : 399360,
            "90.000000" : 456704,
            "95.000000" : 518144,
            "99.000000" : 724992,
            "99.500000" : 913408,
            "99.900000" : 1564672,
            "99.950000" : 2211840,
            "99.990000" : 4685824
          }
        },
        "lat_ns" : {
          "min" : 112327,
          "max" : 18869847,
          "mean" : 333523.481046,
          "stddev" : 141947.759361,
          "N" : 1424968
        },
        "bw_min" : 49950,
        "bw_max" : 130340,
        "bw_agg" : 100.000000,
        "bw_mean" : 95101.386555,
        "bw_dev" : 1614.741502,
        "bw_samples" : 952,
        "iops_min" : 12486,
        "iops_max" : 32585,
        "iops_mean" : 23774.815126,
        "iops_stddev" : 403.728991,
        "iops_samples" : 952
      },
      "write" : {
        "io_bytes" : 0,
        "io_kbytes" : 0,
        "bw_bytes" : 0,
        "bw" : 0,
        "iops" : 0.000000,
        "runtime" : 0,
        "total_ios" : 0,
        "short_ios" : 0,
        "drop_ios" : 0,
        "slat_ns" : {
          "min" : 0,
          "max" : 0,
          "mean" : 0.000000,
          "stddev" : 0.000000,
          "N" : 0
        },
        "clat_ns" : {
          "min" : 0,
          "max" : 0,
          "mean" : 0.000000,
          "stddev" : 0.000000,
          "N" : 0
        },
        "lat_ns" : {
          "min" : 0,
          "max" : 0,
          "mean" : 0.000000,
          "stddev" : 0.000000,
          "N" : 0
        },
        "bw_min" : 0,
        "bw_max" : 0,
        "bw_agg" : 0.000000,
        "bw_mean" : 0.000000,
        "bw_dev" : 0.000000,
        "bw_samples" : 0,
        "iops_min" : 0,
        "iops_max" : 0,
        "iops_mean" : 0.000000,
        "iops_stddev" : 0.000000,
        "iops_samples" : 0
      },
      "trim" : {
        "io_bytes" : 0,
        "io_kbytes" : 0,
        "bw_bytes" : 0,
        "bw" : 0,
        "iops" : 0.000000,
        "runtime" : 0,
        "total_ios" : 0,
        "short_ios" : 0,
        "drop_ios" : 0,
        "slat_ns" : {
          "min" : 0,
          "max" : 0,
          "mean" : 0.000000,
          "stddev" : 0.000000,
          "N" : 0
        },
        "clat_ns" : {
          "min" : 0,
          "max" : 0,
          "mean" : 0.000000,
          "stddev" : 0.000000,
          "N" : 0
        },
        "lat_ns" : {
          "min" : 0,
          "max" : 0,
          "mean" : 0.000000,
          "stddev" : 0.000000,
          "N" : 0
        },
        "bw_min" : 0,
        "bw_max" : 0,
        "bw_agg" : 0.000000,
        "bw_mean" : 0.000000,
        "bw_dev" : 0.000000,
        "bw_samples" : 0,
        "iops_min" : 0,
        "iops_max" : 0,
        "iops_mean" : 0.000000,
        "iops_stddev" : 0.000000,
        "iops_samples" : 0
      },
      "sync" : {
        "total_ios" : 0,
        "lat_ns" : {
          "min" : 0,
          "max" : 0,
          "mean" : 0.000000,
          "stddev" : 0.000000,
          "N" : 0
        }
      },
      "job_runtime" : 480002,
      "usr_cpu" : 3.089570,
      "sys_cpu" : 12.757447,
      "ctx" : 1424519,
      "majf" : 0,
      "minf" : 88,
      "iodepth_level" : {
        "1" : 100.000000,
        "2" : 0.000000,
        "4" : 0.000000,
        "8" : 0.000000,
        "16" : 0.000000,
        "32" : 0.000000,
        ">=64" : 0.000000
      },
      "iodepth_submit" : {
        "0" : 0.000000,
        "4" : 100.000000,
        "8" : 0.000000,
        "16" : 0.000000,
        "32" : 0.000000,
        "64" : 0.000000,
        ">=64" : 0.000000
      },
      "iodepth_complete" : {
        "0" : 0.000000,
        "4" : 100.000000,
        "8" : 0.000000,
        "16" : 0.000000,
        "32" : 0.000000,
        "64" : 0.000000,
        ">=64" : 0.000000
      },
      "latency_ns" : {
        "2" : 0.000000,
        "4" : 0.000000,
        "10" : 0.000000,
        "20" : 0.000000,
        "50" : 0.000000,
        "100" : 0.000000,
        "250" : 0.000000,
        "500" : 0.000000,
        "750" : 0.000000,
        "1000" : 0.000000
      },
      "latency_us" : {
        "2" : 0.000000,
        "4" : 0.000000,
        "10" : 0.000000,
        "20" : 0.000000,
        "50" : 0.000000,
        "100" : 0.000000,
        "250" : 20.859346,
        "500" : 73.083606,
        "750" : 5.148958,
        "1000" : 0.525415
      },
      "latency_ms" : {
        "2" : 0.323235,
        "4" : 0.043510,
        "10" : 0.015369,
        "20" : 0.010000,
        "50" : 0.000000,
        "100" : 0.000000,
        "250" : 0.000000,
        "500" : 0.000000,
        "750" : 0.000000,
        "1000" : 0.000000,
        "2000" : 0.000000,
        ">=2000" : 0.000000
      },
      "latency_depth" : 1,
      "latency_target" : 0,
      "latency_percentile" : 100.000000,
      "latency_window" : 0
    }
  ],
  "disk_util" : [
    {
      "name" : "sde",
      "read_ios" : 1420473,
      "write_ios" : 59,
      "read_sectors" : 11363792,
      "write_sectors" : 944,
      "read_merges" : 0,
      "write_merges" : 38,
      "read_ticks" : 403485,
      "write_ticks" : 48,
      "in_queue" : 403551,
      "util" : 99.649052
    }
  ]
}
