{
  "fio version" : "fio-3.36",
  "timestamp" : 1773837748,
  "timestamp_ms" : 1773837748285,
  "time" : "Wed Mar 18 20:42:28 2026",
  "jobs" : [
    {
      "jobname" : "queue_8x16_rand_write",
      "groupid" : 0,
      "job_start" : 1773837682712,
      "error" : 0,
      "eta" : 0,
      "elapsed" : 61,
      "job options" : {
        "name" : "queue_8x16_rand_write",
        "filename" : "fio_test_file",
        "rw" : "randwrite",
        "bs" : "4k",
        "ioengine" : "pvsync",
        "numjobs" : "8",
        "iodepth" : "16",
        "size" : "1G",
        "time_based" : "1",
        "runtime" : "60",
        "direct" : "1",
        "group_reporting" : "1"
      },
      "read" : {
        "io_bytes" : 0,
        "io_kbytes" : 0,
        "bw_bytes" : 0,
        "bw" : 0,
        "iops" : 0.000000,
        "runtime" : 0,
        "total_ios" : 0,
        "short_ios" : 0,
        "drop_ios" : 0,
        "slat_ns" : {
          "min" : 0,
          "max" : 0,
          "mean" : 0.000000,
          "stddev" : 0.000000,
          "N" : 0
        },
        "clat_ns" : {
          "min" : 0,
          "max" : 0,
          "mean" : 0.000000,
          "stddev" : 0.000000,
          "N" : 0
        },
        "lat_ns" : {
          "min" : 0,
          "max" : 0,
          "mean" : 0.000000,
          "stddev" : 0.000000,
          "N" : 0
        },
        "bw_min" : 0,
        "bw_max" : 0,
        "bw_agg" : 0.000000,
        "bw_mean" : 0.000000,
        "bw_dev" : 0.000000,
        "bw_samples" : 0,
        "iops_min" : 0,
        "iops_max" : 0,
        "iops_mean" : 0.000000,
        "iops_stddev" : 0.000000,
        "iops_samples" : 0
      },
      "write" : {
        "io_bytes" : 4098351104,
        "io_kbytes" : 4002296,
        "bw_bytes" : 68304713,
        "bw" : 66703,
        "iops" : 16675.955401,
        "runtime" : 60001,
        "total_ios" : 1000574,
        "short_ios" : 0,
        "drop_ios" : 0,
        "slat_ns" : {
          "min" : 0,
          "max" : 0,
          "mean" : 0.000000,
          "stddev" : 0.000000,
          "N" : 0
        },
        "clat_ns" : {
          "min" : 35969,
          "max" : 475921604,
          "mean" : 476549.091663,
          "stddev" : 3641516.439543,
          "N" : 1000574,
          "percentile" : {
            "1.000000" : 90624,
            "5.000000" : 110080,
            "10.000000" : 124416,
            "20.000000" : 146432,
            "30.000000" : 164864,
            "40.000000" : 183296,
            "50.000000" : 201728,
            "60.000000" : 222208,
            "70.000000" : 244736,
            "80.000000" : 272384,
            "90.000000" : 321536,
            "95.000000" : 374784,
            "99.000000" : 4423680,
            "99.500000" : 18481152,
            "99.900000" : 44302336,
            "99.950000" : 52166656,
            "99.990000" : 91750400
          }
        },
        "lat_ns" : {
          "min" : 36155,
          "max" : 475922485,
          "mean" : 476913.698969,
          "stddev" : 3641520.469409,
          "N" : 1000574
        },
        "bw_min" : 120,
        "bw_max" : 167226,
        "bw_agg" : 100.000000,
        "bw_mean" : 66889.537815,
        "bw_dev" : 4418.640700,
        "bw_samples" : 952,
        "iops_min" : 24,
        "iops_max" : 41805,
        "iops_mean" : 16721.016807,
        "iops_stddev" : 1104.705968,
        "iops_samples" : 952
      },
      "trim" : {
        "io_bytes" : 0,
        "io_kbytes" : 0,
        "bw_bytes" : 0,
        "bw" : 0,
        "iops" : 0.000000,
        "runtime" : 0,
        "total_ios" : 0,
        "short_ios" : 0,
        "drop_ios" : 0,
        "slat_ns" : {
          "min" : 0,
          "max" : 0,
          "mean" : 0.000000,
          "stddev" : 0.000000,
          "N" : 0
        },
        "clat_ns" : {
          "min" : 0,
          "max" : 0,
          "mean" : 0.000000,
          "stddev" : 0.000000,
          "N" : 0
        },
        "lat_ns" : {
          "min" : 0,
          "max" : 0,
          "mean" : 0.000000,
          "stddev" : 0.000000,
          "N" : 0
        },
        "bw_min" : 0,
        "bw_max" : 0,
        "bw_agg" : 0.000000,
        "bw_mean" : 0.000000,
        "bw_dev" : 0.000000,
        "bw_samples" : 0,
        "iops_min" : 0,
        "iops_max" : 0,
        "iops_mean" : 0.000000,
        "iops_stddev" : 0.000000,
        "iops_samples" : 0
      },
      "sync" : {
        "total_ios" : 0,
        "lat_ns" : {
          "min" : 0,
          "max" : 0,
          "mean" : 0.000000,
          "stddev" : 0.000000,
          "N" : 0
        }
      },
      "job_runtime" : 480000,
      "usr_cpu" : 1.866875,
      "sys_cpu" : 9.192500,
      "ctx" : 998869,
      "majf" : 0,
      "minf" : 95,
      "iodepth_level" : {
        "1" : 100.000000,
        "2" : 0.000000,
        "4" : 0.000000,
        "8" : 0.000000,
        "16" : 0.000000,
        "32" : 0.000000,
        ">=64" : 0.000000
      },
      "iodepth_submit" : {
        "0" : 0.000000,
        "4" : 100.000000,
        "8" : 0.000000,
        "16" : 0.000000,
        "32" : 0.000000,
        "64" : 0.000000,
        ">=64" : 0.000000
      },
      "iodepth_complete" : {
        "0" : 0.000000,
        "4" : 100.000000,
        "8" : 0.000000,
        "16" : 0.000000,
        "32" : 0.000000,
        "64" : 0.000000,
        ">=64" : 0.000000
      },
      "latency_ns" : {
        "2" : 0.000000,
        "4" : 0.000000,
        "10" : 0.000000,
        "20" : 0.000000,
        "50" : 0.000000,
        "100" : 0.000000,
        "250" : 0.000000,
        "500" : 0.000000,
        "750" : 0.000000,
        "1000" : 0.000000
      },
      "latency_us" : {
        "2" : 0.000000,
        "4" : 0.000000,
        "10" : 0.000000,
        "20" : 0.000000,
        "50" : 0.010000,
        "100" : 2.426907,
        "250" : 69.904875,
        "500" : 25.395423,
        "750" : 0.696700,
        "1000" : 0.205682
      },
      "latency_ms" : {
        "2" : 0.220074,
        "4" : 0.137421,
        "10" : 0.129226,
        "20" : 0.404968,
        "50" : 0.424256,
        "100" : 0.045274,
        "250" : 0.010000,
        "500" : 0.010000,
        "750" : 0.000000,
        "1000" : 0.000000,
        "2000" : 0.000000,
        ">=2000" : 0.000000
      },
      "latency_depth" : 16,
      "latency_target" : 0,
      "latency_percentile" : 100.000000,
      "latency_window" : 0
    }
  ],
  "disk_util" : [
    {
      "name" : "sde",
      "read_ios" : 0,
      "write_ios" : 1000257,
      "read_sectors" : 0,
      "write_sectors" : 8002456,
      "read_merges" : 0,
      "write_merges" : 49,
      "read_ticks" : 0,
      "write_ticks" : 454066,
      "in_queue" : 454155,
      "util" : 100.000000
    }
  ]
}
