{
  "fio version" : "fio-3.36",
  "timestamp" : 1773834103,
  "timestamp_ms" : 1773834103852,
  "time" : "Wed Mar 18 19:41:43 2026",
  "jobs" : [
    {
      "jobname" : "queue_1x1_rand_read",
      "groupid" : 0,
      "job_start" : 1773834043933,
      "error" : 0,
      "eta" : 0,
      "elapsed" : 61,
      "job options" : {
        "name" : "queue_1x1_rand_read",
        "filename" : "fio_test_file",
        "rw" : "randread",
        "bs" : "4k",
        "ioengine" : "pvsync",
        "numjobs" : "1",
        "iodepth" : "1",
        "size" : "1G",
        "time_based" : "1",
        "runtime" : "60",
        "direct" : "1",
        "group_reporting" : "1"
      },
      "read" : {
        "io_bytes" : 588554240,
        "io_kbytes" : 574760,
        "bw_bytes" : 9809073,
        "bw" : 9579,
        "iops" : 2394.793420,
        "runtime" : 60001,
        "total_ios" : 143690,
        "short_ios" : 0,
        "drop_ios" : 0,
        "slat_ns" : {
          "min" : 0,
          "max" : 0,
          "mean" : 0.000000,
          "stddev" : 0.000000,
          "N" : 0
        },
        "clat_ns" : {
          "min" : 125898,
          "max" : 4969778,
          "mean" : 413813.414643,
          "stddev" : 147596.641681,
          "N" : 143690,
          "percentile" : {
            "1.000000" : 156672,
            "5.000000" : 191488,
            "10.000000" : 218112,
            "20.000000" : 276480,
            "30.000000" : 325632,
            "40.000000" : 370688,
            "50.000000" : 415744,
            "60.000000" : 452608,
            "70.000000" : 489472,
            "80.000000" : 544768,
            "90.000000" : 585728,
            "95.000000" : 643072,
            "99.000000" : 806912,
            "99.500000" : 888832,
            "99.900000" : 1073152,
            "99.950000" : 1122304,
            "99.990000" : 1269760
          }
        },
        "lat_ns" : {
          "min" : 125929,
          "max" : 4970130,
          "mean" : 414084.608957,
          "stddev" : 147660.086704,
          "N" : 143690
        },
        "bw_min" : 6739,
        "bw_max" : 17468,
        "bw_agg" : 99.810288,
        "bw_mean" : 9561.288136,
        "bw_dev" : 2159.365557,
        "bw_samples" : 118,
        "iops_min" : 1684,
        "iops_max" : 4367,
        "iops_mean" : 2390.144068,
        "iops_stddev" : 539.895119,
        "iops_samples" : 118
      },
      "write" : {
        "io_bytes" : 0,
        "io_kbytes" : 0,
        "bw_bytes" : 0,
        "bw" : 0,
        "iops" : 0.000000,
        "runtime" : 0,
        "total_ios" : 0,
        "short_ios" : 0,
        "drop_ios" : 0,
        "slat_ns" : {
          "min" : 0,
          "max" : 0,
          "mean" : 0.000000,
          "stddev" : 0.000000,
          "N" : 0
        },
        "clat_ns" : {
          "min" : 0,
          "max" : 0,
          "mean" : 0.000000,
          "stddev" : 0.000000,
          "N" : 0
        },
        "lat_ns" : {
          "min" : 0,
          "max" : 0,
          "mean" : 0.000000,
          "stddev" : 0.000000,
          "N" : 0
        },
        "bw_min" : 0,
        "bw_max" : 0,
        "bw_agg" : 0.000000,
        "bw_mean" : 0.000000,
        "bw_dev" : 0.000000,
        "bw_samples" : 0,
        "iops_min" : 0,
        "iops_max" : 0,
        "iops_mean" : 0.000000,
        "iops_stddev" : 0.000000,
        "iops_samples" : 0
      },
      "trim" : {
        "io_bytes" : 0,
        "io_kbytes" : 0,
        "bw_bytes" : 0,
        "bw" : 0,
        "iops" : 0.000000,
        "runtime" : 0,
        "total_ios" : 0,
        "short_ios" : 0,
        "drop_ios" : 0,
        "slat_ns" : {
          "min" : 0,
          "max" : 0,
          "mean" : 0.000000,
          "stddev" : 0.000000,
          "N" : 0
        },
        "clat_ns" : {
          "min" : 0,
          "max" : 0,
          "mean" : 0.000000,
          "stddev" : 0.000000,
          "N" : 0
        },
        "lat_ns" : {
          "min" : 0,
          "max" : 0,
          "mean" : 0.000000,
          "stddev" : 0.000000,
          "N" : 0
        },
        "bw_min" : 0,
        "bw_max" : 0,
        "bw_agg" : 0.000000,
        "bw_mean" : 0.000000,
        "bw_dev" : 0.000000,
        "bw_samples" : 0,
        "iops_min" : 0,
        "iops_max" : 0,
        "iops_mean" : 0.000000,
        "iops_stddev" : 0.000000,
        "iops_samples" : 0
      },
      "sync" : {
        "total_ios" : 0,
        "lat_ns" : {
          "min" : 0,
          "max" : 0,
          "mean" : 0.000000,
          "stddev" : 0.000000,
          "N" : 0
        }
      },
      "job_runtime" : 60000,
      "usr_cpu" : 2.338333,
      "sys_cpu" : 8.361667,
      "ctx" : 143690,
      "majf" : 0,
      "minf" : 11,
      "iodepth_level" : {
        "1" : 100.000000,
        "2" : 0.000000,
        "4" : 0.000000,
        "8" : 0.000000,
        "16" : 0.000000,
        "32" : 0.000000,
        ">=64" : 0.000000
      },
      "iodepth_submit" : {
        "0" : 0.000000,
        "4" : 100.000000,
        "8" : 0.000000,
        "16" : 0.000000,
        "32" : 0.000000,
        "64" : 0.000000,
        ">=64" : 0.000000
      },
      "iodepth_complete" : {
        "0" : 0.000000,
        "4" : 100.000000,
        "8" : 0.000000,
        "16" : 0.000000,
        "32" : 0.000000,
        "64" : 0.000000,
        ">=64" : 0.000000
      },
      "latency_ns" : {
        "2" : 0.000000,
        "4" : 0.000000,
        "10" : 0.000000,
        "20" : 0.000000,
        "50" : 0.000000,
        "100" : 0.000000,
        "250" : 0.000000,
        "500" : 0.000000,
        "750" : 0.000000,
        "1000" : 0.000000
      },
      "latency_us" : {
        "2" : 0.000000,
        "4" : 0.000000,
        "10" : 0.000000,
        "20" : 0.000000,
        "50" : 0.000000,
        "100" : 0.000000,
        "250" : 15.493075,
        "500" : 56.376227,
        "750" : 26.471571,
        "1000" : 1.454520
      },
      "latency_ms" : {
        "2" : 0.201823,
        "4" : 0.010000,
        "10" : 0.010000,
        "20" : 0.000000,
        "50" : 0.000000,
        "100" : 0.000000,
        "250" : 0.000000,
        "500" : 0.000000,
        "750" : 0.000000,
        "1000" : 0.000000,
        "2000" : 0.000000,
        ">=2000" : 0.000000
      },
      "latency_depth" : 1,
      "latency_target" : 0,
      "latency_percentile" : 100.000000,
      "latency_window" : 0
    }
  ],
  "disk_util" : [
    {
      "name" : "sde",
      "read_ios" : 143040,
      "write_ios" : 79,
      "read_sectors" : 1144440,
      "write_sectors" : 1248,
      "read_merges" : 0,
      "write_merges" : 45,
      "read_ticks" : 47638,
      "write_ticks" : 61,
      "in_queue" : 47716,
      "util" : 73.047025
    }
  ]
}
