{
  "fio version" : "fio-3.36",
  "timestamp" : 1773834236,
  "timestamp_ms" : 1773834236484,
  "time" : "Wed Mar 18 19:43:56 2026",
  "jobs" : [
    {
      "jobname" : "queue_1x64_rand_read",
      "groupid" : 0,
      "job_start" : 1773834171089,
      "error" : 0,
      "eta" : 0,
      "elapsed" : 61,
      "job options" : {
        "name" : "queue_1x64_rand_read",
        "filename" : "fio_test_file",
        "rw" : "randread",
        "bs" : "4k",
        "ioengine" : "pvsync",
        "numjobs" : "1",
        "iodepth" : "64",
        "size" : "1G",
        "time_based" : "1",
        "runtime" : "60",
        "direct" : "1",
        "group_reporting" : "1"
      },
      "read" : {
        "io_bytes" : 623276032,
        "io_kbytes" : 608668,
        "bw_bytes" : 10387760,
        "bw" : 10144,
        "iops" : 2536.074399,
        "runtime" : 60001,
        "total_ios" : 152167,
        "short_ios" : 0,
        "drop_ios" : 0,
        "slat_ns" : {
          "min" : 0,
          "max" : 0,
          "mean" : 0.000000,
          "stddev" : 0.000000,
          "N" : 0
        },
        "clat_ns" : {
          "min" : 112505,
          "max" : 6910502,
          "mean" : 391288.572608,
          "stddev" : 169549.122045,
          "N" : 152167,
          "percentile" : {
            "1.000000" : 138240,
            "5.000000" : 152576,
            "10.000000" : 175104,
            "20.000000" : 191488,
            "30.000000" : 268288,
            "40.000000" : 362496,
            "50.000000" : 415744,
            "60.000000" : 460800,
            "70.000000" : 493568,
            "80.000000" : 518144,
            "90.000000" : 569344,
            "95.000000" : 643072,
            "99.000000" : 864256,
            "99.500000" : 937984,
            "99.900000" : 1056768,
            "99.950000" : 1089536,
            "99.990000" : 1810432
          }
        },
        "lat_ns" : {
          "min" : 112541,
          "max" : 6911459,
          "mean" : 391520.268067,
          "stddev" : 169656.644002,
          "N" : 152167
        },
        "bw_min" : 7216,
        "bw_max" : 20256,
        "bw_agg" : 99.504186,
        "bw_mean" : 10094.302521,
        "bw_dev" : 3761.211567,
        "bw_samples" : 119,
        "iops_min" : 1804,
        "iops_max" : 5064,
        "iops_mean" : 2523.504202,
        "iops_stddev" : 940.305232,
        "iops_samples" : 119
      },
      "write" : {
        "io_bytes" : 0,
        "io_kbytes" : 0,
        "bw_bytes" : 0,
        "bw" : 0,
        "iops" : 0.000000,
        "runtime" : 0,
        "total_ios" : 0,
        "short_ios" : 0,
        "drop_ios" : 0,
        "slat_ns" : {
          "min" : 0,
          "max" : 0,
          "mean" : 0.000000,
          "stddev" : 0.000000,
          "N" : 0
        },
        "clat_ns" : {
          "min" : 0,
          "max" : 0,
          "mean" : 0.000000,
          "stddev" : 0.000000,
          "N" : 0
        },
        "lat_ns" : {
          "min" : 0,
          "max" : 0,
          "mean" : 0.000000,
          "stddev" : 0.000000,
          "N" : 0
        },
        "bw_min" : 0,
        "bw_max" : 0,
        "bw_agg" : 0.000000,
        "bw_mean" : 0.000000,
        "bw_dev" : 0.000000,
        "bw_samples" : 0,
        "iops_min" : 0,
        "iops_max" : 0,
        "iops_mean" : 0.000000,
        "iops_stddev" : 0.000000,
        "iops_samples" : 0
      },
      "trim" : {
        "io_bytes" : 0,
        "io_kbytes" : 0,
        "bw_bytes" : 0,
        "bw" : 0,
        "iops" : 0.000000,
        "runtime" : 0,
        "total_ios" : 0,
        "short_ios" : 0,
        "drop_ios" : 0,
        "slat_ns" : {
          "min" : 0,
          "max" : 0,
          "mean" : 0.000000,
          "stddev" : 0.000000,
          "N" : 0
        },
        "clat_ns" : {
          "min" : 0,
          "max" : 0,
          "mean" : 0.000000,
          "stddev" : 0.000000,
          "N" : 0
        },
        "lat_ns" : {
          "min" : 0,
          "max" : 0,
          "mean" : 0.000000,
          "stddev" : 0.000000,
          "N" : 0
        },
        "bw_min" : 0,
        "bw_max" : 0,
        "bw_agg" : 0.000000,
        "bw_mean" : 0.000000,
        "bw_dev" : 0.000000,
        "bw_samples" : 0,
        "iops_min" : 0,
        "iops_max" : 0,
        "iops_mean" : 0.000000,
        "iops_stddev" : 0.000000,
        "iops_samples" : 0
      },
      "sync" : {
        "total_ios" : 0,
        "lat_ns" : {
          "min" : 0,
          "max" : 0,
          "mean" : 0.000000,
          "stddev" : 0.000000,
          "N" : 0
        }
      },
      "job_runtime" : 60000,
      "usr_cpu" : 2.365000,
      "sys_cpu" : 7.860000,
      "ctx" : 152166,
      "majf" : 0,
      "minf" : 10,
      "iodepth_level" : {
        "1" : 100.000000,
        "2" : 0.000000,
        "4" : 0.000000,
        "8" : 0.000000,
        "16" : 0.000000,
        "32" : 0.000000,
        ">=64" : 0.000000
      },
      "iodepth_submit" : {
        "0" : 0.000000,
        "4" : 100.000000,
        "8" : 0.000000,
        "16" : 0.000000,
        "32" : 0.000000,
        "64" : 0.000000,
        ">=64" : 0.000000
      },
      "iodepth_complete" : {
        "0" : 0.000000,
        "4" : 100.000000,
        "8" : 0.000000,
        "16" : 0.000000,
        "32" : 0.000000,
        "64" : 0.000000,
        ">=64" : 0.000000
      },
      "latency_ns" : {
        "2" : 0.000000,
        "4" : 0.000000,
        "10" : 0.000000,
        "20" : 0.000000,
        "50" : 0.000000,
        "100" : 0.000000,
        "250" : 0.000000,
        "500" : 0.000000,
        "750" : 0.000000,
        "1000" : 0.000000
      },
      "latency_us" : {
        "2" : 0.000000,
        "4" : 0.000000,
        "10" : 0.000000,
        "20" : 0.000000,
        "50" : 0.000000,
        "100" : 0.000000,
        "250" : 28.146050,
        "500" : 44.825093,
        "750" : 24.760953,
        "1000" : 2.020149
      },
      "latency_ms" : {
        "2" : 0.238554,
        "4" : 0.010000,
        "10" : 0.010000,
        "20" : 0.000000,
        "50" : 0.000000,
        "100" : 0.000000,
        "250" : 0.000000,
        "500" : 0.000000,
        "750" : 0.000000,
        "1000" : 0.000000,
        "2000" : 0.000000,
        ">=2000" : 0.000000
      },
      "latency_depth" : 64,
      "latency_target" : 0,
      "latency_percentile" : 100.000000,
      "latency_window" : 0
    }
  ],
  "disk_util" : [
    {
      "name" : "sde",
      "read_ios" : 151092,
      "write_ios" : 71,
      "read_sectors" : 1208736,
      "write_sectors" : 1136,
      "read_merges" : 0,
      "write_merges" : 40,
      "read_ticks" : 50009,
      "write_ticks" : 52,
      "in_queue" : 50077,
      "util" : 77.199906
    }
  ]
}
