{
  "fio version" : "fio-3.36",
  "timestamp" : 1773835404,
  "timestamp_ms" : 1773835404133,
  "time" : "Wed Mar 18 20:03:24 2026",
  "jobs" : [
    {
      "jobname" : "queue_1x1_rand_write",
      "groupid" : 0,
      "job_start" : 1773835344175,
      "error" : 0,
      "eta" : 0,
      "elapsed" : 61,
      "job options" : {
        "name" : "queue_1x1_rand_write",
        "filename" : "fio_test_file",
        "rw" : "randwrite",
        "bs" : "4k",
        "ioengine" : "pvsync",
        "numjobs" : "1",
        "iodepth" : "1",
        "size" : "1G",
        "time_based" : "1",
        "runtime" : "60",
        "direct" : "1",
        "group_reporting" : "1"
      },
      "read" : {
        "io_bytes" : 0,
        "io_kbytes" : 0,
        "bw_bytes" : 0,
        "bw" : 0,
        "iops" : 0.000000,
        "runtime" : 0,
        "total_ios" : 0,
        "short_ios" : 0,
        "drop_ios" : 0,
        "slat_ns" : {
          "min" : 0,
          "max" : 0,
          "mean" : 0.000000,
          "stddev" : 0.000000,
          "N" : 0
        },
        "clat_ns" : {
          "min" : 0,
          "max" : 0,
          "mean" : 0.000000,
          "stddev" : 0.000000,
          "N" : 0
        },
        "lat_ns" : {
          "min" : 0,
          "max" : 0,
          "mean" : 0.000000,
          "stddev" : 0.000000,
          "N" : 0
        },
        "bw_min" : 0,
        "bw_max" : 0,
        "bw_agg" : 0.000000,
        "bw_mean" : 0.000000,
        "bw_dev" : 0.000000,
        "bw_samples" : 0,
        "iops_min" : 0,
        "iops_max" : 0,
        "iops_mean" : 0.000000,
        "iops_stddev" : 0.000000,
        "iops_samples" : 0
      },
      "write" : {
        "io_bytes" : 985059328,
        "io_kbytes" : 961972,
        "bw_bytes" : 16417381,
        "bw" : 16032,
        "iops" : 4008.149864,
        "runtime" : 60001,
        "total_ios" : 240493,
        "short_ios" : 0,
        "drop_ios" : 0,
        "slat_ns" : {
          "min" : 0,
          "max" : 0,
          "mean" : 0.000000,
          "stddev" : 0.000000,
          "N" : 0
        },
        "clat_ns" : {
          "min" : 106406,
          "max" : 5641024,
          "mean" : 246046.343652,
          "stddev" : 54937.504872,
          "N" : 240493,
          "percentile" : {
            "1.000000" : 187392,
            "5.000000" : 201728,
            "10.000000" : 207872,
            "20.000000" : 218112,
            "30.000000" : 224256,
            "40.000000" : 230400,
            "50.000000" : 238592,
            "60.000000" : 244736,
            "70.000000" : 254976,
            "80.000000" : 268288,
            "90.000000" : 288768,
            "95.000000" : 309248,
            "99.000000" : 366592,
            "99.500000" : 423936,
            "99.900000" : 954368,
            "99.950000" : 1220608,
            "99.990000" : 1810432
          }
        },
        "lat_ns" : {
          "min" : 106707,
          "max" : 5641849,
          "mean" : 246520.046168,
          "stddev" : 55034.545430,
          "N" : 240493
        },
        "bw_min" : 9916,
        "bw_max" : 17530,
        "bw_agg" : 100.000000,
        "bw_mean" : 16047.567797,
        "bw_dev" : 1048.880970,
        "bw_samples" : 118,
        "iops_min" : 2479,
        "iops_max" : 4382,
        "iops_mean" : 4011.610169,
        "iops_stddev" : 262.212546,
        "iops_samples" : 118
      },
      "trim" : {
        "io_bytes" : 0,
        "io_kbytes" : 0,
        "bw_bytes" : 0,
        "bw" : 0,
        "iops" : 0.000000,
        "runtime" : 0,
        "total_ios" : 0,
        "short_ios" : 0,
        "drop_ios" : 0,
        "slat_ns" : {
          "min" : 0,
          "max" : 0,
          "mean" : 0.000000,
          "stddev" : 0.000000,
          "N" : 0
        },
        "clat_ns" : {
          "min" : 0,
          "max" : 0,
          "mean" : 0.000000,
          "stddev" : 0.000000,
          "N" : 0
        },
        "lat_ns" : {
          "min" : 0,
          "max" : 0,
          "mean" : 0.000000,
          "stddev" : 0.000000,
          "N" : 0
        },
        "bw_min" : 0,
        "bw_max" : 0,
        "bw_agg" : 0.000000,
        "bw_mean" : 0.000000,
        "bw_dev" : 0.000000,
        "bw_samples" : 0,
        "iops_min" : 0,
        "iops_max" : 0,
        "iops_mean" : 0.000000,
        "iops_stddev" : 0.000000,
        "iops_samples" : 0
      },
      "sync" : {
        "total_ios" : 0,
        "lat_ns" : {
          "min" : 0,
          "max" : 0,
          "mean" : 0.000000,
          "stddev" : 0.000000,
          "N" : 0
        }
      },
      "job_runtime" : 60000,
      "usr_cpu" : 3.160000,
      "sys_cpu" : 24.501667,
      "ctx" : 240463,
      "majf" : 0,
      "minf" : 10,
      "iodepth_level" : {
        "1" : 100.000000,
        "2" : 0.000000,
        "4" : 0.000000,
        "8" : 0.000000,
        "16" : 0.000000,
        "32" : 0.000000,
        ">=64" : 0.000000
      },
      "iodepth_submit" : {
        "0" : 0.000000,
        "4" : 100.000000,
        "8" : 0.000000,
        "16" : 0.000000,
        "32" : 0.000000,
        "64" : 0.000000,
        ">=64" : 0.000000
      },
      "iodepth_complete" : {
        "0" : 0.000000,
        "4" : 100.000000,
        "8" : 0.000000,
        "16" : 0.000000,
        "32" : 0.000000,
        "64" : 0.000000,
        ">=64" : 0.000000
      },
      "latency_ns" : {
        "2" : 0.000000,
        "4" : 0.000000,
        "10" : 0.000000,
        "20" : 0.000000,
        "50" : 0.000000,
        "100" : 0.000000,
        "250" : 0.000000,
        "500" : 0.000000,
        "750" : 0.000000,
        "1000" : 0.000000
      },
      "latency_us" : {
        "2" : 0.000000,
        "4" : 0.000000,
        "10" : 0.000000,
        "20" : 0.000000,
        "50" : 0.000000,
        "100" : 0.000000,
        "250" : 65.089213,
        "500" : 34.621798,
        "750" : 0.133892,
        "1000" : 0.064867
      },
      "latency_ms" : {
        "2" : 0.082747,
        "4" : 0.010000,
        "10" : 0.010000,
        "20" : 0.000000,
        "50" : 0.000000,
        "100" : 0.000000,
        "250" : 0.000000,
        "500" : 0.000000,
        "750" : 0.000000,
        "1000" : 0.000000,
        "2000" : 0.000000,
        ">=2000" : 0.000000
      },
      "latency_depth" : 1,
      "latency_target" : 0,
      "latency_percentile" : 100.000000,
      "latency_window" : 0
    }
  ],
  "disk_util" : [
    {
      "name" : "sde",
      "read_ios" : 3,
      "write_ios" : 240214,
      "read_sectors" : 24,
      "write_sectors" : 1922336,
      "read_merges" : 0,
      "write_merges" : 57,
      "read_ticks" : 1,
      "write_ticks" : 40405,
      "in_queue" : 40419,
      "util" : 57.779485
    }
  ]
}
