{
  "fio version" : "fio-3.36",
  "timestamp" : 1773835640,
  "timestamp_ms" : 1773835640845,
  "time" : "Wed Mar 18 20:07:20 2026",
  "jobs" : [
    {
      "jobname" : "queue_4x16_rand_write",
      "groupid" : 0,
      "job_start" : 1773835580829,
      "error" : 0,
      "eta" : 0,
      "elapsed" : 61,
      "job options" : {
        "name" : "queue_4x16_rand_write",
        "filename" : "fio_test_file",
        "rw" : "randwrite",
        "bs" : "4k",
        "ioengine" : "pvsync",
        "numjobs" : "4",
        "iodepth" : "16",
        "size" : "1G",
        "time_based" : "1",
        "runtime" : "60",
        "direct" : "1",
        "group_reporting" : "1"
      },
      "read" : {
        "io_bytes" : 0,
        "io_kbytes" : 0,
        "bw_bytes" : 0,
        "bw" : 0,
        "iops" : 0.000000,
        "runtime" : 0,
        "total_ios" : 0,
        "short_ios" : 0,
        "drop_ios" : 0,
        "slat_ns" : {
          "min" : 0,
          "max" : 0,
          "mean" : 0.000000,
          "stddev" : 0.000000,
          "N" : 0
        },
        "clat_ns" : {
          "min" : 0,
          "max" : 0,
          "mean" : 0.000000,
          "stddev" : 0.000000,
          "N" : 0
        },
        "lat_ns" : {
          "min" : 0,
          "max" : 0,
          "mean" : 0.000000,
          "stddev" : 0.000000,
          "N" : 0
        },
        "bw_min" : 0,
        "bw_max" : 0,
        "bw_agg" : 0.000000,
        "bw_mean" : 0.000000,
        "bw_dev" : 0.000000,
        "bw_samples" : 0,
        "iops_min" : 0,
        "iops_max" : 0,
        "iops_mean" : 0.000000,
        "iops_stddev" : 0.000000,
        "iops_samples" : 0
      },
      "write" : {
        "io_bytes" : 3363119104,
        "io_kbytes" : 3284296,
        "bw_bytes" : 56051050,
        "bw" : 54737,
        "iops" : 13684.338594,
        "runtime" : 60001,
        "total_ios" : 821074,
        "short_ios" : 0,
        "drop_ios" : 0,
        "slat_ns" : {
          "min" : 0,
          "max" : 0,
          "mean" : 0.000000,
          "stddev" : 0.000000,
          "N" : 0
        },
        "clat_ns" : {
          "min" : 90002,
          "max" : 282326331,
          "mean" : 289253.972988,
          "stddev" : 2004032.410117,
          "N" : 821074,
          "percentile" : {
            "1.000000" : 144384,
            "5.000000" : 162816,
            "10.000000" : 173056,
            "20.000000" : 183296,
            "30.000000" : 191488,
            "40.000000" : 199680,
            "50.000000" : 207872,
            "60.000000" : 216064,
            "70.000000" : 226304,
            "80.000000" : 240640,
            "90.000000" : 272384,
            "95.000000" : 346112,
            "99.000000" : 544768,
            "99.500000" : 864256,
            "99.900000" : 20316160,
            "99.950000" : 25559040,
            "99.990000" : 90701824
          }
        },
        "lat_ns" : {
          "min" : 90089,
          "max" : 282326608,
          "mean" : 289618.406899,
          "stddev" : 2004045.411051,
          "N" : 821074
        },
        "bw_min" : 14488,
        "bw_max" : 82152,
        "bw_agg" : 99.884259,
        "bw_mean" : 54674.067227,
        "bw_dev" : 3641.877020,
        "bw_samples" : 476,
        "iops_min" : 3622,
        "iops_max" : 20538,
        "iops_mean" : 13668.470588,
        "iops_stddev" : 910.472474,
        "iops_samples" : 476
      },
      "trim" : {
        "io_bytes" : 0,
        "io_kbytes" : 0,
        "bw_bytes" : 0,
        "bw" : 0,
        "iops" : 0.000000,
        "runtime" : 0,
        "total_ios" : 0,
        "short_ios" : 0,
        "drop_ios" : 0,
        "slat_ns" : {
          "min" : 0,
          "max" : 0,
          "mean" : 0.000000,
          "stddev" : 0.000000,
          "N" : 0
        },
        "clat_ns" : {
          "min" : 0,
          "max" : 0,
          "mean" : 0.000000,
          "stddev" : 0.000000,
          "N" : 0
        },
        "lat_ns" : {
          "min" : 0,
          "max" : 0,
          "mean" : 0.000000,
          "stddev" : 0.000000,
          "N" : 0
        },
        "bw_min" : 0,
        "bw_max" : 0,
        "bw_agg" : 0.000000,
        "bw_mean" : 0.000000,
        "bw_dev" : 0.000000,
        "bw_samples" : 0,
        "iops_min" : 0,
        "iops_max" : 0,
        "iops_mean" : 0.000000,
        "iops_stddev" : 0.000000,
        "iops_samples" : 0
      },
      "sync" : {
        "total_ios" : 0,
        "lat_ns" : {
          "min" : 0,
          "max" : 0,
          "mean" : 0.000000,
          "stddev" : 0.000000,
          "N" : 0
        }
      },
      "job_runtime" : 240000,
      "usr_cpu" : 2.818750,
      "sys_cpu" : 16.106667,
      "ctx" : 820811,
      "majf" : 0,
      "minf" : 48,
      "iodepth_level" : {
        "1" : 100.000000,
        "2" : 0.000000,
        "4" : 0.000000,
        "8" : 0.000000,
        "16" : 0.000000,
        "32" : 0.000000,
        ">=64" : 0.000000
      },
      "iodepth_submit" : {
        "0" : 0.000000,
        "4" : 100.000000,
        "8" : 0.000000,
        "16" : 0.000000,
        "32" : 0.000000,
        "64" : 0.000000,
        ">=64" : 0.000000
      },
      "iodepth_complete" : {
        "0" : 0.000000,
        "4" : 100.000000,
        "8" : 0.000000,
        "16" : 0.000000,
        "32" : 0.000000,
        "64" : 0.000000,
        ">=64" : 0.000000
      },
      "latency_ns" : {
        "2" : 0.000000,
        "4" : 0.000000,
        "10" : 0.000000,
        "20" : 0.000000,
        "50" : 0.000000,
        "100" : 0.000000,
        "250" : 0.000000,
        "500" : 0.000000,
        "750" : 0.000000,
        "1000" : 0.000000
      },
      "latency_us" : {
        "2" : 0.000000,
        "4" : 0.000000,
        "10" : 0.000000,
        "20" : 0.000000,
        "50" : 0.000000,
        "100" : 0.010000,
        "250" : 84.326869,
        "500" : 14.452047,
        "750" : 0.611151,
        "1000" : 0.171361
      },
      "latency_ms" : {
        "2" : 0.116920,
        "4" : 0.032884,
        "10" : 0.058095,
        "20" : 0.124958,
        "50" : 0.079530,
        "100" : 0.014128,
        "250" : 0.010000,
        "500" : 0.010000,
        "750" : 0.000000,
        "1000" : 0.000000,
        "2000" : 0.000000,
        ">=2000" : 0.000000
      },
      "latency_depth" : 16,
      "latency_target" : 0,
      "latency_percentile" : 100.000000,
      "latency_window" : 0
    }
  ],
  "disk_util" : [
    {
      "name" : "sde",
      "read_ios" : 0,
      "write_ios" : 819118,
      "read_sectors" : 0,
      "write_sectors" : 6553792,
      "read_merges" : 0,
      "write_merges" : 56,
      "read_ticks" : 0,
      "write_ticks" : 197445,
      "in_queue" : 197521,
      "util" : 97.890521
    }
  ]
}
