{
  "fio version" : "fio-3.36",
  "timestamp" : 1773834430,
  "timestamp_ms" : 1773834430248,
  "time" : "Wed Mar 18 19:47:10 2026",
  "jobs" : [
    {
      "jobname" : "queue_4x64_rand_read",
      "groupid" : 0,
      "job_start" : 1773834366739,
      "error" : 0,
      "eta" : 0,
      "elapsed" : 61,
      "job options" : {
        "name" : "queue_4x64_rand_read",
        "filename" : "fio_test_file",
        "rw" : "randread",
        "bs" : "4k",
        "ioengine" : "pvsync",
        "numjobs" : "4",
        "iodepth" : "64",
        "size" : "1G",
        "time_based" : "1",
        "runtime" : "60",
        "direct" : "1",
        "group_reporting" : "1"
      },
      "read" : {
        "io_bytes" : 3403161600,
        "io_kbytes" : 3323400,
        "bw_bytes" : 56718414,
        "bw" : 55389,
        "iops" : 13847.269212,
        "runtime" : 60001,
        "total_ios" : 830850,
        "short_ios" : 0,
        "drop_ios" : 0,
        "slat_ns" : {
          "min" : 0,
          "max" : 0,
          "mean" : 0.000000,
          "stddev" : 0.000000,
          "N" : 0
        },
        "clat_ns" : {
          "min" : 113541,
          "max" : 5198265,
          "mean" : 286206.138077,
          "stddev" : 80591.186543,
          "N" : 830850,
          "percentile" : {
            "1.000000" : 160768,
            "5.000000" : 185344,
            "10.000000" : 201728,
            "20.000000" : 224256,
            "30.000000" : 242688,
            "40.000000" : 261120,
            "50.000000" : 276480,
            "60.000000" : 292864,
            "70.000000" : 313344,
            "80.000000" : 333824,
            "90.000000" : 370688,
            "95.000000" : 423936,
            "99.000000" : 552960,
            "99.500000" : 602112,
            "99.900000" : 716800,
            "99.950000" : 765952,
            "99.990000" : 1449984
          }
        },
        "lat_ns" : {
          "min" : 113644,
          "max" : 5198515,
          "mean" : 286395.269093,
          "stddev" : 80627.713165,
          "N" : 830850
        },
        "bw_min" : 34978,
        "bw_max" : 68954,
        "bw_agg" : 100.000000,
        "bw_mean" : 55453.781513,
        "bw_dev" : 1947.092238,
        "bw_samples" : 476,
        "iops_min" : 8743,
        "iops_max" : 17238,
        "iops_mean" : 13863.100840,
        "iops_stddev" : 486.760689,
        "iops_samples" : 476
      },
      "write" : {
        "io_bytes" : 0,
        "io_kbytes" : 0,
        "bw_bytes" : 0,
        "bw" : 0,
        "iops" : 0.000000,
        "runtime" : 0,
        "total_ios" : 0,
        "short_ios" : 0,
        "drop_ios" : 0,
        "slat_ns" : {
          "min" : 0,
          "max" : 0,
          "mean" : 0.000000,
          "stddev" : 0.000000,
          "N" : 0
        },
        "clat_ns" : {
          "min" : 0,
          "max" : 0,
          "mean" : 0.000000,
          "stddev" : 0.000000,
          "N" : 0
        },
        "lat_ns" : {
          "min" : 0,
          "max" : 0,
          "mean" : 0.000000,
          "stddev" : 0.000000,
          "N" : 0
        },
        "bw_min" : 0,
        "bw_max" : 0,
        "bw_agg" : 0.000000,
        "bw_mean" : 0.000000,
        "bw_dev" : 0.000000,
        "bw_samples" : 0,
        "iops_min" : 0,
        "iops_max" : 0,
        "iops_mean" : 0.000000,
        "iops_stddev" : 0.000000,
        "iops_samples" : 0
      },
      "trim" : {
        "io_bytes" : 0,
        "io_kbytes" : 0,
        "bw_bytes" : 0,
        "bw" : 0,
        "iops" : 0.000000,
        "runtime" : 0,
        "total_ios" : 0,
        "short_ios" : 0,
        "drop_ios" : 0,
        "slat_ns" : {
          "min" : 0,
          "max" : 0,
          "mean" : 0.000000,
          "stddev" : 0.000000,
          "N" : 0
        },
        "clat_ns" : {
          "min" : 0,
          "max" : 0,
          "mean" : 0.000000,
          "stddev" : 0.000000,
          "N" : 0
        },
        "lat_ns" : {
          "min" : 0,
          "max" : 0,
          "mean" : 0.000000,
          "stddev" : 0.000000,
          "N" : 0
        },
        "bw_min" : 0,
        "bw_max" : 0,
        "bw_agg" : 0.000000,
        "bw_mean" : 0.000000,
        "bw_dev" : 0.000000,
        "bw_samples" : 0,
        "iops_min" : 0,
        "iops_max" : 0,
        "iops_mean" : 0.000000,
        "iops_stddev" : 0.000000,
        "iops_samples" : 0
      },
      "sync" : {
        "total_ios" : 0,
        "lat_ns" : {
          "min" : 0,
          "max" : 0,
          "mean" : 0.000000,
          "stddev" : 0.000000,
          "N" : 0
        }
      },
      "job_runtime" : 240000,
      "usr_cpu" : 2.951667,
      "sys_cpu" : 11.655833,
      "ctx" : 830855,
      "majf" : 0,
      "minf" : 45,
      "iodepth_level" : {
        "1" : 100.000000,
        "2" : 0.000000,
        "4" : 0.000000,
        "8" : 0.000000,
        "16" : 0.000000,
        "32" : 0.000000,
        ">=64" : 0.000000
      },
      "iodepth_submit" : {
        "0" : 0.000000,
        "4" : 100.000000,
        "8" : 0.000000,
        "16" : 0.000000,
        "32" : 0.000000,
        "64" : 0.000000,
        ">=64" : 0.000000
      },
      "iodepth_complete" : {
        "0" : 0.000000,
        "4" : 100.000000,
        "8" : 0.000000,
        "16" : 0.000000,
        "32" : 0.000000,
        "64" : 0.000000,
        ">=64" : 0.000000
      },
      "latency_ns" : {
        "2" : 0.000000,
        "4" : 0.000000,
        "10" : 0.000000,
        "20" : 0.000000,
        "50" : 0.000000,
        "100" : 0.000000,
        "250" : 0.000000,
        "500" : 0.000000,
        "750" : 0.000000,
        "1000" : 0.000000
      },
      "latency_us" : {
        "2" : 0.000000,
        "4" : 0.000000,
        "10" : 0.000000,
        "20" : 0.000000,
        "50" : 0.000000,
        "100" : 0.000000,
        "250" : 33.500150,
        "500" : 64.528736,
        "750" : 1.907565,
        "1000" : 0.048143
      },
      "latency_ms" : {
        "2" : 0.010000,
        "4" : 0.010000,
        "10" : 0.010000,
        "20" : 0.000000,
        "50" : 0.000000,
        "100" : 0.000000,
        "250" : 0.000000,
        "500" : 0.000000,
        "750" : 0.000000,
        "1000" : 0.000000,
        "2000" : 0.000000,
        ">=2000" : 0.000000
      },
      "latency_depth" : 64,
      "latency_target" : 0,
      "latency_percentile" : 100.000000,
      "latency_window" : 0
    }
  ],
  "disk_util" : [
    {
      "name" : "sde",
      "read_ios" : 829045,
      "write_ios" : 52,
      "read_sectors" : 6632360,
      "write_sectors" : 800,
      "read_merges" : 0,
      "write_merges" : 31,
      "read_ticks" : 214331,
      "write_ticks" : 40,
      "in_queue" : 214385,
      "util" : 100.000000
    }
  ]
}
