{
  "fio version" : "fio-3.36",
  "timestamp" : 1773835580,
  "timestamp_ms" : 1773835580511,
  "time" : "Wed Mar 18 20:06:20 2026",
  "jobs" : [
    {
      "jobname" : "queue_4x1_rand_write",
      "groupid" : 0,
      "job_start" : 1773835520486,
      "error" : 0,
      "eta" : 0,
      "elapsed" : 61,
      "job options" : {
        "name" : "queue_4x1_rand_write",
        "filename" : "fio_test_file",
        "rw" : "randwrite",
        "bs" : "4k",
        "ioengine" : "pvsync",
        "numjobs" : "4",
        "iodepth" : "1",
        "size" : "1G",
        "time_based" : "1",
        "runtime" : "60",
        "direct" : "1",
        "group_reporting" : "1"
      },
      "read" : {
        "io_bytes" : 0,
        "io_kbytes" : 0,
        "bw_bytes" : 0,
        "bw" : 0,
        "iops" : 0.000000,
        "runtime" : 0,
        "total_ios" : 0,
        "short_ios" : 0,
        "drop_ios" : 0,
        "slat_ns" : {
          "min" : 0,
          "max" : 0,
          "mean" : 0.000000,
          "stddev" : 0.000000,
          "N" : 0
        },
        "clat_ns" : {
          "min" : 0,
          "max" : 0,
          "mean" : 0.000000,
          "stddev" : 0.000000,
          "N" : 0
        },
        "lat_ns" : {
          "min" : 0,
          "max" : 0,
          "mean" : 0.000000,
          "stddev" : 0.000000,
          "N" : 0
        },
        "bw_min" : 0,
        "bw_max" : 0,
        "bw_agg" : 0.000000,
        "bw_mean" : 0.000000,
        "bw_dev" : 0.000000,
        "bw_samples" : 0,
        "iops_min" : 0,
        "iops_max" : 0,
        "iops_mean" : 0.000000,
        "iops_stddev" : 0.000000,
        "iops_samples" : 0
      },
      "write" : {
        "io_bytes" : 3782955008,
        "io_kbytes" : 3694292,
        "bw_bytes" : 63038743,
        "bw" : 61561,
        "iops" : 15390.318280,
        "runtime" : 60010,
        "total_ios" : 923573,
        "short_ios" : 0,
        "drop_ios" : 0,
        "slat_ns" : {
          "min" : 0,
          "max" : 0,
          "mean" : 0.000000,
          "stddev" : 0.000000,
          "N" : 0
        },
        "clat_ns" : {
          "min" : 67513,
          "max" : 166165766,
          "mean" : 256945.292987,
          "stddev" : 938293.009146,
          "N" : 923573,
          "percentile" : {
            "1.000000" : 146432,
            "5.000000" : 164864,
            "10.000000" : 173056,
            "20.000000" : 183296,
            "30.000000" : 191488,
            "40.000000" : 199680,
            "50.000000" : 205824,
            "60.000000" : 214016,
            "70.000000" : 222208,
            "80.000000" : 234496,
            "90.000000" : 261120,
            "95.000000" : 317440,
            "99.000000" : 440320,
            "99.500000" : 626688,
            "99.900000" : 14614528,
            "99.950000" : 22151168,
            "99.990000" : 30277632
          }
        },
        "lat_ns" : {
          "min" : 67798,
          "max" : 166165996,
          "mean" : 257304.124420,
          "stddev" : 938294.749353,
          "N" : 923573
        },
        "bw_min" : 38032,
        "bw_max" : 79976,
        "bw_agg" : 100.000000,
        "bw_mean" : 61678.453782,
        "bw_dev" : 2848.430406,
        "bw_samples" : 476,
        "iops_min" : 9508,
        "iops_max" : 19994,
        "iops_mean" : 15419.613445,
        "iops_stddev" : 712.107602,
        "iops_samples" : 476
      },
      "trim" : {
        "io_bytes" : 0,
        "io_kbytes" : 0,
        "bw_bytes" : 0,
        "bw" : 0,
        "iops" : 0.000000,
        "runtime" : 0,
        "total_ios" : 0,
        "short_ios" : 0,
        "drop_ios" : 0,
        "slat_ns" : {
          "min" : 0,
          "max" : 0,
          "mean" : 0.000000,
          "stddev" : 0.000000,
          "N" : 0
        },
        "clat_ns" : {
          "min" : 0,
          "max" : 0,
          "mean" : 0.000000,
          "stddev" : 0.000000,
          "N" : 0
        },
        "lat_ns" : {
          "min" : 0,
          "max" : 0,
          "mean" : 0.000000,
          "stddev" : 0.000000,
          "N" : 0
        },
        "bw_min" : 0,
        "bw_max" : 0,
        "bw_agg" : 0.000000,
        "bw_mean" : 0.000000,
        "bw_dev" : 0.000000,
        "bw_samples" : 0,
        "iops_min" : 0,
        "iops_max" : 0,
        "iops_mean" : 0.000000,
        "iops_stddev" : 0.000000,
        "iops_samples" : 0
      },
      "sync" : {
        "total_ios" : 0,
        "lat_ns" : {
          "min" : 0,
          "max" : 0,
          "mean" : 0.000000,
          "stddev" : 0.000000,
          "N" : 0
        }
      },
      "job_runtime" : 240033,
      "usr_cpu" : 3.124987,
      "sys_cpu" : 17.681735,
      "ctx" : 923419,
      "majf" : 0,
      "minf" : 48,
      "iodepth_level" : {
        "1" : 100.000000,
        "2" : 0.000000,
        "4" : 0.000000,
        "8" : 0.000000,
        "16" : 0.000000,
        "32" : 0.000000,
        ">=64" : 0.000000
      },
      "iodepth_submit" : {
        "0" : 0.000000,
        "4" : 100.000000,
        "8" : 0.000000,
        "16" : 0.000000,
        "32" : 0.000000,
        "64" : 0.000000,
        ">=64" : 0.000000
      },
      "iodepth_complete" : {
        "0" : 0.000000,
        "4" : 100.000000,
        "8" : 0.000000,
        "16" : 0.000000,
        "32" : 0.000000,
        "64" : 0.000000,
        ">=64" : 0.000000
      },
      "latency_ns" : {
        "2" : 0.000000,
        "4" : 0.000000,
        "10" : 0.000000,
        "20" : 0.000000,
        "50" : 0.000000,
        "100" : 0.000000,
        "250" : 0.000000,
        "500" : 0.000000,
        "750" : 0.000000,
        "1000" : 0.000000
      },
      "latency_us" : {
        "2" : 0.000000,
        "4" : 0.000000,
        "10" : 0.000000,
        "20" : 0.000000,
        "50" : 0.000000,
        "100" : 0.010000,
        "250" : 87.081801,
        "500" : 12.245702,
        "750" : 0.259644,
        "1000" : 0.079149
      },
      "latency_ms" : {
        "2" : 0.049049,
        "4" : 0.022196,
        "10" : 0.064965,
        "20" : 0.127765,
        "50" : 0.065182,
        "100" : 0.010000,
        "250" : 0.010000,
        "500" : 0.000000,
        "750" : 0.000000,
        "1000" : 0.000000,
        "2000" : 0.000000,
        ">=2000" : 0.000000
      },
      "latency_depth" : 1,
      "latency_target" : 0,
      "latency_percentile" : 100.000000,
      "latency_window" : 0
    }
  ],
  "disk_util" : [
    {
      "name" : "sde",
      "read_ios" : 1,
      "write_ios" : 921900,
      "read_sectors" : 8,
      "write_sectors" : 7375648,
      "read_merges" : 0,
      "write_merges" : 46,
      "read_ticks" : 1,
      "write_ticks" : 193588,
      "in_queue" : 193629,
      "util" : 97.737134
    }
  ]
}
