{
  "fio version" : "fio-3.36",
  "timestamp" : 1773834557,
  "timestamp_ms" : 1773834557094,
  "time" : "Wed Mar 18 19:49:17 2026",
  "jobs" : [
    {
      "jobname" : "queue_8x16_rand_read",
      "groupid" : 0,
      "job_start" : 1773834493409,
      "error" : 0,
      "eta" : 0,
      "elapsed" : 61,
      "job options" : {
        "name" : "queue_8x16_rand_read",
        "filename" : "fio_test_file",
        "rw" : "randread",
        "bs" : "4k",
        "ioengine" : "pvsync",
        "numjobs" : "8",
        "iodepth" : "16",
        "size" : "1G",
        "time_based" : "1",
        "runtime" : "60",
        "direct" : "1",
        "group_reporting" : "1"
      },
      "read" : {
        "io_bytes" : 5897740288,
        "io_kbytes" : 5759512,
        "bw_bytes" : 98294033,
        "bw" : 95990,
        "iops" : 23997.566707,
        "runtime" : 60001,
        "total_ios" : 1439878,
        "short_ios" : 0,
        "drop_ios" : 0,
        "slat_ns" : {
          "min" : 0,
          "max" : 0,
          "mean" : 0.000000,
          "stddev" : 0.000000,
          "N" : 0
        },
        "clat_ns" : {
          "min" : 106668,
          "max" : 20008611,
          "mean" : 329577.525929,
          "stddev" : 110866.230564,
          "N" : 1439878,
          "percentile" : {
            "1.000000" : 173056,
            "5.000000" : 201728,
            "10.000000" : 220160,
            "20.000000" : 246784,
            "30.000000" : 268288,
            "40.000000" : 288768,
            "50.000000" : 313344,
            "60.000000" : 337920,
            "70.000000" : 366592,
            "80.000000" : 403456,
            "90.000000" : 452608,
            "95.000000" : 501760,
            "99.000000" : 626688,
            "99.500000" : 692224,
            "99.900000" : 1003520,
            "99.950000" : 1253376,
            "99.990000" : 2965504
          }
        },
        "lat_ns" : {
          "min" : 106894,
          "max" : 20008683,
          "mean" : 329872.667650,
          "stddev" : 110907.726445,
          "N" : 1439878
        },
        "bw_min" : 72653,
        "bw_max" : 118856,
        "bw_agg" : 100.000000,
        "bw_mean" : 96133.058824,
        "bw_dev" : 974.510728,
        "bw_samples" : 952,
        "iops_min" : 18159,
        "iops_max" : 29714,
        "iops_mean" : 24031.680672,
        "iops_stddev" : 243.714486,
        "iops_samples" : 952
      },
      "write" : {
        "io_bytes" : 0,
        "io_kbytes" : 0,
        "bw_bytes" : 0,
        "bw" : 0,
        "iops" : 0.000000,
        "runtime" : 0,
        "total_ios" : 0,
        "short_ios" : 0,
        "drop_ios" : 0,
        "slat_ns" : {
          "min" : 0,
          "max" : 0,
          "mean" : 0.000000,
          "stddev" : 0.000000,
          "N" : 0
        },
        "clat_ns" : {
          "min" : 0,
          "max" : 0,
          "mean" : 0.000000,
          "stddev" : 0.000000,
          "N" : 0
        },
        "lat_ns" : {
          "min" : 0,
          "max" : 0,
          "mean" : 0.000000,
          "stddev" : 0.000000,
          "N" : 0
        },
        "bw_min" : 0,
        "bw_max" : 0,
        "bw_agg" : 0.000000,
        "bw_mean" : 0.000000,
        "bw_dev" : 0.000000,
        "bw_samples" : 0,
        "iops_min" : 0,
        "iops_max" : 0,
        "iops_mean" : 0.000000,
        "iops_stddev" : 0.000000,
        "iops_samples" : 0
      },
      "trim" : {
        "io_bytes" : 0,
        "io_kbytes" : 0,
        "bw_bytes" : 0,
        "bw" : 0,
        "iops" : 0.000000,
        "runtime" : 0,
        "total_ios" : 0,
        "short_ios" : 0,
        "drop_ios" : 0,
        "slat_ns" : {
          "min" : 0,
          "max" : 0,
          "mean" : 0.000000,
          "stddev" : 0.000000,
          "N" : 0
        },
        "clat_ns" : {
          "min" : 0,
          "max" : 0,
          "mean" : 0.000000,
          "stddev" : 0.000000,
          "N" : 0
        },
        "lat_ns" : {
          "min" : 0,
          "max" : 0,
          "mean" : 0.000000,
          "stddev" : 0.000000,
          "N" : 0
        },
        "bw_min" : 0,
        "bw_max" : 0,
        "bw_agg" : 0.000000,
        "bw_mean" : 0.000000,
        "bw_dev" : 0.000000,
        "bw_samples" : 0,
        "iops_min" : 0,
        "iops_max" : 0,
        "iops_mean" : 0.000000,
        "iops_stddev" : 0.000000,
        "iops_samples" : 0
      },
      "sync" : {
        "total_ios" : 0,
        "lat_ns" : {
          "min" : 0,
          "max" : 0,
          "mean" : 0.000000,
          "stddev" : 0.000000,
          "N" : 0
        }
      },
      "job_runtime" : 480000,
      "usr_cpu" : 3.581042,
      "sys_cpu" : 13.070417,
      "ctx" : 1439613,
      "majf" : 0,
      "minf" : 98,
      "iodepth_level" : {
        "1" : 100.000000,
        "2" : 0.000000,
        "4" : 0.000000,
        "8" : 0.000000,
        "16" : 0.000000,
        "32" : 0.000000,
        ">=64" : 0.000000
      },
      "iodepth_submit" : {
        "0" : 0.000000,
        "4" : 100.000000,
        "8" : 0.000000,
        "16" : 0.000000,
        "32" : 0.000000,
        "64" : 0.000000,
        ">=64" : 0.000000
      },
      "iodepth_complete" : {
        "0" : 0.000000,
        "4" : 100.000000,
        "8" : 0.000000,
        "16" : 0.000000,
        "32" : 0.000000,
        "64" : 0.000000,
        ">=64" : 0.000000
      },
      "latency_ns" : {
        "2" : 0.000000,
        "4" : 0.000000,
        "10" : 0.000000,
        "20" : 0.000000,
        "50" : 0.000000,
        "100" : 0.000000,
        "250" : 0.000000,
        "500" : 0.000000,
        "750" : 0.000000,
        "1000" : 0.000000
      },
      "latency_us" : {
        "2" : 0.000000,
        "4" : 0.000000,
        "10" : 0.000000,
        "20" : 0.000000,
        "50" : 0.000000,
        "100" : 0.000000,
        "250" : 21.612456,
        "500" : 73.156615,
        "750" : 4.901943,
        "1000" : 0.226478
      },
      "latency_ms" : {
        "2" : 0.083618,
        "4" : 0.012084,
        "10" : 0.010000,
        "20" : 0.000000,
        "50" : 0.010000,
        "100" : 0.000000,
        "250" : 0.000000,
        "500" : 0.000000,
        "750" : 0.000000,
        "1000" : 0.000000,
        "2000" : 0.000000,
        ">=2000" : 0.000000
      },
      "latency_depth" : 16,
      "latency_target" : 0,
      "latency_percentile" : 100.000000,
      "latency_window" : 0
    }
  ],
  "disk_util" : [
    {
      "name" : "sde",
      "read_ios" : 1438152,
      "write_ios" : 52,
      "read_sectors" : 11505216,
      "write_sectors" : 808,
      "read_merges" : 0,
      "write_merges" : 33,
      "read_ticks" : 426117,
      "write_ticks" : 64,
      "in_queue" : 426195,
      "util" : 100.000000
    }
  ]
}
