{
  "fio version" : "fio-3.36",
  "timestamp" : 1773834170,
  "timestamp_ms" : 1773834170806,
  "time" : "Wed Mar 18 19:42:50 2026",
  "jobs" : [
    {
      "jobname" : "queue_1x16_rand_read",
      "groupid" : 0,
      "job_start" : 1773834104146,
      "error" : 0,
      "eta" : 0,
      "elapsed" : 61,
      "job options" : {
        "name" : "queue_1x16_rand_read",
        "filename" : "fio_test_file",
        "rw" : "randread",
        "bs" : "4k",
        "ioengine" : "pvsync",
        "numjobs" : "1",
        "iodepth" : "16",
        "size" : "1G",
        "time_based" : "1",
        "runtime" : "60",
        "direct" : "1",
        "group_reporting" : "1"
      },
      "read" : {
        "io_bytes" : 573464576,
        "io_kbytes" : 560024,
        "bw_bytes" : 9557583,
        "bw" : 9333,
        "iops" : 2333.394443,
        "runtime" : 60001,
        "total_ios" : 140006,
        "short_ios" : 0,
        "drop_ios" : 0,
        "slat_ns" : {
          "min" : 0,
          "max" : 0,
          "mean" : 0.000000,
          "stddev" : 0.000000,
          "N" : 0
        },
        "clat_ns" : {
          "min" : 115672,
          "max" : 4241512,
          "mean" : 425342.968623,
          "stddev" : 146673.191670,
          "N" : 140006,
          "percentile" : {
            "1.000000" : 140288,
            "5.000000" : 173056,
            "10.000000" : 189440,
            "20.000000" : 305152,
            "30.000000" : 378880,
            "40.000000" : 411648,
            "50.000000" : 440320,
            "60.000000" : 473088,
            "70.000000" : 497664,
            "80.000000" : 518144,
            "90.000000" : 561152,
            "95.000000" : 643072,
            "99.000000" : 880640,
            "99.500000" : 954368,
            "99.900000" : 1036288,
            "99.950000" : 1073152,
            "99.990000" : 1138688
          }
        },
        "lat_ns" : {
          "min" : 115701,
          "max" : 4241786,
          "mean" : 425587.999986,
          "stddev" : 146755.725851,
          "N" : 140006
        },
        "bw_min" : 7382,
        "bw_max" : 20641,
        "bw_agg" : 99.222408,
        "bw_mean" : 9261.512605,
        "bw_dev" : 2713.283841,
        "bw_samples" : 119,
        "iops_min" : 1845,
        "iops_max" : 5160,
        "iops_mean" : 2315.294118,
        "iops_stddev" : 678.343450,
        "iops_samples" : 119
      },
      "write" : {
        "io_bytes" : 0,
        "io_kbytes" : 0,
        "bw_bytes" : 0,
        "bw" : 0,
        "iops" : 0.000000,
        "runtime" : 0,
        "total_ios" : 0,
        "short_ios" : 0,
        "drop_ios" : 0,
        "slat_ns" : {
          "min" : 0,
          "max" : 0,
          "mean" : 0.000000,
          "stddev" : 0.000000,
          "N" : 0
        },
        "clat_ns" : {
          "min" : 0,
          "max" : 0,
          "mean" : 0.000000,
          "stddev" : 0.000000,
          "N" : 0
        },
        "lat_ns" : {
          "min" : 0,
          "max" : 0,
          "mean" : 0.000000,
          "stddev" : 0.000000,
          "N" : 0
        },
        "bw_min" : 0,
        "bw_max" : 0,
        "bw_agg" : 0.000000,
        "bw_mean" : 0.000000,
        "bw_dev" : 0.000000,
        "bw_samples" : 0,
        "iops_min" : 0,
        "iops_max" : 0,
        "iops_mean" : 0.000000,
        "iops_stddev" : 0.000000,
        "iops_samples" : 0
      },
      "trim" : {
        "io_bytes" : 0,
        "io_kbytes" : 0,
        "bw_bytes" : 0,
        "bw" : 0,
        "iops" : 0.000000,
        "runtime" : 0,
        "total_ios" : 0,
        "short_ios" : 0,
        "drop_ios" : 0,
        "slat_ns" : {
          "min" : 0,
          "max" : 0,
          "mean" : 0.000000,
          "stddev" : 0.000000,
          "N" : 0
        },
        "clat_ns" : {
          "min" : 0,
          "max" : 0,
          "mean" : 0.000000,
          "stddev" : 0.000000,
          "N" : 0
        },
        "lat_ns" : {
          "min" : 0,
          "max" : 0,
          "mean" : 0.000000,
          "stddev" : 0.000000,
          "N" : 0
        },
        "bw_min" : 0,
        "bw_max" : 0,
        "bw_agg" : 0.000000,
        "bw_mean" : 0.000000,
        "bw_dev" : 0.000000,
        "bw_samples" : 0,
        "iops_min" : 0,
        "iops_max" : 0,
        "iops_mean" : 0.000000,
        "iops_stddev" : 0.000000,
        "iops_samples" : 0
      },
      "sync" : {
        "total_ios" : 0,
        "lat_ns" : {
          "min" : 0,
          "max" : 0,
          "mean" : 0.000000,
          "stddev" : 0.000000,
          "N" : 0
        }
      },
      "job_runtime" : 60000,
      "usr_cpu" : 2.233333,
      "sys_cpu" : 7.918333,
      "ctx" : 140007,
      "majf" : 0,
      "minf" : 12,
      "iodepth_level" : {
        "1" : 100.000000,
        "2" : 0.000000,
        "4" : 0.000000,
        "8" : 0.000000,
        "16" : 0.000000,
        "32" : 0.000000,
        ">=64" : 0.000000
      },
      "iodepth_submit" : {
        "0" : 0.000000,
        "4" : 100.000000,
        "8" : 0.000000,
        "16" : 0.000000,
        "32" : 0.000000,
        "64" : 0.000000,
        ">=64" : 0.000000
      },
      "iodepth_complete" : {
        "0" : 0.000000,
        "4" : 100.000000,
        "8" : 0.000000,
        "16" : 0.000000,
        "32" : 0.000000,
        "64" : 0.000000,
        ">=64" : 0.000000
      },
      "latency_ns" : {
        "2" : 0.000000,
        "4" : 0.000000,
        "10" : 0.000000,
        "20" : 0.000000,
        "50" : 0.000000,
        "100" : 0.000000,
        "250" : 0.000000,
        "500" : 0.000000,
        "750" : 0.000000,
        "1000" : 0.000000
      },
      "latency_us" : {
        "2" : 0.000000,
        "4" : 0.000000,
        "10" : 0.000000,
        "20" : 0.000000,
        "50" : 0.000000,
        "100" : 0.000000,
        "250" : 14.800080,
        "500" : 57.011842,
        "750" : 25.700327,
        "1000" : 2.262046
      },
      "latency_ms" : {
        "2" : 0.224990,
        "4" : 0.000000,
        "10" : 0.010000,
        "20" : 0.000000,
        "50" : 0.000000,
        "100" : 0.000000,
        "250" : 0.000000,
        "500" : 0.000000,
        "750" : 0.000000,
        "1000" : 0.000000,
        "2000" : 0.000000,
        ">=2000" : 0.000000
      },
      "latency_depth" : 16,
      "latency_target" : 0,
      "latency_percentile" : 100.000000,
      "latency_window" : 0
    }
  ],
  "disk_util" : [
    {
      "name" : "sde",
      "read_ios" : 139111,
      "write_ios" : 42,
      "read_sectors" : 1112888,
      "write_sectors" : 576,
      "read_merges" : 0,
      "write_merges" : 29,
      "read_ticks" : 51970,
      "write_ticks" : 38,
      "in_queue" : 52027,
      "util" : 79.389926
    }
  ]
}
