{
  "fio version" : "fio-3.36",
  "timestamp" : 1773834366,
  "timestamp_ms" : 1773834366449,
  "time" : "Wed Mar 18 19:46:06 2026",
  "jobs" : [
    {
      "jobname" : "queue_4x16_rand_read",
      "groupid" : 0,
      "job_start" : 1773834303718,
      "error" : 0,
      "eta" : 0,
      "elapsed" : 61,
      "job options" : {
        "name" : "queue_4x16_rand_read",
        "filename" : "fio_test_file",
        "rw" : "randread",
        "bs" : "4k",
        "ioengine" : "pvsync",
        "numjobs" : "4",
        "iodepth" : "16",
        "size" : "1G",
        "time_based" : "1",
        "runtime" : "60",
        "direct" : "1",
        "group_reporting" : "1"
      },
      "read" : {
        "io_bytes" : 3883122688,
        "io_kbytes" : 3792112,
        "bw_bytes" : 64717632,
        "bw" : 63200,
        "iops" : 15800.203330,
        "runtime" : 60001,
        "total_ios" : 948028,
        "short_ios" : 0,
        "drop_ios" : 0,
        "slat_ns" : {
          "min" : 0,
          "max" : 0,
          "mean" : 0.000000,
          "stddev" : 0.000000,
          "N" : 0
        },
        "clat_ns" : {
          "min" : 102735,
          "max" : 8813089,
          "mean" : 250726.630691,
          "stddev" : 76072.118438,
          "N" : 948028,
          "percentile" : {
            "1.000000" : 148480,
            "5.000000" : 166912,
            "10.000000" : 181248,
            "20.000000" : 195584,
            "30.000000" : 207872,
            "40.000000" : 220160,
            "50.000000" : 232448,
            "60.000000" : 248832,
            "70.000000" : 268288,
            "80.000000" : 292864,
            "90.000000" : 342016,
            "95.000000" : 395264,
            "99.000000" : 509952,
            "99.500000" : 561152,
            "99.900000" : 684032,
            "99.950000" : 765952,
            "99.990000" : 1105920
          }
        },
        "lat_ns" : {
          "min" : 102801,
          "max" : 8813191,
          "mean" : 250944.220121,
          "stddev" : 76111.941765,
          "N" : 948028
        },
        "bw_min" : 36712,
        "bw_max" : 70683,
        "bw_agg" : 100.000000,
        "bw_mean" : 63259.957983,
        "bw_dev" : 1401.774564,
        "bw_samples" : 476,
        "iops_min" : 9178,
        "iops_max" : 17670,
        "iops_mean" : 15814.949580,
        "iops_stddev" : 350.436180,
        "iops_samples" : 476
      },
      "write" : {
        "io_bytes" : 0,
        "io_kbytes" : 0,
        "bw_bytes" : 0,
        "bw" : 0,
        "iops" : 0.000000,
        "runtime" : 0,
        "total_ios" : 0,
        "short_ios" : 0,
        "drop_ios" : 0,
        "slat_ns" : {
          "min" : 0,
          "max" : 0,
          "mean" : 0.000000,
          "stddev" : 0.000000,
          "N" : 0
        },
        "clat_ns" : {
          "min" : 0,
          "max" : 0,
          "mean" : 0.000000,
          "stddev" : 0.000000,
          "N" : 0
        },
        "lat_ns" : {
          "min" : 0,
          "max" : 0,
          "mean" : 0.000000,
          "stddev" : 0.000000,
          "N" : 0
        },
        "bw_min" : 0,
        "bw_max" : 0,
        "bw_agg" : 0.000000,
        "bw_mean" : 0.000000,
        "bw_dev" : 0.000000,
        "bw_samples" : 0,
        "iops_min" : 0,
        "iops_max" : 0,
        "iops_mean" : 0.000000,
        "iops_stddev" : 0.000000,
        "iops_samples" : 0
      },
      "trim" : {
        "io_bytes" : 0,
        "io_kbytes" : 0,
        "bw_bytes" : 0,
        "bw" : 0,
        "iops" : 0.000000,
        "runtime" : 0,
        "total_ios" : 0,
        "short_ios" : 0,
        "drop_ios" : 0,
        "slat_ns" : {
          "min" : 0,
          "max" : 0,
          "mean" : 0.000000,
          "stddev" : 0.000000,
          "N" : 0
        },
        "clat_ns" : {
          "min" : 0,
          "max" : 0,
          "mean" : 0.000000,
          "stddev" : 0.000000,
          "N" : 0
        },
        "lat_ns" : {
          "min" : 0,
          "max" : 0,
          "mean" : 0.000000,
          "stddev" : 0.000000,
          "N" : 0
        },
        "bw_min" : 0,
        "bw_max" : 0,
        "bw_agg" : 0.000000,
        "bw_mean" : 0.000000,
        "bw_dev" : 0.000000,
        "bw_samples" : 0,
        "iops_min" : 0,
        "iops_max" : 0,
        "iops_mean" : 0.000000,
        "iops_stddev" : 0.000000,
        "iops_samples" : 0
      },
      "sync" : {
        "total_ios" : 0,
        "lat_ns" : {
          "min" : 0,
          "max" : 0,
          "mean" : 0.000000,
          "stddev" : 0.000000,
          "N" : 0
        }
      },
      "job_runtime" : 240000,
      "usr_cpu" : 3.158333,
      "sys_cpu" : 11.565417,
      "ctx" : 947997,
      "majf" : 0,
      "minf" : 40,
      "iodepth_level" : {
        "1" : 100.000000,
        "2" : 0.000000,
        "4" : 0.000000,
        "8" : 0.000000,
        "16" : 0.000000,
        "32" : 0.000000,
        ">=64" : 0.000000
      },
      "iodepth_submit" : {
        "0" : 0.000000,
        "4" : 100.000000,
        "8" : 0.000000,
        "16" : 0.000000,
        "32" : 0.000000,
        "64" : 0.000000,
        ">=64" : 0.000000
      },
      "iodepth_complete" : {
        "0" : 0.000000,
        "4" : 100.000000,
        "8" : 0.000000,
        "16" : 0.000000,
        "32" : 0.000000,
        "64" : 0.000000,
        ">=64" : 0.000000
      },
      "latency_ns" : {
        "2" : 0.000000,
        "4" : 0.000000,
        "10" : 0.000000,
        "20" : 0.000000,
        "50" : 0.000000,
        "100" : 0.000000,
        "250" : 0.000000,
        "500" : 0.000000,
        "750" : 0.000000,
        "1000" : 0.000000
      },
      "latency_us" : {
        "2" : 0.000000,
        "4" : 0.000000,
        "10" : 0.000000,
        "20" : 0.000000,
        "50" : 0.000000,
        "100" : 0.000000,
        "250" : 60.745147,
        "500" : 38.104993,
        "750" : 1.091845,
        "1000" : 0.041033
      },
      "latency_ms" : {
        "2" : 0.014978,
        "4" : 0.010000,
        "10" : 0.010000,
        "20" : 0.000000,
        "50" : 0.000000,
        "100" : 0.000000,
        "250" : 0.000000,
        "500" : 0.000000,
        "750" : 0.000000,
        "1000" : 0.000000,
        "2000" : 0.000000,
        ">=2000" : 0.000000
      },
      "latency_depth" : 16,
      "latency_target" : 0,
      "latency_percentile" : 100.000000,
      "latency_window" : 0
    }
  ],
  "disk_util" : [
    {
      "name" : "sde",
      "read_ios" : 947454,
      "write_ios" : 66,
      "read_sectors" : 7579632,
      "write_sectors" : 968,
      "read_merges" : 0,
      "write_merges" : 37,
      "read_ticks" : 204332,
      "write_ticks" : 44,
      "in_queue" : 204392,
      "util" : 100.000000
    }
  ]
}
