{
  "fio version" : "fio-3.36",
  "timestamp" : 1773832750,
  "timestamp_ms" : 1773832750708,
  "time" : "Wed Mar 18 19:19:10 2026",
  "jobs" : [
    {
      "jobname" : "rand_write",
      "groupid" : 0,
      "job_start" : 1773832691340,
      "error" : 0,
      "eta" : 0,
      "elapsed" : 61,
      "job options" : {
        "name" : "rand_write",
        "filename" : "fio_test_file",
        "rw" : "randwrite",
        "bs" : "4k",
        "ioengine" : "pvsync",
        "numjobs" : "1",
        "iodepth" : "1",
        "size" : "1G",
        "time_based" : "1",
        "runtime" : "60",
        "direct" : "1",
        "group_reporting" : "1"
      },
      "read" : {
        "io_bytes" : 0,
        "io_kbytes" : 0,
        "bw_bytes" : 0,
        "bw" : 0,
        "iops" : 0.000000,
        "runtime" : 0,
        "total_ios" : 0,
        "short_ios" : 0,
        "drop_ios" : 0,
        "slat_ns" : {
          "min" : 0,
          "max" : 0,
          "mean" : 0.000000,
          "stddev" : 0.000000,
          "N" : 0
        },
        "clat_ns" : {
          "min" : 0,
          "max" : 0,
          "mean" : 0.000000,
          "stddev" : 0.000000,
          "N" : 0
        },
        "lat_ns" : {
          "min" : 0,
          "max" : 0,
          "mean" : 0.000000,
          "stddev" : 0.000000,
          "N" : 0
        },
        "bw_min" : 0,
        "bw_max" : 0,
        "bw_agg" : 0.000000,
        "bw_mean" : 0.000000,
        "bw_dev" : 0.000000,
        "bw_samples" : 0,
        "iops_min" : 0,
        "iops_max" : 0,
        "iops_mean" : 0.000000,
        "iops_stddev" : 0.000000,
        "iops_samples" : 0
      },
      "write" : {
        "io_bytes" : 849698816,
        "io_kbytes" : 829784,
        "bw_bytes" : 14161410,
        "bw" : 13829,
        "iops" : 3457.375710,
        "runtime" : 60001,
        "total_ios" : 207446,
        "short_ios" : 0,
        "drop_ios" : 0,
        "slat_ns" : {
          "min" : 0,
          "max" : 0,
          "mean" : 0.000000,
          "stddev" : 0.000000,
          "N" : 0
        },
        "clat_ns" : {
          "min" : 83961,
          "max" : 7332689,
          "mean" : 286178.744936,
          "stddev" : 112274.897022,
          "N" : 207446,
          "percentile" : {
            "1.000000" : 119296,
            "5.000000" : 123392,
            "10.000000" : 127488,
            "20.000000" : 179200,
            "30.000000" : 228352,
            "40.000000" : 252928,
            "50.000000" : 272384,
            "60.000000" : 313344,
            "70.000000" : 346112,
            "80.000000" : 378880,
            "90.000000" : 436224,
            "95.000000" : 473088,
            "99.000000" : 561152,
            "99.500000" : 593920,
            "99.900000" : 724992,
            "99.950000" : 790528,
            "99.990000" : 1011712
          }
        },
        "lat_ns" : {
          "min" : 84027,
          "max" : 7333553,
          "mean" : 286584.480496,
          "stddev" : 112354.693374,
          "N" : 207446
        },
        "bw_min" : 9891,
        "bw_max" : 26576,
        "bw_agg" : 100.000000,
        "bw_mean" : 13856.117647,
        "bw_dev" : 4166.374824,
        "bw_samples" : 119,
        "iops_min" : 2472,
        "iops_max" : 6644,
        "iops_mean" : 3463.831933,
        "iops_stddev" : 1041.652251,
        "iops_samples" : 119
      },
      "trim" : {
        "io_bytes" : 0,
        "io_kbytes" : 0,
        "bw_bytes" : 0,
        "bw" : 0,
        "iops" : 0.000000,
        "runtime" : 0,
        "total_ios" : 0,
        "short_ios" : 0,
        "drop_ios" : 0,
        "slat_ns" : {
          "min" : 0,
          "max" : 0,
          "mean" : 0.000000,
          "stddev" : 0.000000,
          "N" : 0
        },
        "clat_ns" : {
          "min" : 0,
          "max" : 0,
          "mean" : 0.000000,
          "stddev" : 0.000000,
          "N" : 0
        },
        "lat_ns" : {
          "min" : 0,
          "max" : 0,
          "mean" : 0.000000,
          "stddev" : 0.000000,
          "N" : 0
        },
        "bw_min" : 0,
        "bw_max" : 0,
        "bw_agg" : 0.000000,
        "bw_mean" : 0.000000,
        "bw_dev" : 0.000000,
        "bw_samples" : 0,
        "iops_min" : 0,
        "iops_max" : 0,
        "iops_mean" : 0.000000,
        "iops_stddev" : 0.000000,
        "iops_samples" : 0
      },
      "sync" : {
        "total_ios" : 0,
        "lat_ns" : {
          "min" : 0,
          "max" : 0,
          "mean" : 0.000000,
          "stddev" : 0.000000,
          "N" : 0
        }
      },
      "job_runtime" : 60000,
      "usr_cpu" : 2.403333,
      "sys_cpu" : 20.361667,
      "ctx" : 207449,
      "majf" : 0,
      "minf" : 10,
      "iodepth_level" : {
        "1" : 100.000000,
        "2" : 0.000000,
        "4" : 0.000000,
        "8" : 0.000000,
        "16" : 0.000000,
        "32" : 0.000000,
        ">=64" : 0.000000
      },
      "iodepth_submit" : {
        "0" : 0.000000,
        "4" : 100.000000,
        "8" : 0.000000,
        "16" : 0.000000,
        "32" : 0.000000,
        "64" : 0.000000,
        ">=64" : 0.000000
      },
      "iodepth_complete" : {
        "0" : 0.000000,
        "4" : 100.000000,
        "8" : 0.000000,
        "16" : 0.000000,
        "32" : 0.000000,
        "64" : 0.000000,
        ">=64" : 0.000000
      },
      "latency_ns" : {
        "2" : 0.000000,
        "4" : 0.000000,
        "10" : 0.000000,
        "20" : 0.000000,
        "50" : 0.000000,
        "100" : 0.000000,
        "250" : 0.000000,
        "500" : 0.000000,
        "750" : 0.000000,
        "1000" : 0.000000
      },
      "latency_us" : {
        "2" : 0.000000,
        "4" : 0.000000,
        "10" : 0.000000,
        "20" : 0.000000,
        "50" : 0.000000,
        "100" : 0.027959,
        "250" : 38.510263,
        "500" : 58.754567,
        "750" : 2.628636,
        "1000" : 0.067487
      },
      "latency_ms" : {
        "2" : 0.010123,
        "4" : 0.010000,
        "10" : 0.010000,
        "20" : 0.000000,
        "50" : 0.000000,
        "100" : 0.000000,
        "250" : 0.000000,
        "500" : 0.000000,
        "750" : 0.000000,
        "1000" : 0.000000,
        "2000" : 0.000000,
        ">=2000" : 0.000000
      },
      "latency_depth" : 1,
      "latency_target" : 0,
      "latency_percentile" : 100.000000,
      "latency_window" : 0
    }
  ],
  "disk_util" : [
    {
      "name" : "sde",
      "read_ios" : 7,
      "write_ios" : 207027,
      "read_sectors" : 56,
      "write_sectors" : 1656656,
      "read_merges" : 0,
      "write_merges" : 48,
      "read_ticks" : 3,
      "write_ticks" : 40868,
      "in_queue" : 40887,
      "util" : 61.023299
    }
  ]
}
