{
  "fio version" : "fio-3.36",
  "timestamp" : 1773832602,
  "timestamp_ms" : 1773832602323,
  "time" : "Wed Mar 18 19:16:42 2026",
  "jobs" : [
    {
      "jobname" : "seq_write",
      "groupid" : 0,
      "job_start" : 1773832541262,
      "error" : 0,
      "eta" : 0,
      "elapsed" : 61,
      "job options" : {
        "name" : "seq_write",
        "filename" : "fio_test_file",
        "rw" : "write",
        "bs" : "4k",
        "ioengine" : "pvsync",
        "numjobs" : "1",
        "iodepth" : "1",
        "size" : "1G",
        "time_based" : "1",
        "runtime" : "60",
        "direct" : "1",
        "group_reporting" : "1"
      },
      "read" : {
        "io_bytes" : 0,
        "io_kbytes" : 0,
        "bw_bytes" : 0,
        "bw" : 0,
        "iops" : 0.000000,
        "runtime" : 0,
        "total_ios" : 0,
        "short_ios" : 0,
        "drop_ios" : 0,
        "slat_ns" : {
          "min" : 0,
          "max" : 0,
          "mean" : 0.000000,
          "stddev" : 0.000000,
          "N" : 0
        },
        "clat_ns" : {
          "min" : 0,
          "max" : 0,
          "mean" : 0.000000,
          "stddev" : 0.000000,
          "N" : 0
        },
        "lat_ns" : {
          "min" : 0,
          "max" : 0,
          "mean" : 0.000000,
          "stddev" : 0.000000,
          "N" : 0
        },
        "bw_min" : 0,
        "bw_max" : 0,
        "bw_agg" : 0.000000,
        "bw_mean" : 0.000000,
        "bw_dev" : 0.000000,
        "bw_samples" : 0,
        "iops_min" : 0,
        "iops_max" : 0,
        "iops_mean" : 0.000000,
        "iops_stddev" : 0.000000,
        "iops_samples" : 0
      },
      "write" : {
        "io_bytes" : 853123072,
        "io_kbytes" : 833128,
        "bw_bytes" : 14218480,
        "bw" : 13885,
        "iops" : 3471.308812,
        "runtime" : 60001,
        "total_ios" : 208282,
        "short_ios" : 0,
        "drop_ios" : 0,
        "slat_ns" : {
          "min" : 0,
          "max" : 0,
          "mean" : 0.000000,
          "stddev" : 0.000000,
          "N" : 0
        },
        "clat_ns" : {
          "min" : 82119,
          "max" : 2282875,
          "mean" : 285606.223485,
          "stddev" : 115879.521324,
          "N" : 208282,
          "percentile" : {
            "1.000000" : 121344,
            "5.000000" : 126464,
            "10.000000" : 130560,
            "20.000000" : 173056,
            "30.000000" : 224256,
            "40.000000" : 252928,
            "50.000000" : 272384,
            "60.000000" : 296960,
            "70.000000" : 342016,
            "80.000000" : 374784,
            "90.000000" : 440320,
            "95.000000" : 489472,
            "99.000000" : 585728,
            "99.500000" : 634880,
            "99.900000" : 806912,
            "99.950000" : 921600,
            "99.990000" : 1417216
          }
        },
        "lat_ns" : {
          "min" : 82410,
          "max" : 2283567,
          "mean" : 286003.562886,
          "stddev" : 116025.435032,
          "N" : 208282
        },
        "bw_min" : 9840,
        "bw_max" : 26344,
        "bw_agg" : 100.000000,
        "bw_mean" : 13906.327731,
        "bw_dev" : 4235.395799,
        "bw_samples" : 119,
        "iops_min" : 2460,
        "iops_max" : 6586,
        "iops_mean" : 3476.453782,
        "iops_stddev" : 1058.858233,
        "iops_samples" : 119
      },
      "trim" : {
        "io_bytes" : 0,
        "io_kbytes" : 0,
        "bw_bytes" : 0,
        "bw" : 0,
        "iops" : 0.000000,
        "runtime" : 0,
        "total_ios" : 0,
        "short_ios" : 0,
        "drop_ios" : 0,
        "slat_ns" : {
          "min" : 0,
          "max" : 0,
          "mean" : 0.000000,
          "stddev" : 0.000000,
          "N" : 0
        },
        "clat_ns" : {
          "min" : 0,
          "max" : 0,
          "mean" : 0.000000,
          "stddev" : 0.000000,
          "N" : 0
        },
        "lat_ns" : {
          "min" : 0,
          "max" : 0,
          "mean" : 0.000000,
          "stddev" : 0.000000,
          "N" : 0
        },
        "bw_min" : 0,
        "bw_max" : 0,
        "bw_agg" : 0.000000,
        "bw_mean" : 0.000000,
        "bw_dev" : 0.000000,
        "bw_samples" : 0,
        "iops_min" : 0,
        "iops_max" : 0,
        "iops_mean" : 0.000000,
        "iops_stddev" : 0.000000,
        "iops_samples" : 0
      },
      "sync" : {
        "total_ios" : 0,
        "lat_ns" : {
          "min" : 0,
          "max" : 0,
          "mean" : 0.000000,
          "stddev" : 0.000000,
          "N" : 0
        }
      },
      "job_runtime" : 60000,
      "usr_cpu" : 2.370000,
      "sys_cpu" : 20.036667,
      "ctx" : 208272,
      "majf" : 0,
      "minf" : 10,
      "iodepth_level" : {
        "1" : 100.000000,
        "2" : 0.000000,
        "4" : 0.000000,
        "8" : 0.000000,
        "16" : 0.000000,
        "32" : 0.000000,
        ">=64" : 0.000000
      },
      "iodepth_submit" : {
        "0" : 0.000000,
        "4" : 100.000000,
        "8" : 0.000000,
        "16" : 0.000000,
        "32" : 0.000000,
        "64" : 0.000000,
        ">=64" : 0.000000
      },
      "iodepth_complete" : {
        "0" : 0.000000,
        "4" : 100.000000,
        "8" : 0.000000,
        "16" : 0.000000,
        "32" : 0.000000,
        "64" : 0.000000,
        ">=64" : 0.000000
      },
      "latency_ns" : {
        "2" : 0.000000,
        "4" : 0.000000,
        "10" : 0.000000,
        "20" : 0.000000,
        "50" : 0.000000,
        "100" : 0.000000,
        "250" : 0.000000,
        "500" : 0.000000,
        "750" : 0.000000,
        "1000" : 0.000000
      },
      "latency_us" : {
        "2" : 0.000000,
        "4" : 0.000000,
        "10" : 0.000000,
        "20" : 0.000000,
        "50" : 0.000000,
        "100" : 0.017284,
        "250" : 38.970722,
        "500" : 56.863771,
        "750" : 3.995064,
        "1000" : 0.118109
      },
      "latency_ms" : {
        "2" : 0.033608,
        "4" : 0.010000,
        "10" : 0.000000,
        "20" : 0.000000,
        "50" : 0.000000,
        "100" : 0.000000,
        "250" : 0.000000,
        "500" : 0.000000,
        "750" : 0.000000,
        "1000" : 0.000000,
        "2000" : 0.000000,
        ">=2000" : 0.000000
      },
      "latency_depth" : 1,
      "latency_target" : 0,
      "latency_percentile" : 100.000000,
      "latency_window" : 0
    }
  ],
  "disk_util" : [
    {
      "name" : "sde",
      "read_ios" : 0,
      "write_ios" : 208125,
      "read_sectors" : 0,
      "write_sectors" : 1665496,
      "read_merges" : 0,
      "write_merges" : 52,
      "read_ticks" : 0,
      "write_ticks" : 41071,
      "in_queue" : 41084,
      "util" : 61.753566
    }
  ]
}
