{
  "fio version" : "fio-3.36",
  "timestamp" : 1775100197,
  "timestamp_ms" : 1775100197354,
  "time" : "Thu Apr  2 11:23:17 2026",
  "jobs" : [
    {
      "jobname" : "queue_1x64_rand_write",
      "groupid" : 0,
      "job_start" : 1775100151953,
      "error" : 0,
      "eta" : 0,
      "elapsed" : 31,
      "job options" : {
        "name" : "queue_1x64_rand_write",
        "filename" : "fio_test_file",
        "rw" : "randwrite",
        "bs" : "4k",
        "ioengine" : "libaio",
        "numjobs" : "1",
        "iodepth" : "64",
        "size" : "1G",
        "time_based" : "1",
        "runtime" : "30",
        "direct" : "1",
        "group_reporting" : "1"
      },
      "read" : {
        "io_bytes" : 0,
        "io_kbytes" : 0,
        "bw_bytes" : 0,
        "bw" : 0,
        "iops" : 0.000000,
        "runtime" : 0,
        "total_ios" : 0,
        "short_ios" : 0,
        "drop_ios" : 0,
        "slat_ns" : {
          "min" : 0,
          "max" : 0,
          "mean" : 0.000000,
          "stddev" : 0.000000,
          "N" : 0
        },
        "clat_ns" : {
          "min" : 0,
          "max" : 0,
          "mean" : 0.000000,
          "stddev" : 0.000000,
          "N" : 0
        },
        "lat_ns" : {
          "min" : 0,
          "max" : 0,
          "mean" : 0.000000,
          "stddev" : 0.000000,
          "N" : 0
        },
        "bw_min" : 0,
        "bw_max" : 0,
        "bw_agg" : 0.000000,
        "bw_mean" : 0.000000,
        "bw_dev" : 0.000000,
        "bw_samples" : 0,
        "iops_min" : 0,
        "iops_max" : 0,
        "iops_mean" : 0.000000,
        "iops_stddev" : 0.000000,
        "iops_samples" : 0
      },
      "write" : {
        "io_bytes" : 2781663232,
        "io_kbytes" : 2716468,
        "bw_bytes" : 92647989,
        "bw" : 90476,
        "iops" : 22619.138023,
        "runtime" : 30024,
        "total_ios" : 679117,
        "short_ios" : 0,
        "drop_ios" : 0,
        "slat_ns" : {
          "min" : 933,
          "max" : 1210375,
          "mean" : 1888.606577,
          "stddev" : 2976.873545,
          "N" : 679117
        },
        "clat_ns" : {
          "min" : 97722,
          "max" : 2310951492,
          "mean" : 2827120.094580,
          "stddev" : 33303739.383820,
          "N" : 679117,
          "percentile" : {
            "1.000000" : 126464,
            "5.000000" : 205824,
            "10.000000" : 268288,
            "20.000000" : 382976,
            "30.000000" : 618496,
            "40.000000" : 823296,
            "50.000000" : 1613824,
            "60.000000" : 2007040,
            "70.000000" : 2310144,
            "80.000000" : 2703360,
            "90.000000" : 3391488,
            "95.000000" : 3784704,
            "99.000000" : 7045120,
            "99.500000" : 86507520,
            "99.900000" : 141557760,
            "99.950000" : 154140672,
            "99.990000" : 1820327936
          }
        },
        "lat_ns" : {
          "min" : 98845,
          "max" : 2310953512,
          "mean" : 2829008.701157,
          "stddev" : 33303733.624633,
          "N" : 679117
        },
        "bw_min" : 11520,
        "bw_max" : 195808,
        "bw_agg" : 100.000000,
        "bw_mean" : 105237.960784,
        "bw_dev" : 45920.804560,
        "bw_samples" : 51,
        "iops_min" : 2880,
        "iops_max" : 48952,
        "iops_mean" : 26309.529412,
        "iops_stddev" : 11480.265834,
        "iops_samples" : 51
      },
      "trim" : {
        "io_bytes" : 0,
        "io_kbytes" : 0,
        "bw_bytes" : 0,
        "bw" : 0,
        "iops" : 0.000000,
        "runtime" : 0,
        "total_ios" : 0,
        "short_ios" : 0,
        "drop_ios" : 0,
        "slat_ns" : {
          "min" : 0,
          "max" : 0,
          "mean" : 0.000000,
          "stddev" : 0.000000,
          "N" : 0
        },
        "clat_ns" : {
          "min" : 0,
          "max" : 0,
          "mean" : 0.000000,
          "stddev" : 0.000000,
          "N" : 0
        },
        "lat_ns" : {
          "min" : 0,
          "max" : 0,
          "mean" : 0.000000,
          "stddev" : 0.000000,
          "N" : 0
        },
        "bw_min" : 0,
        "bw_max" : 0,
        "bw_agg" : 0.000000,
        "bw_mean" : 0.000000,
        "bw_dev" : 0.000000,
        "bw_samples" : 0,
        "iops_min" : 0,
        "iops_max" : 0,
        "iops_mean" : 0.000000,
        "iops_stddev" : 0.000000,
        "iops_samples" : 0
      },
      "sync" : {
        "total_ios" : 0,
        "lat_ns" : {
          "min" : 0,
          "max" : 0,
          "mean" : 0.000000,
          "stddev" : 0.000000,
          "N" : 0
        }
      },
      "job_runtime" : 30023,
      "usr_cpu" : 1.955168,
      "sys_cpu" : 5.212670,
      "ctx" : 99628,
      "majf" : 0,
      "minf" : 13,
      "iodepth_level" : {
        "1" : 0.100000,
        "2" : 0.100000,
        "4" : 0.100000,
        "8" : 0.100000,
        "16" : 0.100000,
        "32" : 0.100000,
        ">=64" : 99.990723
      },
      "iodepth_submit" : {
        "0" : 0.000000,
        "4" : 100.000000,
        "8" : 0.000000,
        "16" : 0.000000,
        "32" : 0.000000,
        "64" : 0.000000,
        ">=64" : 0.000000
      },
      "iodepth_complete" : {
        "0" : 0.000000,
        "4" : 99.999853,
        "8" : 0.000000,
        "16" : 0.000000,
        "32" : 0.000000,
        "64" : 0.100000,
        ">=64" : 0.000000
      },
      "latency_ns" : {
        "2" : 0.000000,
        "4" : 0.000000,
        "10" : 0.000000,
        "20" : 0.000000,
        "50" : 0.000000,
        "100" : 0.000000,
        "250" : 0.000000,
        "500" : 0.000000,
        "750" : 0.000000,
        "1000" : 0.000000
      },
      "latency_us" : {
        "2" : 0.000000,
        "4" : 0.000000,
        "10" : 0.000000,
        "20" : 0.000000,
        "50" : 0.000000,
        "100" : 0.010000,
        "250" : 8.538440,
        "500" : 19.262071,
        "750" : 5.401131,
        "1000" : 10.522340
      },
      "latency_ms" : {
        "2" : 15.828937,
        "4" : 37.120997,
        "10" : 2.599258,
        "20" : 0.065379,
        "50" : 0.028272,
        "100" : 0.194223,
        "250" : 0.408913,
        "500" : 0.000000,
        "750" : 0.000000,
        "1000" : 0.000000,
        "2000" : 0.018848,
        ">=2000" : 0.010000
      },
      "latency_depth" : 64,
      "latency_target" : 0,
      "latency_percentile" : 100.000000,
      "latency_window" : 0
    }
  ],
  "disk_util" : [
    {
      "name" : "sdd",
      "read_ios" : 0,
      "write_ios" : 677303,
      "read_sectors" : 0,
      "write_sectors" : 5426944,
      "read_merges" : 0,
      "write_merges" : 66,
      "read_ticks" : 0,
      "write_ticks" : 1852210,
      "in_queue" : 1852343,
      "util" : 98.398505
    }
  ]
}
