{
  "fio version" : "fio-3.36",
  "timestamp" : 1775100091,
  "timestamp_ms" : 1775100091094,
  "time" : "Thu Apr  2 11:21:31 2026",
  "jobs" : [
    {
      "jobname" : "queue_8x64_rand_read",
      "groupid" : 0,
      "job_start" : 1775100061002,
      "error" : 0,
      "eta" : 0,
      "elapsed" : 31,
      "job options" : {
        "name" : "queue_8x64_rand_read",
        "filename" : "fio_test_file",
        "rw" : "randread",
        "bs" : "4k",
        "ioengine" : "libaio",
        "numjobs" : "8",
        "iodepth" : "64",
        "size" : "1G",
        "time_based" : "1",
        "runtime" : "30",
        "direct" : "1",
        "group_reporting" : "1"
      },
      "read" : {
        "io_bytes" : 24851628032,
        "io_kbytes" : 24269168,
        "bw_bytes" : 828277164,
        "bw" : 808864,
        "iops" : 202216.104519,
        "runtime" : 30004,
        "total_ios" : 6067292,
        "short_ios" : 0,
        "drop_ios" : 0,
        "slat_ns" : {
          "min" : 1015,
          "max" : 6267347,
          "mean" : 4621.282723,
          "stddev" : 13179.128346,
          "N" : 6067292
        },
        "clat_ns" : {
          "min" : 143834,
          "max" : 12307991,
          "mean" : 2526266.030802,
          "stddev" : 1096746.447788,
          "N" : 6067292,
          "percentile" : {
            "1.000000" : 774144,
            "5.000000" : 1089536,
            "10.000000" : 1269760,
            "20.000000" : 1531904,
            "30.000000" : 1794048,
            "40.000000" : 2072576,
            "50.000000" : 2342912,
            "60.000000" : 2670592,
            "70.000000" : 3031040,
            "80.000000" : 3457024,
            "90.000000" : 4046848,
            "95.000000" : 4554752,
            "99.000000" : 5537792,
            "99.500000" : 5996544,
            "99.900000" : 6914048,
            "99.950000" : 7372800,
            "99.990000" : 8355840
          }
        },
        "lat_ns" : {
          "min" : 148408,
          "max" : 12320960,
          "mean" : 2530887.313525,
          "stddev" : 1096779.180459,
          "N" : 6067292
        },
        "bw_min" : 658934,
        "bw_max" : 1110752,
        "bw_agg" : 100.000000,
        "bw_mean" : 810042.084746,
        "bw_dev" : 14716.616700,
        "bw_samples" : 472,
        "iops_min" : 164733,
        "iops_max" : 277688,
        "iops_mean" : 202510.423729,
        "iops_stddev" : 3679.160156,
        "iops_samples" : 472
      },
      "write" : {
        "io_bytes" : 0,
        "io_kbytes" : 0,
        "bw_bytes" : 0,
        "bw" : 0,
        "iops" : 0.000000,
        "runtime" : 0,
        "total_ios" : 0,
        "short_ios" : 0,
        "drop_ios" : 0,
        "slat_ns" : {
          "min" : 0,
          "max" : 0,
          "mean" : 0.000000,
          "stddev" : 0.000000,
          "N" : 0
        },
        "clat_ns" : {
          "min" : 0,
          "max" : 0,
          "mean" : 0.000000,
          "stddev" : 0.000000,
          "N" : 0
        },
        "lat_ns" : {
          "min" : 0,
          "max" : 0,
          "mean" : 0.000000,
          "stddev" : 0.000000,
          "N" : 0
        },
        "bw_min" : 0,
        "bw_max" : 0,
        "bw_agg" : 0.000000,
        "bw_mean" : 0.000000,
        "bw_dev" : 0.000000,
        "bw_samples" : 0,
        "iops_min" : 0,
        "iops_max" : 0,
        "iops_mean" : 0.000000,
        "iops_stddev" : 0.000000,
        "iops_samples" : 0
      },
      "trim" : {
        "io_bytes" : 0,
        "io_kbytes" : 0,
        "bw_bytes" : 0,
        "bw" : 0,
        "iops" : 0.000000,
        "runtime" : 0,
        "total_ios" : 0,
        "short_ios" : 0,
        "drop_ios" : 0,
        "slat_ns" : {
          "min" : 0,
          "max" : 0,
          "mean" : 0.000000,
          "stddev" : 0.000000,
          "N" : 0
        },
        "clat_ns" : {
          "min" : 0,
          "max" : 0,
          "mean" : 0.000000,
          "stddev" : 0.000000,
          "N" : 0
        },
        "lat_ns" : {
          "min" : 0,
          "max" : 0,
          "mean" : 0.000000,
          "stddev" : 0.000000,
          "N" : 0
        },
        "bw_min" : 0,
        "bw_max" : 0,
        "bw_agg" : 0.000000,
        "bw_mean" : 0.000000,
        "bw_dev" : 0.000000,
        "bw_samples" : 0,
        "iops_min" : 0,
        "iops_max" : 0,
        "iops_mean" : 0.000000,
        "iops_stddev" : 0.000000,
        "iops_samples" : 0
      },
      "sync" : {
        "total_ios" : 0,
        "lat_ns" : {
          "min" : 0,
          "max" : 0,
          "mean" : 0.000000,
          "stddev" : 0.000000,
          "N" : 0
        }
      },
      "job_runtime" : 240021,
      "usr_cpu" : 5.550348,
      "sys_cpu" : 16.737702,
      "ctx" : 1398529,
      "majf" : 0,
      "minf" : 591,
      "iodepth_level" : {
        "1" : 0.100000,
        "2" : 0.100000,
        "4" : 0.100000,
        "8" : 0.100000,
        "16" : 0.100000,
        "32" : 0.100000,
        ">=64" : 99.991693
      },
      "iodepth_submit" : {
        "0" : 0.000000,
        "4" : 100.000000,
        "8" : 0.000000,
        "16" : 0.000000,
        "32" : 0.000000,
        "64" : 0.000000,
        ">=64" : 0.000000
      },
      "iodepth_complete" : {
        "0" : 0.000000,
        "4" : 99.999868,
        "8" : 0.000000,
        "16" : 0.000000,
        "32" : 0.000000,
        "64" : 0.100000,
        ">=64" : 0.000000
      },
      "latency_ns" : {
        "2" : 0.000000,
        "4" : 0.000000,
        "10" : 0.000000,
        "20" : 0.000000,
        "50" : 0.000000,
        "100" : 0.000000,
        "250" : 0.000000,
        "500" : 0.000000,
        "750" : 0.000000,
        "1000" : 0.000000
      },
      "latency_us" : {
        "2" : 0.000000,
        "4" : 0.000000,
        "10" : 0.000000,
        "20" : 0.000000,
        "50" : 0.000000,
        "100" : 0.000000,
        "250" : 0.010000,
        "500" : 0.175597,
        "750" : 0.680007,
        "1000" : 2.693261
      },
      "latency_ms" : {
        "2" : 33.895797,
        "4" : 52.135368,
        "10" : 10.415718,
        "20" : 0.010000,
        "50" : 0.000000,
        "100" : 0.000000,
        "250" : 0.000000,
        "500" : 0.000000,
        "750" : 0.000000,
        "1000" : 0.000000,
        "2000" : 0.000000,
        ">=2000" : 0.000000
      },
      "latency_depth" : 64,
      "latency_target" : 0,
      "latency_percentile" : 100.000000,
      "latency_window" : 0
    }
  ],
  "disk_util" : [
    {
      "name" : "sdd",
      "read_ios" : 6044936,
      "write_ios" : 80,
      "read_sectors" : 48359488,
      "write_sectors" : 8832,
      "read_merges" : 0,
      "write_merges" : 71,
      "read_ticks" : 15066753,
      "write_ticks" : 696,
      "in_queue" : 15067574,
      "util" : 99.753053
    }
  ]
}
