{
  "fio version" : "fio-3.36",
  "timestamp" : 1775100226,
  "timestamp_ms" : 1775100226648,
  "time" : "Thu Apr  2 11:23:46 2026",
  "jobs" : [
    {
      "jobname" : "queue_4x1_rand_write",
      "groupid" : 0,
      "job_start" : 1775100197612,
      "error" : 0,
      "eta" : 0,
      "elapsed" : 31,
      "job options" : {
        "name" : "queue_4x1_rand_write",
        "filename" : "fio_test_file",
        "rw" : "randwrite",
        "bs" : "4k",
        "ioengine" : "libaio",
        "numjobs" : "4",
        "iodepth" : "1",
        "size" : "1G",
        "time_based" : "1",
        "runtime" : "30",
        "direct" : "1",
        "group_reporting" : "1"
      },
      "read" : {
        "io_bytes" : 0,
        "io_kbytes" : 0,
        "bw_bytes" : 0,
        "bw" : 0,
        "iops" : 0.000000,
        "runtime" : 0,
        "total_ios" : 0,
        "short_ios" : 0,
        "drop_ios" : 0,
        "slat_ns" : {
          "min" : 0,
          "max" : 0,
          "mean" : 0.000000,
          "stddev" : 0.000000,
          "N" : 0
        },
        "clat_ns" : {
          "min" : 0,
          "max" : 0,
          "mean" : 0.000000,
          "stddev" : 0.000000,
          "N" : 0
        },
        "lat_ns" : {
          "min" : 0,
          "max" : 0,
          "mean" : 0.000000,
          "stddev" : 0.000000,
          "N" : 0
        },
        "bw_min" : 0,
        "bw_max" : 0,
        "bw_agg" : 0.000000,
        "bw_mean" : 0.000000,
        "bw_dev" : 0.000000,
        "bw_samples" : 0,
        "iops_min" : 0,
        "iops_max" : 0,
        "iops_mean" : 0.000000,
        "iops_stddev" : 0.000000,
        "iops_samples" : 0
      },
      "write" : {
        "io_bytes" : 1939447808,
        "io_kbytes" : 1893992,
        "bw_bytes" : 64603038,
        "bw" : 63088,
        "iops" : 15772.226108,
        "runtime" : 30021,
        "total_ios" : 473498,
        "short_ios" : 0,
        "drop_ios" : 0,
        "slat_ns" : {
          "min" : 1624,
          "max" : 961158,
          "mean" : 6182.305235,
          "stddev" : 4268.492862,
          "N" : 473498
        },
        "clat_ns" : {
          "min" : 839,
          "max" : 345977129,
          "mean" : 246243.897786,
          "stddev" : 4500068.273477,
          "N" : 473498,
          "percentile" : {
            "1.000000" : 50432,
            "5.000000" : 56064,
            "10.000000" : 59136,
            "20.000000" : 63232,
            "30.000000" : 67072,
            "40.000000" : 70144,
            "50.000000" : 74240,
            "60.000000" : 80384,
            "70.000000" : 87552,
            "80.000000" : 102912,
            "90.000000" : 134144,
            "95.000000" : 177152,
            "99.000000" : 1433600,
            "99.500000" : 1777664,
            "99.900000" : 28180480,
            "99.950000" : 121110528,
            "99.990000" : 229638144
          }
        },
        "lat_ns" : {
          "min" : 36286,
          "max" : 345981397,
          "mean" : 252426.203021,
          "stddev" : 4500066.356300,
          "N" : 473498
        },
        "bw_min" : 14619,
        "bw_max" : 138632,
        "bw_agg" : 100.000000,
        "bw_mean" : 63681.457627,
        "bw_dev" : 8619.710873,
        "bw_samples" : 236,
        "iops_min" : 3653,
        "iops_max" : 34658,
        "iops_mean" : 15919.762712,
        "iops_stddev" : 2155.058354,
        "iops_samples" : 236
      },
      "trim" : {
        "io_bytes" : 0,
        "io_kbytes" : 0,
        "bw_bytes" : 0,
        "bw" : 0,
        "iops" : 0.000000,
        "runtime" : 0,
        "total_ios" : 0,
        "short_ios" : 0,
        "drop_ios" : 0,
        "slat_ns" : {
          "min" : 0,
          "max" : 0,
          "mean" : 0.000000,
          "stddev" : 0.000000,
          "N" : 0
        },
        "clat_ns" : {
          "min" : 0,
          "max" : 0,
          "mean" : 0.000000,
          "stddev" : 0.000000,
          "N" : 0
        },
        "lat_ns" : {
          "min" : 0,
          "max" : 0,
          "mean" : 0.000000,
          "stddev" : 0.000000,
          "N" : 0
        },
        "bw_min" : 0,
        "bw_max" : 0,
        "bw_agg" : 0.000000,
        "bw_mean" : 0.000000,
        "bw_dev" : 0.000000,
        "bw_samples" : 0,
        "iops_min" : 0,
        "iops_max" : 0,
        "iops_mean" : 0.000000,
        "iops_stddev" : 0.000000,
        "iops_samples" : 0
      },
      "sync" : {
        "total_ios" : 0,
        "lat_ns" : {
          "min" : 0,
          "max" : 0,
          "mean" : 0.000000,
          "stddev" : 0.000000,
          "N" : 0
        }
      },
      "job_runtime" : 120080,
      "usr_cpu" : 1.261659,
      "sys_cpu" : 3.904064,
      "ctx" : 473494,
      "majf" : 0,
      "minf" : 54,
      "iodepth_level" : {
        "1" : 100.000000,
        "2" : 0.000000,
        "4" : 0.000000,
        "8" : 0.000000,
        "16" : 0.000000,
        "32" : 0.000000,
        ">=64" : 0.000000
      },
      "iodepth_submit" : {
        "0" : 0.000000,
        "4" : 100.000000,
        "8" : 0.000000,
        "16" : 0.000000,
        "32" : 0.000000,
        "64" : 0.000000,
        ">=64" : 0.000000
      },
      "iodepth_complete" : {
        "0" : 0.000000,
        "4" : 100.000000,
        "8" : 0.000000,
        "16" : 0.000000,
        "32" : 0.000000,
        "64" : 0.000000,
        ">=64" : 0.000000
      },
      "latency_ns" : {
        "2" : 0.000000,
        "4" : 0.000000,
        "10" : 0.000000,
        "20" : 0.000000,
        "50" : 0.000000,
        "100" : 0.000000,
        "250" : 0.000000,
        "500" : 0.000000,
        "750" : 0.000000,
        "1000" : 0.010000
      },
      "latency_us" : {
        "2" : 0.010000,
        "4" : 0.010000,
        "10" : 0.010000,
        "20" : 0.010000,
        "50" : 0.919539,
        "100" : 77.838977,
        "250" : 17.803877,
        "500" : 0.579517,
        "750" : 0.528408,
        "1000" : 0.498629
      },
      "latency_ms" : {
        "2" : 1.499901,
        "4" : 0.190919,
        "10" : 0.032735,
        "20" : 0.010000,
        "50" : 0.010000,
        "100" : 0.029567,
        "250" : 0.058290,
        "500" : 0.010000,
        "750" : 0.000000,
        "1000" : 0.000000,
        "2000" : 0.000000,
        ">=2000" : 0.000000
      },
      "latency_depth" : 1,
      "latency_target" : 0,
      "latency_percentile" : 100.000000,
      "latency_window" : 0
    }
  ],
  "disk_util" : [
    {
      "name" : "sdd",
      "read_ios" : 0,
      "write_ios" : 473552,
      "read_sectors" : 0,
      "write_sectors" : 3796856,
      "read_merges" : 0,
      "write_merges" : 69,
      "read_ticks" : 0,
      "write_ticks" : 102165,
      "in_queue" : 102229,
      "util" : 95.307918
    }
  ]
}
