{
  "fio version" : "fio-3.36",
  "timestamp" : 1775100151,
  "timestamp_ms" : 1775100151692,
  "time" : "Thu Apr  2 11:22:31 2026",
  "jobs" : [
    {
      "jobname" : "queue_1x16_rand_write",
      "groupid" : 0,
      "job_start" : 1775100121653,
      "error" : 0,
      "eta" : 0,
      "elapsed" : 31,
      "job options" : {
        "name" : "queue_1x16_rand_write",
        "filename" : "fio_test_file",
        "rw" : "randwrite",
        "bs" : "4k",
        "ioengine" : "libaio",
        "numjobs" : "1",
        "iodepth" : "16",
        "size" : "1G",
        "time_based" : "1",
        "runtime" : "30",
        "direct" : "1",
        "group_reporting" : "1"
      },
      "read" : {
        "io_bytes" : 0,
        "io_kbytes" : 0,
        "bw_bytes" : 0,
        "bw" : 0,
        "iops" : 0.000000,
        "runtime" : 0,
        "total_ios" : 0,
        "short_ios" : 0,
        "drop_ios" : 0,
        "slat_ns" : {
          "min" : 0,
          "max" : 0,
          "mean" : 0.000000,
          "stddev" : 0.000000,
          "N" : 0
        },
        "clat_ns" : {
          "min" : 0,
          "max" : 0,
          "mean" : 0.000000,
          "stddev" : 0.000000,
          "N" : 0
        },
        "lat_ns" : {
          "min" : 0,
          "max" : 0,
          "mean" : 0.000000,
          "stddev" : 0.000000,
          "N" : 0
        },
        "bw_min" : 0,
        "bw_max" : 0,
        "bw_agg" : 0.000000,
        "bw_mean" : 0.000000,
        "bw_dev" : 0.000000,
        "bw_samples" : 0,
        "iops_min" : 0,
        "iops_max" : 0,
        "iops_mean" : 0.000000,
        "iops_stddev" : 0.000000,
        "iops_samples" : 0
      },
      "write" : {
        "io_bytes" : 4298792960,
        "io_kbytes" : 4198040,
        "bw_bytes" : 143288322,
        "bw" : 139930,
        "iops" : 34982.500583,
        "runtime" : 30001,
        "total_ios" : 1049510,
        "short_ios" : 0,
        "drop_ios" : 0,
        "slat_ns" : {
          "min" : 940,
          "max" : 3897087,
          "mean" : 1972.607620,
          "stddev" : 5040.319304,
          "N" : 1049510
        },
        "clat_ns" : {
          "min" : 26428,
          "max" : 1344828783,
          "mean" : 455008.166648,
          "stddev" : 7423840.707755,
          "N" : 1049510,
          "percentile" : {
            "1.000000" : 95744,
            "5.000000" : 129536,
            "10.000000" : 148480,
            "20.000000" : 166912,
            "30.000000" : 179200,
            "40.000000" : 189440,
            "50.000000" : 197632,
            "60.000000" : 203776,
            "70.000000" : 211968,
            "80.000000" : 230400,
            "90.000000" : 350208,
            "95.000000" : 1581056,
            "99.000000" : 2998272,
            "99.500000" : 3424256,
            "99.900000" : 11599872,
            "99.950000" : 25296896,
            "99.990000" : 196083712
          }
        },
        "lat_ns" : {
          "min" : 28163,
          "max" : 1344829968,
          "mean" : 456980.774268,
          "stddev" : 7423837.632428,
          "N" : 1049510
        },
        "bw_min" : 12080,
        "bw_max" : 307064,
        "bw_agg" : 100.000000,
        "bw_mean" : 147518.107143,
        "bw_dev" : 70689.475283,
        "bw_samples" : 56,
        "iops_min" : 3020,
        "iops_max" : 76766,
        "iops_mean" : 36879.517857,
        "iops_stddev" : 17672.365573,
        "iops_samples" : 56
      },
      "trim" : {
        "io_bytes" : 0,
        "io_kbytes" : 0,
        "bw_bytes" : 0,
        "bw" : 0,
        "iops" : 0.000000,
        "runtime" : 0,
        "total_ios" : 0,
        "short_ios" : 0,
        "drop_ios" : 0,
        "slat_ns" : {
          "min" : 0,
          "max" : 0,
          "mean" : 0.000000,
          "stddev" : 0.000000,
          "N" : 0
        },
        "clat_ns" : {
          "min" : 0,
          "max" : 0,
          "mean" : 0.000000,
          "stddev" : 0.000000,
          "N" : 0
        },
        "lat_ns" : {
          "min" : 0,
          "max" : 0,
          "mean" : 0.000000,
          "stddev" : 0.000000,
          "N" : 0
        },
        "bw_min" : 0,
        "bw_max" : 0,
        "bw_agg" : 0.000000,
        "bw_mean" : 0.000000,
        "bw_dev" : 0.000000,
        "bw_samples" : 0,
        "iops_min" : 0,
        "iops_max" : 0,
        "iops_mean" : 0.000000,
        "iops_stddev" : 0.000000,
        "iops_samples" : 0
      },
      "sync" : {
        "total_ios" : 0,
        "lat_ns" : {
          "min" : 0,
          "max" : 0,
          "mean" : 0.000000,
          "stddev" : 0.000000,
          "N" : 0
        }
      },
      "job_runtime" : 30000,
      "usr_cpu" : 3.343333,
      "sys_cpu" : 9.673333,
      "ctx" : 315750,
      "majf" : 0,
      "minf" : 13,
      "iodepth_level" : {
        "1" : 0.100000,
        "2" : 0.100000,
        "4" : 0.100000,
        "8" : 0.100000,
        "16" : 99.998571,
        "32" : 0.000000,
        ">=64" : 0.000000
      },
      "iodepth_submit" : {
        "0" : 0.000000,
        "4" : 100.000000,
        "8" : 0.000000,
        "16" : 0.000000,
        "32" : 0.000000,
        "64" : 0.000000,
        ">=64" : 0.000000
      },
      "iodepth_complete" : {
        "0" : 0.000000,
        "4" : 99.999905,
        "8" : 0.000000,
        "16" : 0.100000,
        "32" : 0.000000,
        "64" : 0.000000,
        ">=64" : 0.000000
      },
      "latency_ns" : {
        "2" : 0.000000,
        "4" : 0.000000,
        "10" : 0.000000,
        "20" : 0.000000,
        "50" : 0.000000,
        "100" : 0.000000,
        "250" : 0.000000,
        "500" : 0.000000,
        "750" : 0.000000,
        "1000" : 0.000000
      },
      "latency_us" : {
        "2" : 0.000000,
        "4" : 0.000000,
        "10" : 0.000000,
        "20" : 0.000000,
        "50" : 0.010000,
        "100" : 1.228764,
        "250" : 83.177959,
        "500" : 6.320759,
        "750" : 0.421625,
        "1000" : 0.717287
      },
      "latency_ms" : {
        "2" : 4.757649,
        "4" : 3.076483,
        "10" : 0.191327,
        "20" : 0.047260,
        "50" : 0.013721,
        "100" : 0.010000,
        "250" : 0.027441,
        "500" : 0.000000,
        "750" : 0.010000,
        "1000" : 0.010000,
        "2000" : 0.010000,
        ">=2000" : 0.000000
      },
      "latency_depth" : 16,
      "latency_target" : 0,
      "latency_percentile" : 100.000000,
      "latency_window" : 0
    }
  ],
  "disk_util" : [
    {
      "name" : "sdd",
      "read_ios" : 6,
      "write_ios" : 1045722,
      "read_sectors" : 520,
      "write_sectors" : 8374264,
      "read_merges" : 59,
      "write_merges" : 77,
      "read_ticks" : 14,
      "write_ticks" : 451327,
      "in_queue" : 451449,
      "util" : 98.301805
    }
  ]
}
