{
  "fio version" : "fio-3.36",
  "timestamp" : 1775099906,
  "timestamp_ms" : 1775099906620,
  "time" : "Thu Apr  2 11:18:26 2026",
  "jobs" : [
    {
      "jobname" : "queue_1x64_rand_read",
      "groupid" : 0,
      "job_start" : 1775099876857,
      "error" : 0,
      "eta" : 0,
      "elapsed" : 31,
      "job options" : {
        "name" : "queue_1x64_rand_read",
        "filename" : "fio_test_file",
        "rw" : "randread",
        "bs" : "4k",
        "ioengine" : "libaio",
        "numjobs" : "1",
        "iodepth" : "64",
        "size" : "1G",
        "time_based" : "1",
        "runtime" : "30",
        "direct" : "1",
        "group_reporting" : "1"
      },
      "read" : {
        "io_bytes" : 18987098112,
        "io_kbytes" : 18542088,
        "bw_bytes" : 632882174,
        "bw" : 618048,
        "iops" : 154512.249592,
        "runtime" : 30001,
        "total_ios" : 4635522,
        "short_ios" : 0,
        "drop_ios" : 0,
        "slat_ns" : {
          "min" : 888,
          "max" : 788352,
          "mean" : 1513.240348,
          "stddev" : 2159.593556,
          "N" : 4635522
        },
        "clat_ns" : {
          "min" : 94949,
          "max" : 2665207,
          "mean" : 412424.844385,
          "stddev" : 131669.779235,
          "N" : 4635522,
          "percentile" : {
            "1.000000" : 207872,
            "5.000000" : 252928,
            "10.000000" : 280576,
            "20.000000" : 301056,
            "30.000000" : 337920,
            "40.000000" : 362496,
            "50.000000" : 382976,
            "60.000000" : 419840,
            "70.000000" : 448512,
            "80.000000" : 505856,
            "90.000000" : 585728,
            "95.000000" : 659456,
            "99.000000" : 831488,
            "99.500000" : 905216,
            "99.900000" : 1089536,
            "99.950000" : 1204224,
            "99.990000" : 1925120
          }
        },
        "lat_ns" : {
          "min" : 97240,
          "max" : 2666298,
          "mean" : 413938.084733,
          "stddev" : 131662.811019,
          "N" : 4635522
        },
        "bw_min" : 559240,
        "bw_max" : 635800,
        "bw_agg" : 100.000000,
        "bw_mean" : 618385.389831,
        "bw_dev" : 12594.062489,
        "bw_samples" : 59,
        "iops_min" : 139810,
        "iops_max" : 158950,
        "iops_mean" : 154596.254237,
        "iops_stddev" : 3148.530246,
        "iops_samples" : 59
      },
      "write" : {
        "io_bytes" : 0,
        "io_kbytes" : 0,
        "bw_bytes" : 0,
        "bw" : 0,
        "iops" : 0.000000,
        "runtime" : 0,
        "total_ios" : 0,
        "short_ios" : 0,
        "drop_ios" : 0,
        "slat_ns" : {
          "min" : 0,
          "max" : 0,
          "mean" : 0.000000,
          "stddev" : 0.000000,
          "N" : 0
        },
        "clat_ns" : {
          "min" : 0,
          "max" : 0,
          "mean" : 0.000000,
          "stddev" : 0.000000,
          "N" : 0
        },
        "lat_ns" : {
          "min" : 0,
          "max" : 0,
          "mean" : 0.000000,
          "stddev" : 0.000000,
          "N" : 0
        },
        "bw_min" : 0,
        "bw_max" : 0,
        "bw_agg" : 0.000000,
        "bw_mean" : 0.000000,
        "bw_dev" : 0.000000,
        "bw_samples" : 0,
        "iops_min" : 0,
        "iops_max" : 0,
        "iops_mean" : 0.000000,
        "iops_stddev" : 0.000000,
        "iops_samples" : 0
      },
      "trim" : {
        "io_bytes" : 0,
        "io_kbytes" : 0,
        "bw_bytes" : 0,
        "bw" : 0,
        "iops" : 0.000000,
        "runtime" : 0,
        "total_ios" : 0,
        "short_ios" : 0,
        "drop_ios" : 0,
        "slat_ns" : {
          "min" : 0,
          "max" : 0,
          "mean" : 0.000000,
          "stddev" : 0.000000,
          "N" : 0
        },
        "clat_ns" : {
          "min" : 0,
          "max" : 0,
          "mean" : 0.000000,
          "stddev" : 0.000000,
          "N" : 0
        },
        "lat_ns" : {
          "min" : 0,
          "max" : 0,
          "mean" : 0.000000,
          "stddev" : 0.000000,
          "N" : 0
        },
        "bw_min" : 0,
        "bw_max" : 0,
        "bw_agg" : 0.000000,
        "bw_mean" : 0.000000,
        "bw_dev" : 0.000000,
        "bw_samples" : 0,
        "iops_min" : 0,
        "iops_max" : 0,
        "iops_mean" : 0.000000,
        "iops_stddev" : 0.000000,
        "iops_samples" : 0
      },
      "sync" : {
        "total_ios" : 0,
        "lat_ns" : {
          "min" : 0,
          "max" : 0,
          "mean" : 0.000000,
          "stddev" : 0.000000,
          "N" : 0
        }
      },
      "job_runtime" : 30000,
      "usr_cpu" : 10.593333,
      "sys_cpu" : 26.233333,
      "ctx" : 355125,
      "majf" : 0,
      "minf" : 74,
      "iodepth_level" : {
        "1" : 0.100000,
        "2" : 0.100000,
        "4" : 0.100000,
        "8" : 0.100000,
        "16" : 0.100000,
        "32" : 0.100000,
        ">=64" : 99.998641
      },
      "iodepth_submit" : {
        "0" : 0.000000,
        "4" : 100.000000,
        "8" : 0.000000,
        "16" : 0.000000,
        "32" : 0.000000,
        "64" : 0.000000,
        ">=64" : 0.000000
      },
      "iodepth_complete" : {
        "0" : 0.000000,
        "4" : 99.999978,
        "8" : 0.000000,
        "16" : 0.000000,
        "32" : 0.000000,
        "64" : 0.100000,
        ">=64" : 0.000000
      },
      "latency_ns" : {
        "2" : 0.000000,
        "4" : 0.000000,
        "10" : 0.000000,
        "20" : 0.000000,
        "50" : 0.000000,
        "100" : 0.000000,
        "250" : 0.000000,
        "500" : 0.000000,
        "750" : 0.000000,
        "1000" : 0.000000
      },
      "latency_us" : {
        "2" : 0.000000,
        "4" : 0.000000,
        "10" : 0.000000,
        "20" : 0.000000,
        "50" : 0.000000,
        "100" : 0.010000,
        "250" : 4.844244,
        "500" : 73.984289,
        "750" : 19.073645,
        "1000" : 1.884685
      },
      "latency_ms" : {
        "2" : 0.205220,
        "4" : 0.010000,
        "10" : 0.000000,
        "20" : 0.000000,
        "50" : 0.000000,
        "100" : 0.000000,
        "250" : 0.000000,
        "500" : 0.000000,
        "750" : 0.000000,
        "1000" : 0.000000,
        "2000" : 0.000000,
        ">=2000" : 0.000000
      },
      "latency_depth" : 64,
      "latency_target" : 0,
      "latency_percentile" : 100.000000,
      "latency_window" : 0
    }
  ],
  "disk_util" : [
    {
      "name" : "sdd",
      "read_ios" : 4628777,
      "write_ios" : 66,
      "read_sectors" : 37030216,
      "write_sectors" : 7440,
      "read_merges" : 0,
      "write_merges" : 76,
      "read_ticks" : 1783646,
      "write_ticks" : 52,
      "in_queue" : 1783711,
      "util" : 98.744380
    }
  ]
}
