{
  "fio version" : "fio-3.36",
  "timestamp" : 1775099967,
  "timestamp_ms" : 1775099967258,
  "time" : "Thu Apr  2 11:19:27 2026",
  "jobs" : [
    {
      "jobname" : "queue_4x16_rand_read",
      "groupid" : 0,
      "job_start" : 1775099937186,
      "error" : 0,
      "eta" : 0,
      "elapsed" : 31,
      "job options" : {
        "name" : "queue_4x16_rand_read",
        "filename" : "fio_test_file",
        "rw" : "randread",
        "bs" : "4k",
        "ioengine" : "libaio",
        "numjobs" : "4",
        "iodepth" : "16",
        "size" : "1G",
        "time_based" : "1",
        "runtime" : "30",
        "direct" : "1",
        "group_reporting" : "1"
      },
      "read" : {
        "io_bytes" : 22642905088,
        "io_kbytes" : 22112212,
        "bw_bytes" : 754738344,
        "bw" : 737049,
        "iops" : 184262.291257,
        "runtime" : 30001,
        "total_ios" : 5528053,
        "short_ios" : 0,
        "drop_ios" : 0,
        "slat_ns" : {
          "min" : 859,
          "max" : 1897675,
          "mean" : 3910.352064,
          "stddev" : 7153.052142,
          "N" : 5528053
        },
        "clat_ns" : {
          "min" : 16239,
          "max" : 4995901,
          "mean" : 342685.822457,
          "stddev" : 153155.816829,
          "N" : 5528053,
          "percentile" : {
            "1.000000" : 134144,
            "5.000000" : 164864,
            "10.000000" : 185344,
            "20.000000" : 218112,
            "30.000000" : 246784,
            "40.000000" : 276480,
            "50.000000" : 309248,
            "60.000000" : 346112,
            "70.000000" : 391168,
            "80.000000" : 448512,
            "90.000000" : 544768,
            "95.000000" : 634880,
            "99.000000" : 831488,
            "99.500000" : 921600,
            "99.900000" : 1155072,
            "99.950000" : 1302528,
            "99.990000" : 1875968
          }
        },
        "lat_ns" : {
          "min" : 76515,
          "max" : 5000543,
          "mean" : 346596.174521,
          "stddev" : 153094.707753,
          "N" : 5528053
        },
        "bw_min" : 680584,
        "bw_max" : 790552,
        "bw_agg" : 100.000000,
        "bw_mean" : 737593.932203,
        "bw_dev" : 6299.137916,
        "bw_samples" : 236,
        "iops_min" : 170146,
        "iops_max" : 197638,
        "iops_mean" : 184398.457627,
        "iops_stddev" : 1574.781398,
        "iops_samples" : 236
      },
      "write" : {
        "io_bytes" : 0,
        "io_kbytes" : 0,
        "bw_bytes" : 0,
        "bw" : 0,
        "iops" : 0.000000,
        "runtime" : 0,
        "total_ios" : 0,
        "short_ios" : 0,
        "drop_ios" : 0,
        "slat_ns" : {
          "min" : 0,
          "max" : 0,
          "mean" : 0.000000,
          "stddev" : 0.000000,
          "N" : 0
        },
        "clat_ns" : {
          "min" : 0,
          "max" : 0,
          "mean" : 0.000000,
          "stddev" : 0.000000,
          "N" : 0
        },
        "lat_ns" : {
          "min" : 0,
          "max" : 0,
          "mean" : 0.000000,
          "stddev" : 0.000000,
          "N" : 0
        },
        "bw_min" : 0,
        "bw_max" : 0,
        "bw_agg" : 0.000000,
        "bw_mean" : 0.000000,
        "bw_dev" : 0.000000,
        "bw_samples" : 0,
        "iops_min" : 0,
        "iops_max" : 0,
        "iops_mean" : 0.000000,
        "iops_stddev" : 0.000000,
        "iops_samples" : 0
      },
      "trim" : {
        "io_bytes" : 0,
        "io_kbytes" : 0,
        "bw_bytes" : 0,
        "bw" : 0,
        "iops" : 0.000000,
        "runtime" : 0,
        "total_ios" : 0,
        "short_ios" : 0,
        "drop_ios" : 0,
        "slat_ns" : {
          "min" : 0,
          "max" : 0,
          "mean" : 0.000000,
          "stddev" : 0.000000,
          "N" : 0
        },
        "clat_ns" : {
          "min" : 0,
          "max" : 0,
          "mean" : 0.000000,
          "stddev" : 0.000000,
          "N" : 0
        },
        "lat_ns" : {
          "min" : 0,
          "max" : 0,
          "mean" : 0.000000,
          "stddev" : 0.000000,
          "N" : 0
        },
        "bw_min" : 0,
        "bw_max" : 0,
        "bw_agg" : 0.000000,
        "bw_mean" : 0.000000,
        "bw_dev" : 0.000000,
        "bw_samples" : 0,
        "iops_min" : 0,
        "iops_max" : 0,
        "iops_mean" : 0.000000,
        "iops_stddev" : 0.000000,
        "iops_samples" : 0
      },
      "sync" : {
        "total_ios" : 0,
        "lat_ns" : {
          "min" : 0,
          "max" : 0,
          "mean" : 0.000000,
          "stddev" : 0.000000,
          "N" : 0
        }
      },
      "job_runtime" : 120000,
      "usr_cpu" : 9.117500,
      "sys_cpu" : 29.058333,
      "ctx" : 1557091,
      "majf" : 0,
      "minf" : 123,
      "iodepth_level" : {
        "1" : 0.100000,
        "2" : 0.100000,
        "4" : 0.100000,
        "8" : 0.100000,
        "16" : 99.998915,
        "32" : 0.000000,
        ">=64" : 0.000000
      },
      "iodepth_submit" : {
        "0" : 0.000000,
        "4" : 100.000000,
        "8" : 0.000000,
        "16" : 0.000000,
        "32" : 0.000000,
        "64" : 0.000000,
        ">=64" : 0.000000
      },
      "iodepth_complete" : {
        "0" : 0.000000,
        "4" : 99.999928,
        "8" : 0.000000,
        "16" : 0.100000,
        "32" : 0.000000,
        "64" : 0.000000,
        ">=64" : 0.000000
      },
      "latency_ns" : {
        "2" : 0.000000,
        "4" : 0.000000,
        "10" : 0.000000,
        "20" : 0.000000,
        "50" : 0.000000,
        "100" : 0.000000,
        "250" : 0.000000,
        "500" : 0.000000,
        "750" : 0.000000,
        "1000" : 0.000000
      },
      "latency_us" : {
        "2" : 0.000000,
        "4" : 0.000000,
        "10" : 0.000000,
        "20" : 0.010000,
        "50" : 0.010000,
        "100" : 0.040105,
        "250" : 31.141724,
        "500" : 54.902151,
        "750" : 11.941130,
        "1000" : 1.693471
      },
      "latency_ms" : {
        "2" : 0.275088,
        "4" : 0.010000,
        "10" : 0.010000,
        "20" : 0.000000,
        "50" : 0.000000,
        "100" : 0.000000,
        "250" : 0.000000,
        "500" : 0.000000,
        "750" : 0.000000,
        "1000" : 0.000000,
        "2000" : 0.000000,
        ">=2000" : 0.000000
      },
      "latency_depth" : 16,
      "latency_target" : 0,
      "latency_percentile" : 100.000000,
      "latency_window" : 0
    }
  ],
  "disk_util" : [
    {
      "name" : "sdd",
      "read_ios" : 5508414,
      "write_ios" : 77,
      "read_sectors" : 44067312,
      "write_sectors" : 9112,
      "read_merges" : 0,
      "write_merges" : 66,
      "read_ticks" : 1764762,
      "write_ticks" : 67,
      "in_queue" : 1764847,
      "util" : 100.000000
    }
  ]
}
