{
  "fio version" : "fio-3.36",
  "timestamp" : 1775100060,
  "timestamp_ms" : 1775100060743,
  "time" : "Thu Apr  2 11:21:00 2026",
  "jobs" : [
    {
      "jobname" : "queue_8x16_rand_read",
      "groupid" : 0,
      "job_start" : 1775100030668,
      "error" : 0,
      "eta" : 0,
      "elapsed" : 31,
      "job options" : {
        "name" : "queue_8x16_rand_read",
        "filename" : "fio_test_file",
        "rw" : "randread",
        "bs" : "4k",
        "ioengine" : "libaio",
        "numjobs" : "8",
        "iodepth" : "16",
        "size" : "1G",
        "time_based" : "1",
        "runtime" : "30",
        "direct" : "1",
        "group_reporting" : "1"
      },
      "read" : {
        "io_bytes" : 23458516992,
        "io_kbytes" : 22908708,
        "bw_bytes" : 781898439,
        "bw" : 763572,
        "iops" : 190893.173788,
        "runtime" : 30002,
        "total_ios" : 5727177,
        "short_ios" : 0,
        "drop_ios" : 0,
        "slat_ns" : {
          "min" : 943,
          "max" : 3081806,
          "mean" : 6157.046685,
          "stddev" : 13078.648079,
          "N" : 5727177
        },
        "clat_ns" : {
          "min" : 15393,
          "max" : 13154979,
          "mean" : 663164.342355,
          "stddev" : 327704.538630,
          "N" : 5727177,
          "percentile" : {
            "1.000000" : 197632,
            "5.000000" : 261120,
            "10.000000" : 309248,
            "20.000000" : 391168,
            "30.000000" : 464896,
            "40.000000" : 536576,
            "50.000000" : 602112,
            "60.000000" : 675840,
            "70.000000" : 765952,
            "80.000000" : 888832,
            "90.000000" : 1089536,
            "95.000000" : 1269760,
            "99.000000" : 1695744,
            "99.500000" : 1875968,
            "99.900000" : 2342912,
            "99.950000" : 2637824,
            "99.990000" : 4292608
          }
        },
        "lat_ns" : {
          "min" : 97581,
          "max" : 13156238,
          "mean" : 669321.389040,
          "stddev" : 327757.509564,
          "N" : 5727177
        },
        "bw_min" : 692728,
        "bw_max" : 835992,
        "bw_agg" : 100.000000,
        "bw_mean" : 764197.661017,
        "bw_dev" : 3798.174720,
        "bw_samples" : 472,
        "iops_min" : 173182,
        "iops_max" : 208998,
        "iops_mean" : 191049.305085,
        "iops_stddev" : 949.538802,
        "iops_samples" : 472
      },
      "write" : {
        "io_bytes" : 0,
        "io_kbytes" : 0,
        "bw_bytes" : 0,
        "bw" : 0,
        "iops" : 0.000000,
        "runtime" : 0,
        "total_ios" : 0,
        "short_ios" : 0,
        "drop_ios" : 0,
        "slat_ns" : {
          "min" : 0,
          "max" : 0,
          "mean" : 0.000000,
          "stddev" : 0.000000,
          "N" : 0
        },
        "clat_ns" : {
          "min" : 0,
          "max" : 0,
          "mean" : 0.000000,
          "stddev" : 0.000000,
          "N" : 0
        },
        "lat_ns" : {
          "min" : 0,
          "max" : 0,
          "mean" : 0.000000,
          "stddev" : 0.000000,
          "N" : 0
        },
        "bw_min" : 0,
        "bw_max" : 0,
        "bw_agg" : 0.000000,
        "bw_mean" : 0.000000,
        "bw_dev" : 0.000000,
        "bw_samples" : 0,
        "iops_min" : 0,
        "iops_max" : 0,
        "iops_mean" : 0.000000,
        "iops_stddev" : 0.000000,
        "iops_samples" : 0
      },
      "trim" : {
        "io_bytes" : 0,
        "io_kbytes" : 0,
        "bw_bytes" : 0,
        "bw" : 0,
        "iops" : 0.000000,
        "runtime" : 0,
        "total_ios" : 0,
        "short_ios" : 0,
        "drop_ios" : 0,
        "slat_ns" : {
          "min" : 0,
          "max" : 0,
          "mean" : 0.000000,
          "stddev" : 0.000000,
          "N" : 0
        },
        "clat_ns" : {
          "min" : 0,
          "max" : 0,
          "mean" : 0.000000,
          "stddev" : 0.000000,
          "N" : 0
        },
        "lat_ns" : {
          "min" : 0,
          "max" : 0,
          "mean" : 0.000000,
          "stddev" : 0.000000,
          "N" : 0
        },
        "bw_min" : 0,
        "bw_max" : 0,
        "bw_agg" : 0.000000,
        "bw_mean" : 0.000000,
        "bw_dev" : 0.000000,
        "bw_samples" : 0,
        "iops_min" : 0,
        "iops_max" : 0,
        "iops_mean" : 0.000000,
        "iops_stddev" : 0.000000,
        "iops_samples" : 0
      },
      "sync" : {
        "total_ios" : 0,
        "lat_ns" : {
          "min" : 0,
          "max" : 0,
          "mean" : 0.000000,
          "stddev" : 0.000000,
          "N" : 0
        }
      },
      "job_runtime" : 240006,
      "usr_cpu" : 7.074406,
      "sys_cpu" : 24.084815,
      "ctx" : 2051591,
      "majf" : 0,
      "minf" : 211,
      "iodepth_level" : {
        "1" : 0.100000,
        "2" : 0.100000,
        "4" : 0.100000,
        "8" : 0.100000,
        "16" : 99.997905,
        "32" : 0.000000,
        ">=64" : 0.000000
      },
      "iodepth_submit" : {
        "0" : 0.000000,
        "4" : 100.000000,
        "8" : 0.000000,
        "16" : 0.000000,
        "32" : 0.000000,
        "64" : 0.000000,
        ">=64" : 0.000000
      },
      "iodepth_complete" : {
        "0" : 0.000000,
        "4" : 99.999860,
        "8" : 0.000000,
        "16" : 0.100000,
        "32" : 0.000000,
        "64" : 0.000000,
        ">=64" : 0.000000
      },
      "latency_ns" : {
        "2" : 0.000000,
        "4" : 0.000000,
        "10" : 0.000000,
        "20" : 0.000000,
        "50" : 0.000000,
        "100" : 0.000000,
        "250" : 0.000000,
        "500" : 0.000000,
        "750" : 0.000000,
        "1000" : 0.000000
      },
      "latency_us" : {
        "2" : 0.000000,
        "4" : 0.000000,
        "10" : 0.000000,
        "20" : 0.010000,
        "50" : 0.010000,
        "100" : 0.010000,
        "250" : 4.138025,
        "500" : 30.723060,
        "750" : 33.196844,
        "1000" : 18.352934
      },
      "latency_ms" : {
        "2" : 13.274620,
        "4" : 0.299257,
        "10" : 0.012100,
        "20" : 0.010000,
        "50" : 0.000000,
        "100" : 0.000000,
        "250" : 0.000000,
        "500" : 0.000000,
        "750" : 0.000000,
        "1000" : 0.000000,
        "2000" : 0.000000,
        ">=2000" : 0.000000
      },
      "latency_depth" : 16,
      "latency_target" : 0,
      "latency_percentile" : 100.000000,
      "latency_window" : 0
    }
  ],
  "disk_util" : [
    {
      "name" : "sdd",
      "read_ios" : 5706890,
      "write_ios" : 77,
      "read_sectors" : 45655128,
      "write_sectors" : 8656,
      "read_merges" : 0,
      "write_merges" : 68,
      "read_ticks" : 3609923,
      "write_ticks" : 121,
      "in_queue" : 3610090,
      "util" : 99.739740
    }
  ]
}
