{
  "fio version" : "fio-3.36",
  "timestamp" : 1775099876,
  "timestamp_ms" : 1775099876603,
  "time" : "Thu Apr  2 11:17:56 2026",
  "jobs" : [
    {
      "jobname" : "queue_1x16_rand_read",
      "groupid" : 0,
      "job_start" : 1775099846325,
      "error" : 0,
      "eta" : 0,
      "elapsed" : 31,
      "job options" : {
        "name" : "queue_1x16_rand_read",
        "filename" : "fio_test_file",
        "rw" : "randread",
        "bs" : "4k",
        "ioengine" : "libaio",
        "numjobs" : "1",
        "iodepth" : "16",
        "size" : "1G",
        "time_based" : "1",
        "runtime" : "30",
        "direct" : "1",
        "group_reporting" : "1"
      },
      "read" : {
        "io_bytes" : 9385402368,
        "io_kbytes" : 9165432,
        "bw_bytes" : 312836317,
        "bw" : 305504,
        "iops" : 76376.054132,
        "runtime" : 30001,
        "total_ios" : 2291358,
        "short_ios" : 0,
        "drop_ios" : 0,
        "slat_ns" : {
          "min" : 812,
          "max" : 343261,
          "mean" : 2487.489636,
          "stddev" : 4299.813481,
          "N" : 2291358
        },
        "clat_ns" : {
          "min" : 20106,
          "max" : 18705666,
          "mean" : 206543.419939,
          "stddev" : 88033.826727,
          "N" : 2291358,
          "percentile" : {
            "1.000000" : 98816,
            "5.000000" : 118272,
            "10.000000" : 132096,
            "20.000000" : 148480,
            "30.000000" : 160768,
            "40.000000" : 175104,
            "50.000000" : 189440,
            "60.000000" : 207872,
            "70.000000" : 228352,
            "80.000000" : 257024,
            "90.000000" : 301056,
            "95.000000" : 346112,
            "99.000000" : 440320,
            "99.500000" : 481280,
            "99.900000" : 602112,
            "99.950000" : 708608,
            "99.990000" : 2932736
          }
        },
        "lat_ns" : {
          "min" : 70411,
          "max" : 18710549,
          "mean" : 209030.909575,
          "stddev" : 87894.748683,
          "N" : 2291358
        },
        "bw_min" : 263656,
        "bw_max" : 317664,
        "bw_agg" : 100.000000,
        "bw_mean" : 305573.881356,
        "bw_dev" : 7400.093206,
        "bw_samples" : 59,
        "iops_min" : 65914,
        "iops_max" : 79416,
        "iops_mean" : 76393.457627,
        "iops_stddev" : 1850.008204,
        "iops_samples" : 59
      },
      "write" : {
        "io_bytes" : 0,
        "io_kbytes" : 0,
        "bw_bytes" : 0,
        "bw" : 0,
        "iops" : 0.000000,
        "runtime" : 0,
        "total_ios" : 0,
        "short_ios" : 0,
        "drop_ios" : 0,
        "slat_ns" : {
          "min" : 0,
          "max" : 0,
          "mean" : 0.000000,
          "stddev" : 0.000000,
          "N" : 0
        },
        "clat_ns" : {
          "min" : 0,
          "max" : 0,
          "mean" : 0.000000,
          "stddev" : 0.000000,
          "N" : 0
        },
        "lat_ns" : {
          "min" : 0,
          "max" : 0,
          "mean" : 0.000000,
          "stddev" : 0.000000,
          "N" : 0
        },
        "bw_min" : 0,
        "bw_max" : 0,
        "bw_agg" : 0.000000,
        "bw_mean" : 0.000000,
        "bw_dev" : 0.000000,
        "bw_samples" : 0,
        "iops_min" : 0,
        "iops_max" : 0,
        "iops_mean" : 0.000000,
        "iops_stddev" : 0.000000,
        "iops_samples" : 0
      },
      "trim" : {
        "io_bytes" : 0,
        "io_kbytes" : 0,
        "bw_bytes" : 0,
        "bw" : 0,
        "iops" : 0.000000,
        "runtime" : 0,
        "total_ios" : 0,
        "short_ios" : 0,
        "drop_ios" : 0,
        "slat_ns" : {
          "min" : 0,
          "max" : 0,
          "mean" : 0.000000,
          "stddev" : 0.000000,
          "N" : 0
        },
        "clat_ns" : {
          "min" : 0,
          "max" : 0,
          "mean" : 0.000000,
          "stddev" : 0.000000,
          "N" : 0
        },
        "lat_ns" : {
          "min" : 0,
          "max" : 0,
          "mean" : 0.000000,
          "stddev" : 0.000000,
          "N" : 0
        },
        "bw_min" : 0,
        "bw_max" : 0,
        "bw_agg" : 0.000000,
        "bw_mean" : 0.000000,
        "bw_dev" : 0.000000,
        "bw_samples" : 0,
        "iops_min" : 0,
        "iops_max" : 0,
        "iops_mean" : 0.000000,
        "iops_stddev" : 0.000000,
        "iops_samples" : 0
      },
      "sync" : {
        "total_ios" : 0,
        "lat_ns" : {
          "min" : 0,
          "max" : 0,
          "mean" : 0.000000,
          "stddev" : 0.000000,
          "N" : 0
        }
      },
      "job_runtime" : 30000,
      "usr_cpu" : 9.963333,
      "sys_cpu" : 27.693333,
      "ctx" : 535663,
      "majf" : 0,
      "minf" : 29,
      "iodepth_level" : {
        "1" : 0.100000,
        "2" : 0.100000,
        "4" : 0.100000,
        "8" : 0.100000,
        "16" : 99.999345,
        "32" : 0.000000,
        ">=64" : 0.000000
      },
      "iodepth_submit" : {
        "0" : 0.000000,
        "4" : 100.000000,
        "8" : 0.000000,
        "16" : 0.000000,
        "32" : 0.000000,
        "64" : 0.000000,
        ">=64" : 0.000000
      },
      "iodepth_complete" : {
        "0" : 0.000000,
        "4" : 99.999956,
        "8" : 0.000000,
        "16" : 0.100000,
        "32" : 0.000000,
        "64" : 0.000000,
        ">=64" : 0.000000
      },
      "latency_ns" : {
        "2" : 0.000000,
        "4" : 0.000000,
        "10" : 0.000000,
        "20" : 0.000000,
        "50" : 0.000000,
        "100" : 0.000000,
        "250" : 0.000000,
        "500" : 0.000000,
        "750" : 0.000000,
        "1000" : 0.000000
      },
      "latency_us" : {
        "2" : 0.000000,
        "4" : 0.000000,
        "10" : 0.000000,
        "20" : 0.000000,
        "50" : 0.010000,
        "100" : 1.152112,
        "250" : 76.971909,
        "500" : 21.499303,
        "750" : 0.329455,
        "1000" : 0.010000
      },
      "latency_ms" : {
        "2" : 0.022869,
        "4" : 0.010000,
        "10" : 0.010000,
        "20" : 0.010000,
        "50" : 0.000000,
        "100" : 0.000000,
        "250" : 0.000000,
        "500" : 0.000000,
        "750" : 0.000000,
        "1000" : 0.000000,
        "2000" : 0.000000,
        ">=2000" : 0.000000
      },
      "latency_depth" : 16,
      "latency_target" : 0,
      "latency_percentile" : 100.000000,
      "latency_window" : 0
    }
  ],
  "disk_util" : [
    {
      "name" : "sdd",
      "read_ios" : 2285382,
      "write_ios" : 101,
      "read_sectors" : 18283304,
      "write_sectors" : 9552,
      "read_merges" : 0,
      "write_merges" : 75,
      "read_ticks" : 438462,
      "write_ticks" : 48,
      "in_queue" : 438518,
      "util" : 100.000000
    }
  ]
}
