{
  "fio version" : "fio-3.36",
  "timestamp" : 1775100030,
  "timestamp_ms" : 1775100030409,
  "time" : "Thu Apr  2 11:20:30 2026",
  "jobs" : [
    {
      "jobname" : "queue_8x1_rand_read",
      "groupid" : 0,
      "job_start" : 1775100000337,
      "error" : 0,
      "eta" : 0,
      "elapsed" : 31,
      "job options" : {
        "name" : "queue_8x1_rand_read",
        "filename" : "fio_test_file",
        "rw" : "randread",
        "bs" : "4k",
        "ioengine" : "libaio",
        "numjobs" : "8",
        "iodepth" : "1",
        "size" : "1G",
        "time_based" : "1",
        "runtime" : "30",
        "direct" : "1",
        "group_reporting" : "1"
      },
      "read" : {
        "io_bytes" : 5248143360,
        "io_kbytes" : 5125140,
        "bw_bytes" : 174926450,
        "bw" : 170826,
        "iops" : 42706.652890,
        "runtime" : 30002,
        "total_ios" : 1281285,
        "short_ios" : 0,
        "drop_ios" : 0,
        "slat_ns" : {
          "min" : 1622,
          "max" : 1061430,
          "mean" : 7012.172729,
          "stddev" : 6743.156111,
          "N" : 1281285
        },
        "clat_ns" : {
          "min" : 1005,
          "max" : 21258406,
          "mean" : 179042.636661,
          "stddev" : 78415.550859,
          "N" : 1281285,
          "percentile" : {
            "1.000000" : 100864,
            "5.000000" : 111104,
            "10.000000" : 121344,
            "20.000000" : 140288,
            "30.000000" : 148480,
            "40.000000" : 156672,
            "50.000000" : 166912,
            "60.000000" : 179200,
            "70.000000" : 195584,
            "80.000000" : 216064,
            "90.000000" : 244736,
            "95.000000" : 276480,
            "99.000000" : 337920,
            "99.500000" : 370688,
            "99.900000" : 464896,
            "99.950000" : 552960,
            "99.990000" : 2408448
          }
        },
        "lat_ns" : {
          "min" : 80220,
          "max" : 21280086,
          "mean" : 186054.809390,
          "stddev" : 79071.426700,
          "N" : 1281285
        },
        "bw_min" : 145592,
        "bw_max" : 177112,
        "bw_agg" : 100.000000,
        "bw_mean" : 170946.711864,
        "bw_dev" : 546.344818,
        "bw_samples" : 472,
        "iops_min" : 36398,
        "iops_max" : 44278,
        "iops_mean" : 42736.677966,
        "iops_stddev" : 136.586205,
        "iops_samples" : 472
      },
      "write" : {
        "io_bytes" : 0,
        "io_kbytes" : 0,
        "bw_bytes" : 0,
        "bw" : 0,
        "iops" : 0.000000,
        "runtime" : 0,
        "total_ios" : 0,
        "short_ios" : 0,
        "drop_ios" : 0,
        "slat_ns" : {
          "min" : 0,
          "max" : 0,
          "mean" : 0.000000,
          "stddev" : 0.000000,
          "N" : 0
        },
        "clat_ns" : {
          "min" : 0,
          "max" : 0,
          "mean" : 0.000000,
          "stddev" : 0.000000,
          "N" : 0
        },
        "lat_ns" : {
          "min" : 0,
          "max" : 0,
          "mean" : 0.000000,
          "stddev" : 0.000000,
          "N" : 0
        },
        "bw_min" : 0,
        "bw_max" : 0,
        "bw_agg" : 0.000000,
        "bw_mean" : 0.000000,
        "bw_dev" : 0.000000,
        "bw_samples" : 0,
        "iops_min" : 0,
        "iops_max" : 0,
        "iops_mean" : 0.000000,
        "iops_stddev" : 0.000000,
        "iops_samples" : 0
      },
      "trim" : {
        "io_bytes" : 0,
        "io_kbytes" : 0,
        "bw_bytes" : 0,
        "bw" : 0,
        "iops" : 0.000000,
        "runtime" : 0,
        "total_ios" : 0,
        "short_ios" : 0,
        "drop_ios" : 0,
        "slat_ns" : {
          "min" : 0,
          "max" : 0,
          "mean" : 0.000000,
          "stddev" : 0.000000,
          "N" : 0
        },
        "clat_ns" : {
          "min" : 0,
          "max" : 0,
          "mean" : 0.000000,
          "stddev" : 0.000000,
          "N" : 0
        },
        "lat_ns" : {
          "min" : 0,
          "max" : 0,
          "mean" : 0.000000,
          "stddev" : 0.000000,
          "N" : 0
        },
        "bw_min" : 0,
        "bw_max" : 0,
        "bw_agg" : 0.000000,
        "bw_mean" : 0.000000,
        "bw_dev" : 0.000000,
        "bw_samples" : 0,
        "iops_min" : 0,
        "iops_max" : 0,
        "iops_mean" : 0.000000,
        "iops_stddev" : 0.000000,
        "iops_samples" : 0
      },
      "sync" : {
        "total_ios" : 0,
        "lat_ns" : {
          "min" : 0,
          "max" : 0,
          "mean" : 0.000000,
          "stddev" : 0.000000,
          "N" : 0
        }
      },
      "job_runtime" : 240001,
      "usr_cpu" : 2.110825,
      "sys_cpu" : 6.593306,
      "ctx" : 1281326,
      "majf" : 0,
      "minf" : 117,
      "iodepth_level" : {
        "1" : 100.000000,
        "2" : 0.000000,
        "4" : 0.000000,
        "8" : 0.000000,
        "16" : 0.000000,
        "32" : 0.000000,
        ">=64" : 0.000000
      },
      "iodepth_submit" : {
        "0" : 0.000000,
        "4" : 100.000000,
        "8" : 0.000000,
        "16" : 0.000000,
        "32" : 0.000000,
        "64" : 0.000000,
        ">=64" : 0.000000
      },
      "iodepth_complete" : {
        "0" : 0.000000,
        "4" : 100.000000,
        "8" : 0.000000,
        "16" : 0.000000,
        "32" : 0.000000,
        "64" : 0.000000,
        ">=64" : 0.000000
      },
      "latency_ns" : {
        "2" : 0.000000,
        "4" : 0.000000,
        "10" : 0.000000,
        "20" : 0.000000,
        "50" : 0.000000,
        "100" : 0.000000,
        "250" : 0.000000,
        "500" : 0.000000,
        "750" : 0.000000,
        "1000" : 0.000000
      },
      "latency_us" : {
        "2" : 0.010000,
        "4" : 0.010000,
        "10" : 0.000000,
        "20" : 0.010000,
        "50" : 0.010000,
        "100" : 0.789442,
        "250" : 90.469099,
        "500" : 8.671997,
        "750" : 0.035433,
        "1000" : 0.010000
      },
      "latency_ms" : {
        "2" : 0.015687,
        "4" : 0.010000,
        "10" : 0.010000,
        "20" : 0.010000,
        "50" : 0.010000,
        "100" : 0.000000,
        "250" : 0.000000,
        "500" : 0.000000,
        "750" : 0.000000,
        "1000" : 0.000000,
        "2000" : 0.000000,
        ">=2000" : 0.000000
      },
      "latency_depth" : 1,
      "latency_target" : 0,
      "latency_percentile" : 100.000000,
      "latency_window" : 0
    }
  ],
  "disk_util" : [
    {
      "name" : "sdd",
      "read_ios" : 1276833,
      "write_ios" : 71,
      "read_sectors" : 10214680,
      "write_sectors" : 8840,
      "read_merges" : 0,
      "write_merges" : 64,
      "read_ticks" : 217933,
      "write_ticks" : 40,
      "in_queue" : 217987,
      "util" : 99.699780
    }
  ]
}
