{
  "fio version" : "fio-3.36",
  "timestamp" : 1775100256,
  "timestamp_ms" : 1775100256966,
  "time" : "Thu Apr  2 11:24:16 2026",
  "jobs" : [
    {
      "jobname" : "queue_4x16_rand_write",
      "groupid" : 0,
      "job_start" : 1775100226902,
      "error" : 0,
      "eta" : 0,
      "elapsed" : 31,
      "job options" : {
        "name" : "queue_4x16_rand_write",
        "filename" : "fio_test_file",
        "rw" : "randwrite",
        "bs" : "4k",
        "ioengine" : "libaio",
        "numjobs" : "4",
        "iodepth" : "16",
        "size" : "1G",
        "time_based" : "1",
        "runtime" : "30",
        "direct" : "1",
        "group_reporting" : "1"
      },
      "read" : {
        "io_bytes" : 0,
        "io_kbytes" : 0,
        "bw_bytes" : 0,
        "bw" : 0,
        "iops" : 0.000000,
        "runtime" : 0,
        "total_ios" : 0,
        "short_ios" : 0,
        "drop_ios" : 0,
        "slat_ns" : {
          "min" : 0,
          "max" : 0,
          "mean" : 0.000000,
          "stddev" : 0.000000,
          "N" : 0
        },
        "clat_ns" : {
          "min" : 0,
          "max" : 0,
          "mean" : 0.000000,
          "stddev" : 0.000000,
          "N" : 0
        },
        "lat_ns" : {
          "min" : 0,
          "max" : 0,
          "mean" : 0.000000,
          "stddev" : 0.000000,
          "N" : 0
        },
        "bw_min" : 0,
        "bw_max" : 0,
        "bw_agg" : 0.000000,
        "bw_mean" : 0.000000,
        "bw_dev" : 0.000000,
        "bw_samples" : 0,
        "iops_min" : 0,
        "iops_max" : 0,
        "iops_mean" : 0.000000,
        "iops_stddev" : 0.000000,
        "iops_samples" : 0
      },
      "write" : {
        "io_bytes" : 3464511488,
        "io_kbytes" : 3383312,
        "bw_bytes" : 115472169,
        "bw" : 112765,
        "iops" : 28191.447522,
        "runtime" : 30003,
        "total_ios" : 845828,
        "short_ios" : 0,
        "drop_ios" : 0,
        "slat_ns" : {
          "min" : 899,
          "max" : 5781855,
          "mean" : 2727.608164,
          "stddev" : 7441.638925,
          "N" : 845828
        },
        "clat_ns" : {
          "min" : 18740,
          "max" : 371901998,
          "mean" : 2266742.703317,
          "stddev" : 11554027.469038,
          "N" : 845828,
          "percentile" : {
            "1.000000" : 85504,
            "5.000000" : 124416,
            "10.000000" : 152576,
            "20.000000" : 203776,
            "30.000000" : 284672,
            "40.000000" : 528384,
            "50.000000" : 1089536,
            "60.000000" : 1712128,
            "70.000000" : 1974272,
            "80.000000" : 2342912,
            "90.000000" : 2899968,
            "95.000000" : 3260416,
            "99.000000" : 10158080,
            "99.500000" : 83361792,
            "99.900000" : 152043520,
            "99.950000" : 168820736,
            "99.990000" : 350224384
          }
        },
        "lat_ns" : {
          "min" : 35557,
          "max" : 371920242,
          "mean" : 2269470.311481,
          "stddev" : 11554004.641061,
          "N" : 845828
        },
        "bw_min" : 16080,
        "bw_max" : 347464,
        "bw_agg" : 100.000000,
        "bw_mean" : 114059.796610,
        "bw_dev" : 18943.231804,
        "bw_samples" : 236,
        "iops_min" : 4020,
        "iops_max" : 86866,
        "iops_mean" : 28514.949153,
        "iops_stddev" : 4735.807951,
        "iops_samples" : 236
      },
      "trim" : {
        "io_bytes" : 0,
        "io_kbytes" : 0,
        "bw_bytes" : 0,
        "bw" : 0,
        "iops" : 0.000000,
        "runtime" : 0,
        "total_ios" : 0,
        "short_ios" : 0,
        "drop_ios" : 0,
        "slat_ns" : {
          "min" : 0,
          "max" : 0,
          "mean" : 0.000000,
          "stddev" : 0.000000,
          "N" : 0
        },
        "clat_ns" : {
          "min" : 0,
          "max" : 0,
          "mean" : 0.000000,
          "stddev" : 0.000000,
          "N" : 0
        },
        "lat_ns" : {
          "min" : 0,
          "max" : 0,
          "mean" : 0.000000,
          "stddev" : 0.000000,
          "N" : 0
        },
        "bw_min" : 0,
        "bw_max" : 0,
        "bw_agg" : 0.000000,
        "bw_mean" : 0.000000,
        "bw_dev" : 0.000000,
        "bw_samples" : 0,
        "iops_min" : 0,
        "iops_max" : 0,
        "iops_mean" : 0.000000,
        "iops_stddev" : 0.000000,
        "iops_samples" : 0
      },
      "sync" : {
        "total_ios" : 0,
        "lat_ns" : {
          "min" : 0,
          "max" : 0,
          "mean" : 0.000000,
          "stddev" : 0.000000,
          "N" : 0
        }
      },
      "job_runtime" : 120004,
      "usr_cpu" : 1.078297,
      "sys_cpu" : 2.650745,
      "ctx" : 139545,
      "majf" : 0,
      "minf" : 50,
      "iodepth_level" : {
        "1" : 0.100000,
        "2" : 0.100000,
        "4" : 0.100000,
        "8" : 0.100000,
        "16" : 99.992906,
        "32" : 0.000000,
        ">=64" : 0.000000
      },
      "iodepth_submit" : {
        "0" : 0.000000,
        "4" : 100.000000,
        "8" : 0.000000,
        "16" : 0.000000,
        "32" : 0.000000,
        "64" : 0.000000,
        ">=64" : 0.000000
      },
      "iodepth_complete" : {
        "0" : 0.000000,
        "4" : 99.999527,
        "8" : 0.000000,
        "16" : 0.100000,
        "32" : 0.000000,
        "64" : 0.000000,
        ">=64" : 0.000000
      },
      "latency_ns" : {
        "2" : 0.000000,
        "4" : 0.000000,
        "10" : 0.000000,
        "20" : 0.000000,
        "50" : 0.000000,
        "100" : 0.000000,
        "250" : 0.000000,
        "500" : 0.000000,
        "750" : 0.000000,
        "1000" : 0.000000
      },
      "latency_us" : {
        "2" : 0.000000,
        "4" : 0.000000,
        "10" : 0.000000,
        "20" : 0.010000,
        "50" : 0.013360,
        "100" : 2.117334,
        "250" : 24.643072,
        "500" : 12.312432,
        "750" : 6.543056,
        "1000" : 3.554505
      },
      "latency_ms" : {
        "2" : 21.705713,
        "4" : 26.969904,
        "10" : 1.134628,
        "20" : 0.044926,
        "50" : 0.240356,
        "100" : 0.259509,
        "250" : 0.415687,
        "500" : 0.045399,
        "750" : 0.000000,
        "1000" : 0.000000,
        "2000" : 0.000000,
        ">=2000" : 0.000000
      },
      "latency_depth" : 16,
      "latency_target" : 0,
      "latency_percentile" : 100.000000,
      "latency_window" : 0
    }
  ],
  "disk_util" : [
    {
      "name" : "sdd",
      "read_ios" : 0,
      "write_ios" : 845202,
      "read_sectors" : 0,
      "write_sectors" : 6770008,
      "read_merges" : 0,
      "write_merges" : 78,
      "read_ticks" : 0,
      "write_ticks" : 1851155,
      "in_queue" : 1851247,
      "util" : 99.583069
    }
  ]
}
