{
  "fio version" : "fio-3.36",
  "timestamp" : 1775100121,
  "timestamp_ms" : 1775100121396,
  "time" : "Thu Apr  2 11:22:01 2026",
  "jobs" : [
    {
      "jobname" : "queue_1x1_rand_write",
      "groupid" : 0,
      "job_start" : 1775100091349,
      "error" : 0,
      "eta" : 0,
      "elapsed" : 31,
      "job options" : {
        "name" : "queue_1x1_rand_write",
        "filename" : "fio_test_file",
        "rw" : "randwrite",
        "bs" : "4k",
        "ioengine" : "libaio",
        "numjobs" : "1",
        "iodepth" : "1",
        "size" : "1G",
        "time_based" : "1",
        "runtime" : "30",
        "direct" : "1",
        "group_reporting" : "1"
      },
      "read" : {
        "io_bytes" : 0,
        "io_kbytes" : 0,
        "bw_bytes" : 0,
        "bw" : 0,
        "iops" : 0.000000,
        "runtime" : 0,
        "total_ios" : 0,
        "short_ios" : 0,
        "drop_ios" : 0,
        "slat_ns" : {
          "min" : 0,
          "max" : 0,
          "mean" : 0.000000,
          "stddev" : 0.000000,
          "N" : 0
        },
        "clat_ns" : {
          "min" : 0,
          "max" : 0,
          "mean" : 0.000000,
          "stddev" : 0.000000,
          "N" : 0
        },
        "lat_ns" : {
          "min" : 0,
          "max" : 0,
          "mean" : 0.000000,
          "stddev" : 0.000000,
          "N" : 0
        },
        "bw_min" : 0,
        "bw_max" : 0,
        "bw_agg" : 0.000000,
        "bw_mean" : 0.000000,
        "bw_dev" : 0.000000,
        "bw_samples" : 0,
        "iops_min" : 0,
        "iops_max" : 0,
        "iops_mean" : 0.000000,
        "iops_stddev" : 0.000000,
        "iops_samples" : 0
      },
      "write" : {
        "io_bytes" : 1191936000,
        "io_kbytes" : 1164000,
        "bw_bytes" : 39729875,
        "bw" : 38798,
        "iops" : 9699.676677,
        "runtime" : 30001,
        "total_ios" : 291000,
        "short_ios" : 0,
        "drop_ios" : 0,
        "slat_ns" : {
          "min" : 2434,
          "max" : 331834,
          "mean" : 4715.820474,
          "stddev" : 3768.768538,
          "N" : 291000
        },
        "clat_ns" : {
          "min" : 479,
          "max" : 378104755,
          "mean" : 97620.143302,
          "stddev" : 2379678.140580,
          "N" : 291000,
          "percentile" : {
            "1.000000" : 41728,
            "5.000000" : 43776,
            "10.000000" : 45312,
            "20.000000" : 46848,
            "30.000000" : 47872,
            "40.000000" : 48896,
            "50.000000" : 50944,
            "60.000000" : 54016,
            "70.000000" : 61184,
            "80.000000" : 73216,
            "90.000000" : 94720,
            "95.000000" : 114176,
            "99.000000" : 179200,
            "99.500000" : 211968,
            "99.900000" : 509952,
            "99.950000" : 2039808,
            "99.990000" : 130547712
          }
        },
        "lat_ns" : {
          "min" : 38701,
          "max" : 378107739,
          "mean" : 102335.963777,
          "stddev" : 2379695.290684,
          "N" : 291000
        },
        "bw_min" : 11592,
        "bw_max" : 65016,
        "bw_agg" : 100.000000,
        "bw_mean" : 39067.118644,
        "bw_dev" : 15380.458933,
        "bw_samples" : 59,
        "iops_min" : 2898,
        "iops_max" : 16254,
        "iops_mean" : 9766.779661,
        "iops_stddev" : 3845.114733,
        "iops_samples" : 59
      },
      "trim" : {
        "io_bytes" : 0,
        "io_kbytes" : 0,
        "bw_bytes" : 0,
        "bw" : 0,
        "iops" : 0.000000,
        "runtime" : 0,
        "total_ios" : 0,
        "short_ios" : 0,
        "drop_ios" : 0,
        "slat_ns" : {
          "min" : 0,
          "max" : 0,
          "mean" : 0.000000,
          "stddev" : 0.000000,
          "N" : 0
        },
        "clat_ns" : {
          "min" : 0,
          "max" : 0,
          "mean" : 0.000000,
          "stddev" : 0.000000,
          "N" : 0
        },
        "lat_ns" : {
          "min" : 0,
          "max" : 0,
          "mean" : 0.000000,
          "stddev" : 0.000000,
          "N" : 0
        },
        "bw_min" : 0,
        "bw_max" : 0,
        "bw_agg" : 0.000000,
        "bw_mean" : 0.000000,
        "bw_dev" : 0.000000,
        "bw_samples" : 0,
        "iops_min" : 0,
        "iops_max" : 0,
        "iops_mean" : 0.000000,
        "iops_stddev" : 0.000000,
        "iops_samples" : 0
      },
      "sync" : {
        "total_ios" : 0,
        "lat_ns" : {
          "min" : 0,
          "max" : 0,
          "mean" : 0.000000,
          "stddev" : 0.000000,
          "N" : 0
        }
      },
      "job_runtime" : 30000,
      "usr_cpu" : 2.066667,
      "sys_cpu" : 7.210000,
      "ctx" : 290984,
      "majf" : 0,
      "minf" : 12,
      "iodepth_level" : {
        "1" : 100.000000,
        "2" : 0.000000,
        "4" : 0.000000,
        "8" : 0.000000,
        "16" : 0.000000,
        "32" : 0.000000,
        ">=64" : 0.000000
      },
      "iodepth_submit" : {
        "0" : 0.000000,
        "4" : 100.000000,
        "8" : 0.000000,
        "16" : 0.000000,
        "32" : 0.000000,
        "64" : 0.000000,
        ">=64" : 0.000000
      },
      "iodepth_complete" : {
        "0" : 0.000000,
        "4" : 100.000000,
        "8" : 0.000000,
        "16" : 0.000000,
        "32" : 0.000000,
        "64" : 0.000000,
        ">=64" : 0.000000
      },
      "latency_ns" : {
        "2" : 0.000000,
        "4" : 0.000000,
        "10" : 0.000000,
        "20" : 0.000000,
        "50" : 0.000000,
        "100" : 0.000000,
        "250" : 0.000000,
        "500" : 0.010000,
        "750" : 0.010000,
        "1000" : 0.010000
      },
      "latency_us" : {
        "2" : 0.010000,
        "4" : 0.000000,
        "10" : 0.000000,
        "20" : 0.010000,
        "50" : 46.371821,
        "100" : 45.486942,
        "250" : 7.863574,
        "500" : 0.171478,
        "750" : 0.025430,
        "1000" : 0.013746
      },
      "latency_ms" : {
        "2" : 0.011340,
        "4" : 0.010000,
        "10" : 0.013746,
        "20" : 0.010000,
        "50" : 0.010000,
        "100" : 0.010000,
        "250" : 0.015808,
        "500" : 0.010000,
        "750" : 0.000000,
        "1000" : 0.000000,
        "2000" : 0.000000,
        ">=2000" : 0.000000
      },
      "latency_depth" : 1,
      "latency_target" : 0,
      "latency_percentile" : 100.000000,
      "latency_window" : 0
    }
  ],
  "disk_util" : [
    {
      "name" : "sdd",
      "read_ios" : 0,
      "write_ios" : 289535,
      "read_sectors" : 0,
      "write_sectors" : 2323416,
      "read_merges" : 0,
      "write_merges" : 63,
      "read_ticks" : 0,
      "write_ticks" : 24475,
      "in_queue" : 24506,
      "util" : 76.143453
    }
  ]
}
