{
  "fio version" : "fio-3.36",
  "timestamp" : 1775099846,
  "timestamp_ms" : 1775099846068,
  "time" : "Thu Apr  2 11:17:26 2026",
  "jobs" : [
    {
      "jobname" : "queue_1x1_rand_read",
      "groupid" : 0,
      "job_start" : 1775099816020,
      "error" : 0,
      "eta" : 0,
      "elapsed" : 31,
      "job options" : {
        "name" : "queue_1x1_rand_read",
        "filename" : "fio_test_file",
        "rw" : "randread",
        "bs" : "4k",
        "ioengine" : "libaio",
        "numjobs" : "1",
        "iodepth" : "1",
        "size" : "1G",
        "time_based" : "1",
        "runtime" : "30",
        "direct" : "1",
        "group_reporting" : "1"
      },
      "read" : {
        "io_bytes" : 750206976,
        "io_kbytes" : 732624,
        "bw_bytes" : 25006065,
        "bw" : 24419,
        "iops" : 6104.996500,
        "runtime" : 30001,
        "total_ios" : 183156,
        "short_ios" : 0,
        "drop_ios" : 0,
        "slat_ns" : {
          "min" : 2206,
          "max" : 234419,
          "mean" : 6124.822375,
          "stddev" : 5177.900879,
          "N" : 183156
        },
        "clat_ns" : {
          "min" : 55945,
          "max" : 7082129,
          "mean" : 156522.615120,
          "stddev" : 122295.310960,
          "N" : 183156,
          "percentile" : {
            "1.000000" : 88576,
            "5.000000" : 93696,
            "10.000000" : 99840,
            "20.000000" : 118272,
            "30.000000" : 126464,
            "40.000000" : 132096,
            "50.000000" : 138240,
            "60.000000" : 146432,
            "70.000000" : 158720,
            "80.000000" : 173056,
            "90.000000" : 199680,
            "95.000000" : 236544,
            "99.000000" : 448512,
            "99.500000" : 806912,
            "99.900000" : 1744896,
            "99.950000" : 1990656,
            "99.990000" : 3358720
          }
        },
        "lat_ns" : {
          "min" : 80333,
          "max" : 7094740,
          "mean" : 162647.437496,
          "stddev" : 123719.587959,
          "N" : 183156
        },
        "bw_min" : 14744,
        "bw_max" : 31192,
        "bw_agg" : 99.881305,
        "bw_mean" : 24391.728814,
        "bw_dev" : 2891.553441,
        "bw_samples" : 59,
        "iops_min" : 3686,
        "iops_max" : 7798,
        "iops_mean" : 6097.932203,
        "iops_stddev" : 722.888360,
        "iops_samples" : 59
      },
      "write" : {
        "io_bytes" : 0,
        "io_kbytes" : 0,
        "bw_bytes" : 0,
        "bw" : 0,
        "iops" : 0.000000,
        "runtime" : 0,
        "total_ios" : 0,
        "short_ios" : 0,
        "drop_ios" : 0,
        "slat_ns" : {
          "min" : 0,
          "max" : 0,
          "mean" : 0.000000,
          "stddev" : 0.000000,
          "N" : 0
        },
        "clat_ns" : {
          "min" : 0,
          "max" : 0,
          "mean" : 0.000000,
          "stddev" : 0.000000,
          "N" : 0
        },
        "lat_ns" : {
          "min" : 0,
          "max" : 0,
          "mean" : 0.000000,
          "stddev" : 0.000000,
          "N" : 0
        },
        "bw_min" : 0,
        "bw_max" : 0,
        "bw_agg" : 0.000000,
        "bw_mean" : 0.000000,
        "bw_dev" : 0.000000,
        "bw_samples" : 0,
        "iops_min" : 0,
        "iops_max" : 0,
        "iops_mean" : 0.000000,
        "iops_stddev" : 0.000000,
        "iops_samples" : 0
      },
      "trim" : {
        "io_bytes" : 0,
        "io_kbytes" : 0,
        "bw_bytes" : 0,
        "bw" : 0,
        "iops" : 0.000000,
        "runtime" : 0,
        "total_ios" : 0,
        "short_ios" : 0,
        "drop_ios" : 0,
        "slat_ns" : {
          "min" : 0,
          "max" : 0,
          "mean" : 0.000000,
          "stddev" : 0.000000,
          "N" : 0
        },
        "clat_ns" : {
          "min" : 0,
          "max" : 0,
          "mean" : 0.000000,
          "stddev" : 0.000000,
          "N" : 0
        },
        "lat_ns" : {
          "min" : 0,
          "max" : 0,
          "mean" : 0.000000,
          "stddev" : 0.000000,
          "N" : 0
        },
        "bw_min" : 0,
        "bw_max" : 0,
        "bw_agg" : 0.000000,
        "bw_mean" : 0.000000,
        "bw_dev" : 0.000000,
        "bw_samples" : 0,
        "iops_min" : 0,
        "iops_max" : 0,
        "iops_mean" : 0.000000,
        "iops_stddev" : 0.000000,
        "iops_samples" : 0
      },
      "sync" : {
        "total_ios" : 0,
        "lat_ns" : {
          "min" : 0,
          "max" : 0,
          "mean" : 0.000000,
          "stddev" : 0.000000,
          "N" : 0
        }
      },
      "job_runtime" : 30000,
      "usr_cpu" : 1.923333,
      "sys_cpu" : 6.380000,
      "ctx" : 183161,
      "majf" : 0,
      "minf" : 11,
      "iodepth_level" : {
        "1" : 100.000000,
        "2" : 0.000000,
        "4" : 0.000000,
        "8" : 0.000000,
        "16" : 0.000000,
        "32" : 0.000000,
        ">=64" : 0.000000
      },
      "iodepth_submit" : {
        "0" : 0.000000,
        "4" : 100.000000,
        "8" : 0.000000,
        "16" : 0.000000,
        "32" : 0.000000,
        "64" : 0.000000,
        ">=64" : 0.000000
      },
      "iodepth_complete" : {
        "0" : 0.000000,
        "4" : 100.000000,
        "8" : 0.000000,
        "16" : 0.000000,
        "32" : 0.000000,
        "64" : 0.000000,
        ">=64" : 0.000000
      },
      "latency_ns" : {
        "2" : 0.000000,
        "4" : 0.000000,
        "10" : 0.000000,
        "20" : 0.000000,
        "50" : 0.000000,
        "100" : 0.000000,
        "250" : 0.000000,
        "500" : 0.000000,
        "750" : 0.000000,
        "1000" : 0.000000
      },
      "latency_us" : {
        "2" : 0.000000,
        "4" : 0.000000,
        "10" : 0.000000,
        "20" : 0.000000,
        "50" : 0.000000,
        "100" : 10.236083,
        "250" : 85.584420,
        "500" : 3.371989,
        "750" : 0.277359,
        "1000" : 0.099915
      },
      "latency_ms" : {
        "2" : 0.381096,
        "4" : 0.040949,
        "10" : 0.010000,
        "20" : 0.000000,
        "50" : 0.000000,
        "100" : 0.000000,
        "250" : 0.000000,
        "500" : 0.000000,
        "750" : 0.000000,
        "1000" : 0.000000,
        "2000" : 0.000000,
        ">=2000" : 0.000000
      },
      "latency_depth" : 1,
      "latency_target" : 0,
      "latency_percentile" : 100.000000,
      "latency_window" : 0
    }
  ],
  "disk_util" : [
    {
      "name" : "sdd",
      "read_ios" : 182508,
      "write_ios" : 59,
      "read_sectors" : 1460504,
      "write_sectors" : 8544,
      "read_merges" : 0,
      "write_merges" : 94,
      "read_ticks" : 27082,
      "write_ticks" : 54,
      "in_queue" : 27147,
      "util" : 84.945125
    }
  ]
}
