{
  "fio version" : "fio-3.36",
  "timestamp" : 1775099936,
  "timestamp_ms" : 1775099936931,
  "time" : "Thu Apr  2 11:18:56 2026",
  "jobs" : [
    {
      "jobname" : "queue_4x1_rand_read",
      "groupid" : 0,
      "job_start" : 1775099906875,
      "error" : 0,
      "eta" : 0,
      "elapsed" : 31,
      "job options" : {
        "name" : "queue_4x1_rand_read",
        "filename" : "fio_test_file",
        "rw" : "randread",
        "bs" : "4k",
        "ioengine" : "libaio",
        "numjobs" : "4",
        "iodepth" : "1",
        "size" : "1G",
        "time_based" : "1",
        "runtime" : "30",
        "direct" : "1",
        "group_reporting" : "1"
      },
      "read" : {
        "io_bytes" : 3190878208,
        "io_kbytes" : 3116092,
        "bw_bytes" : 106359061,
        "bw" : 103866,
        "iops" : 25966.567781,
        "runtime" : 30001,
        "total_ios" : 779023,
        "short_ios" : 0,
        "drop_ios" : 0,
        "slat_ns" : {
          "min" : 1471,
          "max" : 161779,
          "mean" : 6006.642043,
          "stddev" : 4844.013480,
          "N" : 779023
        },
        "clat_ns" : {
          "min" : 1208,
          "max" : 1796916,
          "mean" : 146940.402159,
          "stddev" : 39537.556745,
          "N" : 779023,
          "percentile" : {
            "1.000000" : 92672,
            "5.000000" : 99840,
            "10.000000" : 104960,
            "20.000000" : 119296,
            "30.000000" : 130560,
            "40.000000" : 136192,
            "50.000000" : 140288,
            "60.000000" : 146432,
            "70.000000" : 154624,
            "80.000000" : 168960,
            "90.000000" : 193536,
            "95.000000" : 214016,
            "99.000000" : 272384,
            "99.500000" : 301056,
            "99.900000" : 382976,
            "99.950000" : 423936,
            "99.990000" : 1073152
          }
        },
        "lat_ns" : {
          "min" : 77516,
          "max" : 1801197,
          "mean" : 152947.044202,
          "stddev" : 40227.747009,
          "N" : 779023
        },
        "bw_min" : 100688,
        "bw_max" : 106816,
        "bw_agg" : 100.000000,
        "bw_mean" : 103941.152542,
        "bw_dev" : 343.267896,
        "bw_samples" : 236,
        "iops_min" : 25172,
        "iops_max" : 26704,
        "iops_mean" : 25985.288136,
        "iops_stddev" : 85.816974,
        "iops_samples" : 236
      },
      "write" : {
        "io_bytes" : 0,
        "io_kbytes" : 0,
        "bw_bytes" : 0,
        "bw" : 0,
        "iops" : 0.000000,
        "runtime" : 0,
        "total_ios" : 0,
        "short_ios" : 0,
        "drop_ios" : 0,
        "slat_ns" : {
          "min" : 0,
          "max" : 0,
          "mean" : 0.000000,
          "stddev" : 0.000000,
          "N" : 0
        },
        "clat_ns" : {
          "min" : 0,
          "max" : 0,
          "mean" : 0.000000,
          "stddev" : 0.000000,
          "N" : 0
        },
        "lat_ns" : {
          "min" : 0,
          "max" : 0,
          "mean" : 0.000000,
          "stddev" : 0.000000,
          "N" : 0
        },
        "bw_min" : 0,
        "bw_max" : 0,
        "bw_agg" : 0.000000,
        "bw_mean" : 0.000000,
        "bw_dev" : 0.000000,
        "bw_samples" : 0,
        "iops_min" : 0,
        "iops_max" : 0,
        "iops_mean" : 0.000000,
        "iops_stddev" : 0.000000,
        "iops_samples" : 0
      },
      "trim" : {
        "io_bytes" : 0,
        "io_kbytes" : 0,
        "bw_bytes" : 0,
        "bw" : 0,
        "iops" : 0.000000,
        "runtime" : 0,
        "total_ios" : 0,
        "short_ios" : 0,
        "drop_ios" : 0,
        "slat_ns" : {
          "min" : 0,
          "max" : 0,
          "mean" : 0.000000,
          "stddev" : 0.000000,
          "N" : 0
        },
        "clat_ns" : {
          "min" : 0,
          "max" : 0,
          "mean" : 0.000000,
          "stddev" : 0.000000,
          "N" : 0
        },
        "lat_ns" : {
          "min" : 0,
          "max" : 0,
          "mean" : 0.000000,
          "stddev" : 0.000000,
          "N" : 0
        },
        "bw_min" : 0,
        "bw_max" : 0,
        "bw_agg" : 0.000000,
        "bw_mean" : 0.000000,
        "bw_dev" : 0.000000,
        "bw_samples" : 0,
        "iops_min" : 0,
        "iops_max" : 0,
        "iops_mean" : 0.000000,
        "iops_stddev" : 0.000000,
        "iops_samples" : 0
      },
      "sync" : {
        "total_ios" : 0,
        "lat_ns" : {
          "min" : 0,
          "max" : 0,
          "mean" : 0.000000,
          "stddev" : 0.000000,
          "N" : 0
        }
      },
      "job_runtime" : 120000,
      "usr_cpu" : 2.135000,
      "sys_cpu" : 7.782500,
      "ctx" : 779036,
      "majf" : 0,
      "minf" : 49,
      "iodepth_level" : {
        "1" : 100.000000,
        "2" : 0.000000,
        "4" : 0.000000,
        "8" : 0.000000,
        "16" : 0.000000,
        "32" : 0.000000,
        ">=64" : 0.000000
      },
      "iodepth_submit" : {
        "0" : 0.000000,
        "4" : 100.000000,
        "8" : 0.000000,
        "16" : 0.000000,
        "32" : 0.000000,
        "64" : 0.000000,
        ">=64" : 0.000000
      },
      "iodepth_complete" : {
        "0" : 0.000000,
        "4" : 100.000000,
        "8" : 0.000000,
        "16" : 0.000000,
        "32" : 0.000000,
        "64" : 0.000000,
        ">=64" : 0.000000
      },
      "latency_ns" : {
        "2" : 0.000000,
        "4" : 0.000000,
        "10" : 0.000000,
        "20" : 0.000000,
        "50" : 0.000000,
        "100" : 0.000000,
        "250" : 0.000000,
        "500" : 0.000000,
        "750" : 0.000000,
        "1000" : 0.000000
      },
      "latency_us" : {
        "2" : 0.010000,
        "4" : 0.000000,
        "10" : 0.010000,
        "20" : 0.000000,
        "50" : 0.010000,
        "100" : 5.469158,
        "250" : 92.736158,
        "500" : 1.770166,
        "750" : 0.010000,
        "1000" : 0.010000
      },
      "latency_ms" : {
        "2" : 0.010654,
        "4" : 0.000000,
        "10" : 0.000000,
        "20" : 0.000000,
        "50" : 0.000000,
        "100" : 0.000000,
        "250" : 0.000000,
        "500" : 0.000000,
        "750" : 0.000000,
        "1000" : 0.000000,
        "2000" : 0.000000,
        ">=2000" : 0.000000
      },
      "latency_depth" : 1,
      "latency_target" : 0,
      "latency_percentile" : 100.000000,
      "latency_window" : 0
    }
  ],
  "disk_util" : [
    {
      "name" : "sdd",
      "read_ios" : 776369,
      "write_ios" : 44,
      "read_sectors" : 6210952,
      "write_sectors" : 7184,
      "read_merges" : 0,
      "write_merges" : 62,
      "read_ticks" : 108075,
      "write_ticks" : 20,
      "in_queue" : 108099,
      "util" : 100.000000
    }
  ]
}
