{
  "fio version" : "fio-3.36",
  "timestamp" : 1775100393,
  "timestamp_ms" : 1775100393178,
  "time" : "Thu Apr  2 11:26:33 2026",
  "jobs" : [
    {
      "jobname" : "queue_8x64_rand_write",
      "groupid" : 0,
      "job_start" : 1775100348216,
      "error" : 0,
      "eta" : 0,
      "elapsed" : 31,
      "job options" : {
        "name" : "queue_8x64_rand_write",
        "filename" : "fio_test_file",
        "rw" : "randwrite",
        "bs" : "4k",
        "ioengine" : "libaio",
        "numjobs" : "8",
        "iodepth" : "64",
        "size" : "1G",
        "time_based" : "1",
        "runtime" : "30",
        "direct" : "1",
        "group_reporting" : "1"
      },
      "read" : {
        "io_bytes" : 0,
        "io_kbytes" : 0,
        "bw_bytes" : 0,
        "bw" : 0,
        "iops" : 0.000000,
        "runtime" : 0,
        "total_ios" : 0,
        "short_ios" : 0,
        "drop_ios" : 0,
        "slat_ns" : {
          "min" : 0,
          "max" : 0,
          "mean" : 0.000000,
          "stddev" : 0.000000,
          "N" : 0
        },
        "clat_ns" : {
          "min" : 0,
          "max" : 0,
          "mean" : 0.000000,
          "stddev" : 0.000000,
          "N" : 0
        },
        "lat_ns" : {
          "min" : 0,
          "max" : 0,
          "mean" : 0.000000,
          "stddev" : 0.000000,
          "N" : 0
        },
        "bw_min" : 0,
        "bw_max" : 0,
        "bw_agg" : 0.000000,
        "bw_mean" : 0.000000,
        "bw_dev" : 0.000000,
        "bw_samples" : 0,
        "iops_min" : 0,
        "iops_max" : 0,
        "iops_mean" : 0.000000,
        "iops_stddev" : 0.000000,
        "iops_samples" : 0
      },
      "write" : {
        "io_bytes" : 2846404608,
        "io_kbytes" : 2779692,
        "bw_bytes" : 94788524,
        "bw" : 92566,
        "iops" : 23141.729661,
        "runtime" : 30029,
        "total_ios" : 694923,
        "short_ios" : 0,
        "drop_ios" : 0,
        "slat_ns" : {
          "min" : 907,
          "max" : 74651729,
          "mean" : 4139.988851,
          "stddev" : 187632.495441,
          "N" : 694923
        },
        "clat_ns" : {
          "min" : 221735,
          "max" : 458694169,
          "mean" : 22117804.625295,
          "stddev" : 33122721.622312,
          "N" : 694923,
          "percentile" : {
            "1.000000" : 1777664,
            "5.000000" : 2342912,
            "10.000000" : 2736128,
            "20.000000" : 4014080,
            "30.000000" : 5144576,
            "40.000000" : 6258688,
            "50.000000" : 7569408,
            "60.000000" : 9895936,
            "70.000000" : 13828096,
            "80.000000" : 50593792,
            "90.000000" : 71827456,
            "95.000000" : 79167488,
            "99.000000" : 92798976,
            "99.500000" : 123207680,
            "99.900000" : 383778816,
            "99.950000" : 442499072,
            "99.990000" : 455081984
          }
        },
        "lat_ns" : {
          "min" : 229458,
          "max" : 458696453,
          "mean" : 22121944.614146,
          "stddev" : 33122681.786852,
          "N" : 694923
        },
        "bw_min" : 8376,
        "bw_max" : 321888,
        "bw_agg" : 100.000000,
        "bw_mean" : 92629.100000,
        "bw_dev" : 8163.843235,
        "bw_samples" : 480,
        "iops_min" : 2094,
        "iops_max" : 80472,
        "iops_mean" : 23156.400000,
        "iops_stddev" : 2040.980652,
        "iops_samples" : 480
      },
      "trim" : {
        "io_bytes" : 0,
        "io_kbytes" : 0,
        "bw_bytes" : 0,
        "bw" : 0,
        "iops" : 0.000000,
        "runtime" : 0,
        "total_ios" : 0,
        "short_ios" : 0,
        "drop_ios" : 0,
        "slat_ns" : {
          "min" : 0,
          "max" : 0,
          "mean" : 0.000000,
          "stddev" : 0.000000,
          "N" : 0
        },
        "clat_ns" : {
          "min" : 0,
          "max" : 0,
          "mean" : 0.000000,
          "stddev" : 0.000000,
          "N" : 0
        },
        "lat_ns" : {
          "min" : 0,
          "max" : 0,
          "mean" : 0.000000,
          "stddev" : 0.000000,
          "N" : 0
        },
        "bw_min" : 0,
        "bw_max" : 0,
        "bw_agg" : 0.000000,
        "bw_mean" : 0.000000,
        "bw_dev" : 0.000000,
        "bw_samples" : 0,
        "iops_min" : 0,
        "iops_max" : 0,
        "iops_mean" : 0.000000,
        "iops_stddev" : 0.000000,
        "iops_samples" : 0
      },
      "sync" : {
        "total_ios" : 0,
        "lat_ns" : {
          "min" : 0,
          "max" : 0,
          "mean" : 0.000000,
          "stddev" : 0.000000,
          "N" : 0
        }
      },
      "job_runtime" : 240212,
      "usr_cpu" : 0.539523,
      "sys_cpu" : 1.330908,
      "ctx" : 107378,
      "majf" : 0,
      "minf" : 99,
      "iodepth_level" : {
        "1" : 0.100000,
        "2" : 0.100000,
        "4" : 0.100000,
        "8" : 0.100000,
        "16" : 0.100000,
        "32" : 0.100000,
        ">=64" : 99.927474
      },
      "iodepth_submit" : {
        "0" : 0.000000,
        "4" : 100.000000,
        "8" : 0.000000,
        "16" : 0.000000,
        "32" : 0.000000,
        "64" : 0.000000,
        ">=64" : 0.000000
      },
      "iodepth_complete" : {
        "0" : 0.000000,
        "4" : 99.998848,
        "8" : 0.000000,
        "16" : 0.000000,
        "32" : 0.000000,
        "64" : 0.100000,
        ">=64" : 0.000000
      },
      "latency_ns" : {
        "2" : 0.000000,
        "4" : 0.000000,
        "10" : 0.000000,
        "20" : 0.000000,
        "50" : 0.000000,
        "100" : 0.000000,
        "250" : 0.000000,
        "500" : 0.000000,
        "750" : 0.000000,
        "1000" : 0.000000
      },
      "latency_us" : {
        "2" : 0.000000,
        "4" : 0.000000,
        "10" : 0.000000,
        "20" : 0.000000,
        "50" : 0.000000,
        "100" : 0.000000,
        "250" : 0.010000,
        "500" : 0.010000,
        "750" : 0.017988,
        "1000" : 0.019427
      },
      "latency_ms" : {
        "2" : 2.360405,
        "4" : 17.540361,
        "10" : 40.588238,
        "20" : 15.653965,
        "50" : 3.701993,
        "100" : 19.420713,
        "250" : 0.434724,
        "500" : 0.255568,
        "750" : 0.000000,
        "1000" : 0.000000,
        "2000" : 0.000000,
        ">=2000" : 0.000000
      },
      "latency_depth" : 64,
      "latency_target" : 0,
      "latency_percentile" : 100.000000,
      "latency_window" : 0
    }
  ],
  "disk_util" : [
    {
      "name" : "sdd",
      "read_ios" : 0,
      "write_ios" : 693647,
      "read_sectors" : 0,
      "write_sectors" : 5557920,
      "read_merges" : 0,
      "write_merges" : 87,
      "read_ticks" : 0,
      "write_ticks" : 15845414,
      "in_queue" : 15845682,
      "util" : 100.000000
    }
  ]
}
