{
  "fio version" : "fio-3.36",
  "timestamp" : 1775100287,
  "timestamp_ms" : 1775100287276,
  "time" : "Thu Apr  2 11:24:47 2026",
  "jobs" : [
    {
      "jobname" : "queue_4x64_rand_write",
      "groupid" : 0,
      "job_start" : 1775100257221,
      "error" : 0,
      "eta" : 0,
      "elapsed" : 31,
      "job options" : {
        "name" : "queue_4x64_rand_write",
        "filename" : "fio_test_file",
        "rw" : "randwrite",
        "bs" : "4k",
        "ioengine" : "libaio",
        "numjobs" : "4",
        "iodepth" : "64",
        "size" : "1G",
        "time_based" : "1",
        "runtime" : "30",
        "direct" : "1",
        "group_reporting" : "1"
      },
      "read" : {
        "io_bytes" : 0,
        "io_kbytes" : 0,
        "bw_bytes" : 0,
        "bw" : 0,
        "iops" : 0.000000,
        "runtime" : 0,
        "total_ios" : 0,
        "short_ios" : 0,
        "drop_ios" : 0,
        "slat_ns" : {
          "min" : 0,
          "max" : 0,
          "mean" : 0.000000,
          "stddev" : 0.000000,
          "N" : 0
        },
        "clat_ns" : {
          "min" : 0,
          "max" : 0,
          "mean" : 0.000000,
          "stddev" : 0.000000,
          "N" : 0
        },
        "lat_ns" : {
          "min" : 0,
          "max" : 0,
          "mean" : 0.000000,
          "stddev" : 0.000000,
          "N" : 0
        },
        "bw_min" : 0,
        "bw_max" : 0,
        "bw_agg" : 0.000000,
        "bw_mean" : 0.000000,
        "bw_dev" : 0.000000,
        "bw_samples" : 0,
        "iops_min" : 0,
        "iops_max" : 0,
        "iops_mean" : 0.000000,
        "iops_stddev" : 0.000000,
        "iops_samples" : 0
      },
      "write" : {
        "io_bytes" : 1411297280,
        "io_kbytes" : 1378220,
        "bw_bytes" : 47036971,
        "bw" : 45934,
        "iops" : 11483.635515,
        "runtime" : 30004,
        "total_ios" : 344555,
        "short_ios" : 0,
        "drop_ios" : 0,
        "slat_ns" : {
          "min" : 887,
          "max" : 13003220,
          "mean" : 2776.634688,
          "stddev" : 64034.228739,
          "N" : 344555
        },
        "clat_ns" : {
          "min" : 190169,
          "max" : 316444083,
          "mean" : 22287773.457254,
          "stddev" : 42878474.749004,
          "N" : 344555,
          "percentile" : {
            "1.000000" : 1564672,
            "5.000000" : 2801664,
            "10.000000" : 3522560,
            "20.000000" : 4358144,
            "30.000000" : 4947968,
            "40.000000" : 5537792,
            "50.000000" : 6193152,
            "60.000000" : 6782976,
            "70.000000" : 7438336,
            "80.000000" : 8454144,
            "90.000000" : 96993280,
            "95.000000" : 129499136,
            "99.000000" : 183500800,
            "99.500000" : 196083712,
            "99.900000" : 267386880,
            "99.950000" : 304087040,
            "99.990000" : 312475648
          }
        },
        "lat_ns" : {
          "min" : 192274,
          "max" : 316446755,
          "mean" : 22290550.091942,
          "stddev" : 42878173.368550,
          "N" : 344555
        },
        "bw_min" : 26984,
        "bw_max" : 68200,
        "bw_agg" : 99.911740,
        "bw_mean" : 45894.203390,
        "bw_dev" : 2011.269634,
        "bw_samples" : 236,
        "iops_min" : 6746,
        "iops_max" : 17050,
        "iops_mean" : 11473.016949,
        "iops_stddev" : 502.770961,
        "iops_samples" : 236
      },
      "trim" : {
        "io_bytes" : 0,
        "io_kbytes" : 0,
        "bw_bytes" : 0,
        "bw" : 0,
        "iops" : 0.000000,
        "runtime" : 0,
        "total_ios" : 0,
        "short_ios" : 0,
        "drop_ios" : 0,
        "slat_ns" : {
          "min" : 0,
          "max" : 0,
          "mean" : 0.000000,
          "stddev" : 0.000000,
          "N" : 0
        },
        "clat_ns" : {
          "min" : 0,
          "max" : 0,
          "mean" : 0.000000,
          "stddev" : 0.000000,
          "N" : 0
        },
        "lat_ns" : {
          "min" : 0,
          "max" : 0,
          "mean" : 0.000000,
          "stddev" : 0.000000,
          "N" : 0
        },
        "bw_min" : 0,
        "bw_max" : 0,
        "bw_agg" : 0.000000,
        "bw_mean" : 0.000000,
        "bw_dev" : 0.000000,
        "bw_samples" : 0,
        "iops_min" : 0,
        "iops_max" : 0,
        "iops_mean" : 0.000000,
        "iops_stddev" : 0.000000,
        "iops_samples" : 0
      },
      "sync" : {
        "total_ios" : 0,
        "lat_ns" : {
          "min" : 0,
          "max" : 0,
          "mean" : 0.000000,
          "stddev" : 0.000000,
          "N" : 0
        }
      },
      "job_runtime" : 120006,
      "usr_cpu" : 0.368315,
      "sys_cpu" : 0.780794,
      "ctx" : 17159,
      "majf" : 0,
      "minf" : 45,
      "iodepth_level" : {
        "1" : 0.100000,
        "2" : 0.100000,
        "4" : 0.100000,
        "8" : 0.100000,
        "16" : 0.100000,
        "32" : 0.100000,
        ">=64" : 99.926862
      },
      "iodepth_submit" : {
        "0" : 0.000000,
        "4" : 100.000000,
        "8" : 0.000000,
        "16" : 0.000000,
        "32" : 0.000000,
        "64" : 0.000000,
        ">=64" : 0.000000
      },
      "iodepth_complete" : {
        "0" : 0.000000,
        "4" : 99.998838,
        "8" : 0.000000,
        "16" : 0.000000,
        "32" : 0.000000,
        "64" : 0.100000,
        ">=64" : 0.000000
      },
      "latency_ns" : {
        "2" : 0.000000,
        "4" : 0.000000,
        "10" : 0.000000,
        "20" : 0.000000,
        "50" : 0.000000,
        "100" : 0.000000,
        "250" : 0.000000,
        "500" : 0.000000,
        "750" : 0.000000,
        "1000" : 0.000000
      },
      "latency_us" : {
        "2" : 0.000000,
        "4" : 0.000000,
        "10" : 0.000000,
        "20" : 0.000000,
        "50" : 0.000000,
        "100" : 0.000000,
        "250" : 0.010000,
        "500" : 0.037440,
        "750" : 0.044986,
        "1000" : 0.060658
      },
      "latency_ms" : {
        "2" : 2.034218,
        "4" : 12.600311,
        "10" : 69.098112,
        "20" : 1.360015,
        "50" : 0.509353,
        "100" : 4.528740,
        "250" : 9.496597,
        "500" : 0.222896,
        "750" : 0.000000,
        "1000" : 0.000000,
        "2000" : 0.000000,
        ">=2000" : 0.000000
      },
      "latency_depth" : 64,
      "latency_target" : 0,
      "latency_percentile" : 100.000000,
      "latency_window" : 0
    }
  ],
  "disk_util" : [
    {
      "name" : "sdd",
      "read_ios" : 0,
      "write_ios" : 341288,
      "read_sectors" : 0,
      "write_sectors" : 2738560,
      "read_merges" : 0,
      "write_merges" : 79,
      "read_ticks" : 0,
      "write_ticks" : 7573331,
      "in_queue" : 7573674,
      "util" : 99.715500
    }
  ]
}
