{
  "fio version" : "fio-3.36",
  "timestamp" : 1775100317,
  "timestamp_ms" : 1775100317590,
  "time" : "Thu Apr  2 11:25:17 2026",
  "jobs" : [
    {
      "jobname" : "queue_8x1_rand_write",
      "groupid" : 0,
      "job_start" : 1775100287531,
      "error" : 0,
      "eta" : 0,
      "elapsed" : 31,
      "job options" : {
        "name" : "queue_8x1_rand_write",
        "filename" : "fio_test_file",
        "rw" : "randwrite",
        "bs" : "4k",
        "ioengine" : "libaio",
        "numjobs" : "8",
        "iodepth" : "1",
        "size" : "1G",
        "time_based" : "1",
        "runtime" : "30",
        "direct" : "1",
        "group_reporting" : "1"
      },
      "read" : {
        "io_bytes" : 0,
        "io_kbytes" : 0,
        "bw_bytes" : 0,
        "bw" : 0,
        "iops" : 0.000000,
        "runtime" : 0,
        "total_ios" : 0,
        "short_ios" : 0,
        "drop_ios" : 0,
        "slat_ns" : {
          "min" : 0,
          "max" : 0,
          "mean" : 0.000000,
          "stddev" : 0.000000,
          "N" : 0
        },
        "clat_ns" : {
          "min" : 0,
          "max" : 0,
          "mean" : 0.000000,
          "stddev" : 0.000000,
          "N" : 0
        },
        "lat_ns" : {
          "min" : 0,
          "max" : 0,
          "mean" : 0.000000,
          "stddev" : 0.000000,
          "N" : 0
        },
        "bw_min" : 0,
        "bw_max" : 0,
        "bw_agg" : 0.000000,
        "bw_mean" : 0.000000,
        "bw_dev" : 0.000000,
        "bw_samples" : 0,
        "iops_min" : 0,
        "iops_max" : 0,
        "iops_mean" : 0.000000,
        "iops_stddev" : 0.000000,
        "iops_samples" : 0
      },
      "write" : {
        "io_bytes" : 2382532608,
        "io_kbytes" : 2326692,
        "bw_bytes" : 79404519,
        "bw" : 77543,
        "iops" : 19385.869022,
        "runtime" : 30005,
        "total_ios" : 581673,
        "short_ios" : 0,
        "drop_ios" : 0,
        "slat_ns" : {
          "min" : 1565,
          "max" : 2679076,
          "mean" : 6733.313075,
          "stddev" : 5765.923425,
          "N" : 581673
        },
        "clat_ns" : {
          "min" : 645,
          "max" : 426686163,
          "mean" : 404683.926662,
          "stddev" : 4784975.151800,
          "N" : 581673,
          "percentile" : {
            "1.000000" : 48896,
            "5.000000" : 55552,
            "10.000000" : 59136,
            "20.000000" : 64768,
            "30.000000" : 69120,
            "40.000000" : 75264,
            "50.000000" : 81408,
            "60.000000" : 89600,
            "70.000000" : 100864,
            "80.000000" : 119296,
            "90.000000" : 162816,
            "95.000000" : 366592,
            "99.000000" : 2023424,
            "99.500000" : 12124160,
            "99.900000" : 70778880,
            "99.950000" : 78118912,
            "99.990000" : 137363456
          }
        },
        "lat_ns" : {
          "min" : 34804,
          "max" : 426691778,
          "mean" : 411417.239736,
          "stddev" : 4784942.934370,
          "N" : 581673
        },
        "bw_min" : 8184,
        "bw_max" : 265032,
        "bw_agg" : 100.000000,
        "bw_mean" : 77960.406780,
        "bw_dev" : 6225.114170,
        "bw_samples" : 472,
        "iops_min" : 2046,
        "iops_max" : 66258,
        "iops_mean" : 19490.101695,
        "iops_stddev" : 1556.278543,
        "iops_samples" : 472
      },
      "trim" : {
        "io_bytes" : 0,
        "io_kbytes" : 0,
        "bw_bytes" : 0,
        "bw" : 0,
        "iops" : 0.000000,
        "runtime" : 0,
        "total_ios" : 0,
        "short_ios" : 0,
        "drop_ios" : 0,
        "slat_ns" : {
          "min" : 0,
          "max" : 0,
          "mean" : 0.000000,
          "stddev" : 0.000000,
          "N" : 0
        },
        "clat_ns" : {
          "min" : 0,
          "max" : 0,
          "mean" : 0.000000,
          "stddev" : 0.000000,
          "N" : 0
        },
        "lat_ns" : {
          "min" : 0,
          "max" : 0,
          "mean" : 0.000000,
          "stddev" : 0.000000,
          "N" : 0
        },
        "bw_min" : 0,
        "bw_max" : 0,
        "bw_agg" : 0.000000,
        "bw_mean" : 0.000000,
        "bw_dev" : 0.000000,
        "bw_samples" : 0,
        "iops_min" : 0,
        "iops_max" : 0,
        "iops_mean" : 0.000000,
        "iops_stddev" : 0.000000,
        "iops_samples" : 0
      },
      "sync" : {
        "total_ios" : 0,
        "lat_ns" : {
          "min" : 0,
          "max" : 0,
          "mean" : 0.000000,
          "stddev" : 0.000000,
          "N" : 0
        }
      },
      "job_runtime" : 240032,
      "usr_cpu" : 1.056526,
      "sys_cpu" : 2.797960,
      "ctx" : 581681,
      "majf" : 0,
      "minf" : 98,
      "iodepth_level" : {
        "1" : 100.000000,
        "2" : 0.000000,
        "4" : 0.000000,
        "8" : 0.000000,
        "16" : 0.000000,
        "32" : 0.000000,
        ">=64" : 0.000000
      },
      "iodepth_submit" : {
        "0" : 0.000000,
        "4" : 100.000000,
        "8" : 0.000000,
        "16" : 0.000000,
        "32" : 0.000000,
        "64" : 0.000000,
        ">=64" : 0.000000
      },
      "iodepth_complete" : {
        "0" : 0.000000,
        "4" : 100.000000,
        "8" : 0.000000,
        "16" : 0.000000,
        "32" : 0.000000,
        "64" : 0.000000,
        ">=64" : 0.000000
      },
      "latency_ns" : {
        "2" : 0.000000,
        "4" : 0.000000,
        "10" : 0.000000,
        "20" : 0.000000,
        "50" : 0.000000,
        "100" : 0.000000,
        "250" : 0.000000,
        "500" : 0.000000,
        "750" : 0.010000,
        "1000" : 0.010000
      },
      "latency_us" : {
        "2" : 0.010000,
        "4" : 0.010000,
        "10" : 0.010000,
        "20" : 0.010000,
        "50" : 1.280616,
        "100" : 68.058686,
        "250" : 24.415780,
        "500" : 1.764050,
        "750" : 0.991279,
        "1000" : 0.760565
      },
      "latency_ms" : {
        "2" : 1.708520,
        "4" : 0.358793,
        "10" : 0.108136,
        "20" : 0.214725,
        "50" : 0.040229,
        "100" : 0.281945,
        "250" : 0.010000,
        "500" : 0.010000,
        "750" : 0.000000,
        "1000" : 0.000000,
        "2000" : 0.000000,
        ">=2000" : 0.000000
      },
      "latency_depth" : 1,
      "latency_target" : 0,
      "latency_percentile" : 100.000000,
      "latency_window" : 0
    }
  ],
  "disk_util" : [
    {
      "name" : "sdd",
      "read_ios" : 0,
      "write_ios" : 580496,
      "read_sectors" : 0,
      "write_sectors" : 4652752,
      "read_merges" : 0,
      "write_merges" : 74,
      "read_ticks" : 0,
      "write_ticks" : 219814,
      "in_queue" : 219953,
      "util" : 99.646455
    }
  ]
}
