{
  "fio version" : "fio-3.36",
  "timestamp" : 1775100347,
  "timestamp_ms" : 1775100347961,
  "time" : "Thu Apr  2 11:25:47 2026",
  "jobs" : [
    {
      "jobname" : "queue_8x16_rand_write",
      "groupid" : 0,
      "job_start" : 1775100317845,
      "error" : 0,
      "eta" : 0,
      "elapsed" : 31,
      "job options" : {
        "name" : "queue_8x16_rand_write",
        "filename" : "fio_test_file",
        "rw" : "randwrite",
        "bs" : "4k",
        "ioengine" : "libaio",
        "numjobs" : "8",
        "iodepth" : "16",
        "size" : "1G",
        "time_based" : "1",
        "runtime" : "30",
        "direct" : "1",
        "group_reporting" : "1"
      },
      "read" : {
        "io_bytes" : 0,
        "io_kbytes" : 0,
        "bw_bytes" : 0,
        "bw" : 0,
        "iops" : 0.000000,
        "runtime" : 0,
        "total_ios" : 0,
        "short_ios" : 0,
        "drop_ios" : 0,
        "slat_ns" : {
          "min" : 0,
          "max" : 0,
          "mean" : 0.000000,
          "stddev" : 0.000000,
          "N" : 0
        },
        "clat_ns" : {
          "min" : 0,
          "max" : 0,
          "mean" : 0.000000,
          "stddev" : 0.000000,
          "N" : 0
        },
        "lat_ns" : {
          "min" : 0,
          "max" : 0,
          "mean" : 0.000000,
          "stddev" : 0.000000,
          "N" : 0
        },
        "bw_min" : 0,
        "bw_max" : 0,
        "bw_agg" : 0.000000,
        "bw_mean" : 0.000000,
        "bw_dev" : 0.000000,
        "bw_samples" : 0,
        "iops_min" : 0,
        "iops_max" : 0,
        "iops_mean" : 0.000000,
        "iops_stddev" : 0.000000,
        "iops_samples" : 0
      },
      "write" : {
        "io_bytes" : 2861813760,
        "io_kbytes" : 2794740,
        "bw_bytes" : 95216055,
        "bw" : 92984,
        "iops" : 23246.107266,
        "runtime" : 30056,
        "total_ios" : 698685,
        "short_ios" : 0,
        "drop_ios" : 0,
        "slat_ns" : {
          "min" : 853,
          "max" : 59388916,
          "mean" : 3299.663952,
          "stddev" : 75080.712436,
          "N" : 698685
        },
        "clat_ns" : {
          "min" : 27168,
          "max" : 739965103,
          "mean" : 5501951.146419,
          "stddev" : 19894511.565017,
          "N" : 698685,
          "percentile" : {
            "1.000000" : 230400,
            "5.000000" : 468992,
            "10.000000" : 634880,
            "20.000000" : 872448,
            "30.000000" : 1056768,
            "40.000000" : 1253376,
            "50.000000" : 1499136,
            "60.000000" : 1810432,
            "70.000000" : 2310144,
            "80.000000" : 3194880,
            "90.000000" : 4751360,
            "95.000000" : 27394048,
            "99.000000" : 74973184,
            "99.500000" : 81264640,
            "99.900000" : 98041856,
            "99.950000" : 509607936,
            "99.990000" : 742391808
          }
        },
        "lat_ns" : {
          "min" : 56615,
          "max" : 739968356,
          "mean" : 5505250.810371,
          "stddev" : 19894495.301471,
          "N" : 698685
        },
        "bw_min" : 13840,
        "bw_max" : 332064,
        "bw_agg" : 100.000000,
        "bw_mean" : 94719.898305,
        "bw_dev" : 8812.487186,
        "bw_samples" : 472,
        "iops_min" : 3460,
        "iops_max" : 83016,
        "iops_mean" : 23679.966102,
        "iops_stddev" : 2203.122075,
        "iops_samples" : 472
      },
      "trim" : {
        "io_bytes" : 0,
        "io_kbytes" : 0,
        "bw_bytes" : 0,
        "bw" : 0,
        "iops" : 0.000000,
        "runtime" : 0,
        "total_ios" : 0,
        "short_ios" : 0,
        "drop_ios" : 0,
        "slat_ns" : {
          "min" : 0,
          "max" : 0,
          "mean" : 0.000000,
          "stddev" : 0.000000,
          "N" : 0
        },
        "clat_ns" : {
          "min" : 0,
          "max" : 0,
          "mean" : 0.000000,
          "stddev" : 0.000000,
          "N" : 0
        },
        "lat_ns" : {
          "min" : 0,
          "max" : 0,
          "mean" : 0.000000,
          "stddev" : 0.000000,
          "N" : 0
        },
        "bw_min" : 0,
        "bw_max" : 0,
        "bw_agg" : 0.000000,
        "bw_mean" : 0.000000,
        "bw_dev" : 0.000000,
        "bw_samples" : 0,
        "iops_min" : 0,
        "iops_max" : 0,
        "iops_mean" : 0.000000,
        "iops_stddev" : 0.000000,
        "iops_samples" : 0
      },
      "sync" : {
        "total_ios" : 0,
        "lat_ns" : {
          "min" : 0,
          "max" : 0,
          "mean" : 0.000000,
          "stddev" : 0.000000,
          "N" : 0
        }
      },
      "job_runtime" : 240429,
      "usr_cpu" : 0.516161,
      "sys_cpu" : 1.267734,
      "ctx" : 117729,
      "majf" : 0,
      "minf" : 101,
      "iodepth_level" : {
        "1" : 0.100000,
        "2" : 0.100000,
        "4" : 0.100000,
        "8" : 0.100000,
        "16" : 99.982825,
        "32" : 0.000000,
        ">=64" : 0.000000
      },
      "iodepth_submit" : {
        "0" : 0.000000,
        "4" : 100.000000,
        "8" : 0.000000,
        "16" : 0.000000,
        "32" : 0.000000,
        "64" : 0.000000,
        ">=64" : 0.000000
      },
      "iodepth_complete" : {
        "0" : 0.000000,
        "4" : 99.998855,
        "8" : 0.000000,
        "16" : 0.100000,
        "32" : 0.000000,
        "64" : 0.000000,
        ">=64" : 0.000000
      },
      "latency_ns" : {
        "2" : 0.000000,
        "4" : 0.000000,
        "10" : 0.000000,
        "20" : 0.000000,
        "50" : 0.000000,
        "100" : 0.000000,
        "250" : 0.000000,
        "500" : 0.000000,
        "750" : 0.000000,
        "1000" : 0.000000
      },
      "latency_us" : {
        "2" : 0.000000,
        "4" : 0.000000,
        "10" : 0.000000,
        "20" : 0.000000,
        "50" : 0.010000,
        "100" : 0.069989,
        "250" : 1.146153,
        "500" : 4.545968,
        "750" : 8.689896,
        "1000" : 12.449960
      },
      "latency_ms" : {
        "2" : 37.193871,
        "4" : 22.656419,
        "10" : 6.216535,
        "20" : 1.874092,
        "50" : 0.642922,
        "100" : 4.422308,
        "250" : 0.036640,
        "500" : 0.000000,
        "750" : 0.054960,
        "1000" : 0.000000,
        "2000" : 0.000000,
        ">=2000" : 0.000000
      },
      "latency_depth" : 16,
      "latency_target" : 0,
      "latency_percentile" : 100.000000,
      "latency_window" : 0
    }
  ],
  "disk_util" : [
    {
      "name" : "sdd",
      "read_ios" : 0,
      "write_ios" : 696906,
      "read_sectors" : 0,
      "write_sectors" : 5582072,
      "read_merges" : 0,
      "write_merges" : 77,
      "read_ticks" : 0,
      "write_ticks" : 3766324,
      "in_queue" : 3766569,
      "util" : 99.723140
    }
  ]
}
