{
  "fio version" : "fio-3.36",
  "timestamp" : 1775100000,
  "timestamp_ms" : 1775100000073,
  "time" : "Thu Apr  2 11:20:00 2026",
  "jobs" : [
    {
      "jobname" : "queue_4x64_rand_read",
      "groupid" : 0,
      "job_start" : 1775099967523,
      "error" : 0,
      "eta" : 0,
      "elapsed" : 31,
      "job options" : {
        "name" : "queue_4x64_rand_read",
        "filename" : "fio_test_file",
        "rw" : "randread",
        "bs" : "4k",
        "ioengine" : "libaio",
        "numjobs" : "4",
        "iodepth" : "64",
        "size" : "1G",
        "time_based" : "1",
        "runtime" : "30",
        "direct" : "1",
        "group_reporting" : "1"
      },
      "read" : {
        "io_bytes" : 26906824704,
        "io_kbytes" : 26276196,
        "bw_bytes" : 896834367,
        "bw" : 875814,
        "iops" : 218953.703086,
        "runtime" : 30002,
        "total_ios" : 6569049,
        "short_ios" : 0,
        "drop_ios" : 0,
        "slat_ns" : {
          "min" : 857,
          "max" : 2987285,
          "mean" : 2575.074620,
          "stddev" : 6014.351653,
          "N" : 6569049
        },
        "clat_ns" : {
          "min" : 65143,
          "max" : 10266541,
          "mean" : 1166118.698657,
          "stddev" : 575701.157233,
          "N" : 6569049,
          "percentile" : {
            "1.000000" : 333824,
            "5.000000" : 468992,
            "10.000000" : 577536,
            "20.000000" : 708608,
            "30.000000" : 798720,
            "40.000000" : 913408,
            "50.000000" : 1036288,
            "60.000000" : 1171456,
            "70.000000" : 1351680,
            "80.000000" : 1581056,
            "90.000000" : 1941504,
            "95.000000" : 2277376,
            "99.000000" : 2998272,
            "99.500000" : 3260416,
            "99.900000" : 3948544,
            "99.950000" : 4292608,
            "99.990000" : 6258688
          }
        },
        "lat_ns" : {
          "min" : 97581,
          "max" : 10267837,
          "mean" : 1168693.773277,
          "stddev" : 575704.864435,
          "N" : 6569049
        },
        "bw_min" : 739440,
        "bw_max" : 933408,
        "bw_agg" : 100.000000,
        "bw_mean" : 876523.816667,
        "bw_dev" : 6555.970743,
        "bw_samples" : 240,
        "iops_min" : 184860,
        "iops_max" : 233352,
        "iops_mean" : 219129.916667,
        "iops_stddev" : 1638.984995,
        "iops_samples" : 240
      },
      "write" : {
        "io_bytes" : 0,
        "io_kbytes" : 0,
        "bw_bytes" : 0,
        "bw" : 0,
        "iops" : 0.000000,
        "runtime" : 0,
        "total_ios" : 0,
        "short_ios" : 0,
        "drop_ios" : 0,
        "slat_ns" : {
          "min" : 0,
          "max" : 0,
          "mean" : 0.000000,
          "stddev" : 0.000000,
          "N" : 0
        },
        "clat_ns" : {
          "min" : 0,
          "max" : 0,
          "mean" : 0.000000,
          "stddev" : 0.000000,
          "N" : 0
        },
        "lat_ns" : {
          "min" : 0,
          "max" : 0,
          "mean" : 0.000000,
          "stddev" : 0.000000,
          "N" : 0
        },
        "bw_min" : 0,
        "bw_max" : 0,
        "bw_agg" : 0.000000,
        "bw_mean" : 0.000000,
        "bw_dev" : 0.000000,
        "bw_samples" : 0,
        "iops_min" : 0,
        "iops_max" : 0,
        "iops_mean" : 0.000000,
        "iops_stddev" : 0.000000,
        "iops_samples" : 0
      },
      "trim" : {
        "io_bytes" : 0,
        "io_kbytes" : 0,
        "bw_bytes" : 0,
        "bw" : 0,
        "iops" : 0.000000,
        "runtime" : 0,
        "total_ios" : 0,
        "short_ios" : 0,
        "drop_ios" : 0,
        "slat_ns" : {
          "min" : 0,
          "max" : 0,
          "mean" : 0.000000,
          "stddev" : 0.000000,
          "N" : 0
        },
        "clat_ns" : {
          "min" : 0,
          "max" : 0,
          "mean" : 0.000000,
          "stddev" : 0.000000,
          "N" : 0
        },
        "lat_ns" : {
          "min" : 0,
          "max" : 0,
          "mean" : 0.000000,
          "stddev" : 0.000000,
          "N" : 0
        },
        "bw_min" : 0,
        "bw_max" : 0,
        "bw_agg" : 0.000000,
        "bw_mean" : 0.000000,
        "bw_dev" : 0.000000,
        "bw_samples" : 0,
        "iops_min" : 0,
        "iops_max" : 0,
        "iops_mean" : 0.000000,
        "iops_stddev" : 0.000000,
        "iops_samples" : 0
      },
      "sync" : {
        "total_ios" : 0,
        "lat_ns" : {
          "min" : 0,
          "max" : 0,
          "mean" : 0.000000,
          "stddev" : 0.000000,
          "N" : 0
        }
      },
      "job_runtime" : 120004,
      "usr_cpu" : 6.778107,
      "sys_cpu" : 19.961001,
      "ctx" : 854677,
      "majf" : 0,
      "minf" : 300,
      "iodepth_level" : {
        "1" : 0.100000,
        "2" : 0.100000,
        "4" : 0.100000,
        "8" : 0.100000,
        "16" : 0.100000,
        "32" : 0.100000,
        ">=64" : 99.996164
      },
      "iodepth_submit" : {
        "0" : 0.000000,
        "4" : 100.000000,
        "8" : 0.000000,
        "16" : 0.000000,
        "32" : 0.000000,
        "64" : 0.000000,
        ">=64" : 0.000000
      },
      "iodepth_complete" : {
        "0" : 0.000000,
        "4" : 99.999939,
        "8" : 0.000000,
        "16" : 0.000000,
        "32" : 0.000000,
        "64" : 0.100000,
        ">=64" : 0.000000
      },
      "latency_ns" : {
        "2" : 0.000000,
        "4" : 0.000000,
        "10" : 0.000000,
        "20" : 0.000000,
        "50" : 0.000000,
        "100" : 0.000000,
        "250" : 0.000000,
        "500" : 0.000000,
        "750" : 0.000000,
        "1000" : 0.000000
      },
      "latency_us" : {
        "2" : 0.000000,
        "4" : 0.000000,
        "10" : 0.000000,
        "20" : 0.000000,
        "50" : 0.000000,
        "100" : 0.010000,
        "250" : 0.192768,
        "500" : 5.953251,
        "750" : 17.929475,
        "1000" : 22.951770
      },
      "latency_ms" : {
        "2" : 44.075741,
        "4" : 8.807515,
        "10" : 0.089404,
        "20" : 0.010000,
        "50" : 0.000000,
        "100" : 0.000000,
        "250" : 0.000000,
        "500" : 0.000000,
        "750" : 0.000000,
        "1000" : 0.000000,
        "2000" : 0.000000,
        ">=2000" : 0.000000
      },
      "latency_depth" : 64,
      "latency_target" : 0,
      "latency_percentile" : 100.000000,
      "latency_window" : 0
    }
  ],
  "disk_util" : [
    {
      "name" : "sdd",
      "read_ios" : 6550295,
      "write_ios" : 89,
      "read_sectors" : 52402360,
      "write_sectors" : 10144,
      "read_merges" : 0,
      "write_merges" : 77,
      "read_ticks" : 8065642,
      "write_ticks" : 317,
      "in_queue" : 8066094,
      "util" : 100.000000
    }
  ]
}
