{
  "fio version" : "fio-3.36",
  "timestamp" : 1775097072,
  "timestamp_ms" : 1775097072141,
  "time" : "Thu Apr  2 10:31:12 2026",
  "jobs" : [
    {
      "jobname" : "bs_128k_rand_read",
      "groupid" : 0,
      "job_start" : 1775097042126,
      "error" : 0,
      "eta" : 0,
      "elapsed" : 31,
      "job options" : {
        "name" : "bs_128k_rand_read",
        "filename" : "fio_test_file",
        "rw" : "randread",
        "bs" : "128k",
        "ioengine" : "pvsync",
        "numjobs" : "1",
        "iodepth" : "1",
        "size" : "1G",
        "time_based" : "1",
        "runtime" : "30",
        "direct" : "1",
        "group_reporting" : "1"
      },
      "read" : {
        "io_bytes" : 19419889664,
        "io_kbytes" : 18964736,
        "bw_bytes" : 647308078,
        "bw" : 632136,
        "iops" : 4938.568714,
        "runtime" : 30001,
        "total_ios" : 148162,
        "short_ios" : 0,
        "drop_ios" : 0,
        "slat_ns" : {
          "min" : 0,
          "max" : 0,
          "mean" : 0.000000,
          "stddev" : 0.000000,
          "N" : 0
        },
        "clat_ns" : {
          "min" : 119879,
          "max" : 7309694,
          "mean" : 201904.252811,
          "stddev" : 64411.545235,
          "N" : 148162,
          "percentile" : {
            "1.000000" : 128512,
            "5.000000" : 144384,
            "10.000000" : 154624,
            "20.000000" : 162816,
            "30.000000" : 171008,
            "40.000000" : 179200,
            "50.000000" : 189440,
            "60.000000" : 205824,
            "70.000000" : 214016,
            "80.000000" : 226304,
            "90.000000" : 257024,
            "95.000000" : 292864,
            "99.000000" : 411648,
            "99.500000" : 456704,
            "99.900000" : 602112,
            "99.950000" : 1105920,
            "99.990000" : 1777664
          }
        },
        "lat_ns" : {
          "min" : 119895,
          "max" : 7310297,
          "mean" : 201951.587863,
          "stddev" : 64427.287303,
          "N" : 148162
        },
        "bw_min" : 518656,
        "bw_max" : 681728,
        "bw_agg" : 100.000000,
        "bw_mean" : 633960.135593,
        "bw_dev" : 26517.052834,
        "bw_samples" : 59,
        "iops_min" : 4052,
        "iops_max" : 5326,
        "iops_mean" : 4952.813559,
        "iops_stddev" : 207.164475,
        "iops_samples" : 59
      },
      "write" : {
        "io_bytes" : 0,
        "io_kbytes" : 0,
        "bw_bytes" : 0,
        "bw" : 0,
        "iops" : 0.000000,
        "runtime" : 0,
        "total_ios" : 0,
        "short_ios" : 0,
        "drop_ios" : 0,
        "slat_ns" : {
          "min" : 0,
          "max" : 0,
          "mean" : 0.000000,
          "stddev" : 0.000000,
          "N" : 0
        },
        "clat_ns" : {
          "min" : 0,
          "max" : 0,
          "mean" : 0.000000,
          "stddev" : 0.000000,
          "N" : 0
        },
        "lat_ns" : {
          "min" : 0,
          "max" : 0,
          "mean" : 0.000000,
          "stddev" : 0.000000,
          "N" : 0
        },
        "bw_min" : 0,
        "bw_max" : 0,
        "bw_agg" : 0.000000,
        "bw_mean" : 0.000000,
        "bw_dev" : 0.000000,
        "bw_samples" : 0,
        "iops_min" : 0,
        "iops_max" : 0,
        "iops_mean" : 0.000000,
        "iops_stddev" : 0.000000,
        "iops_samples" : 0
      },
      "trim" : {
        "io_bytes" : 0,
        "io_kbytes" : 0,
        "bw_bytes" : 0,
        "bw" : 0,
        "iops" : 0.000000,
        "runtime" : 0,
        "total_ios" : 0,
        "short_ios" : 0,
        "drop_ios" : 0,
        "slat_ns" : {
          "min" : 0,
          "max" : 0,
          "mean" : 0.000000,
          "stddev" : 0.000000,
          "N" : 0
        },
        "clat_ns" : {
          "min" : 0,
          "max" : 0,
          "mean" : 0.000000,
          "stddev" : 0.000000,
          "N" : 0
        },
        "lat_ns" : {
          "min" : 0,
          "max" : 0,
          "mean" : 0.000000,
          "stddev" : 0.000000,
          "N" : 0
        },
        "bw_min" : 0,
        "bw_max" : 0,
        "bw_agg" : 0.000000,
        "bw_mean" : 0.000000,
        "bw_dev" : 0.000000,
        "bw_samples" : 0,
        "iops_min" : 0,
        "iops_max" : 0,
        "iops_mean" : 0.000000,
        "iops_stddev" : 0.000000,
        "iops_samples" : 0
      },
      "sync" : {
        "total_ios" : 0,
        "lat_ns" : {
          "min" : 0,
          "max" : 0,
          "mean" : 0.000000,
          "stddev" : 0.000000,
          "N" : 0
        }
      },
      "job_runtime" : 30000,
      "usr_cpu" : 0.776667,
      "sys_cpu" : 4.523333,
      "ctx" : 148162,
      "majf" : 0,
      "minf" : 42,
      "iodepth_level" : {
        "1" : 100.000000,
        "2" : 0.000000,
        "4" : 0.000000,
        "8" : 0.000000,
        "16" : 0.000000,
        "32" : 0.000000,
        ">=64" : 0.000000
      },
      "iodepth_submit" : {
        "0" : 0.000000,
        "4" : 100.000000,
        "8" : 0.000000,
        "16" : 0.000000,
        "32" : 0.000000,
        "64" : 0.000000,
        ">=64" : 0.000000
      },
      "iodepth_complete" : {
        "0" : 0.000000,
        "4" : 100.000000,
        "8" : 0.000000,
        "16" : 0.000000,
        "32" : 0.000000,
        "64" : 0.000000,
        ">=64" : 0.000000
      },
      "latency_ns" : {
        "2" : 0.000000,
        "4" : 0.000000,
        "10" : 0.000000,
        "20" : 0.000000,
        "50" : 0.000000,
        "100" : 0.000000,
        "250" : 0.000000,
        "500" : 0.000000,
        "750" : 0.000000,
        "1000" : 0.000000
      },
      "latency_us" : {
        "2" : 0.000000,
        "4" : 0.000000,
        "10" : 0.000000,
        "20" : 0.000000,
        "50" : 0.000000,
        "100" : 0.000000,
        "250" : 88.268247,
        "500" : 11.481351,
        "750" : 0.178183,
        "1000" : 0.015524
      },
      "latency_ms" : {
        "2" : 0.051295,
        "4" : 0.010000,
        "10" : 0.010000,
        "20" : 0.000000,
        "50" : 0.000000,
        "100" : 0.000000,
        "250" : 0.000000,
        "500" : 0.000000,
        "750" : 0.000000,
        "1000" : 0.000000,
        "2000" : 0.000000,
        ">=2000" : 0.000000
      },
      "latency_depth" : 1,
      "latency_target" : 0,
      "latency_percentile" : 100.000000,
      "latency_window" : 0
    }
  ],
  "disk_util" : [
    {
      "name" : "sdd",
      "read_ios" : 147823,
      "write_ios" : 55,
      "read_sectors" : 37829552,
      "write_sectors" : 8256,
      "read_merges" : 0,
      "write_merges" : 55,
      "read_ticks" : 28250,
      "write_ticks" : 41,
      "in_queue" : 28300,
      "util" : 90.021345
    }
  ]
}
