{
  "fio version" : "fio-3.36",
  "timestamp" : 1775096982,
  "timestamp_ms" : 1775096982206,
  "time" : "Thu Apr  2 10:29:42 2026",
  "jobs" : [
    {
      "jobname" : "bs_16k_rand_read",
      "groupid" : 0,
      "job_start" : 1775096940950,
      "error" : 0,
      "eta" : 0,
      "elapsed" : 31,
      "job options" : {
        "name" : "bs_16k_rand_read",
        "filename" : "fio_test_file",
        "rw" : "randread",
        "bs" : "16k",
        "ioengine" : "pvsync",
        "numjobs" : "1",
        "iodepth" : "1",
        "size" : "1G",
        "time_based" : "1",
        "runtime" : "30",
        "direct" : "1",
        "group_reporting" : "1"
      },
      "read" : {
        "io_bytes" : 3415408640,
        "io_kbytes" : 3335360,
        "bw_bytes" : 113843159,
        "bw" : 111174,
        "iops" : 6948.435052,
        "runtime" : 30001,
        "total_ios" : 208460,
        "short_ios" : 0,
        "drop_ios" : 0,
        "slat_ns" : {
          "min" : 0,
          "max" : 0,
          "mean" : 0.000000,
          "stddev" : 0.000000,
          "N" : 0
        },
        "clat_ns" : {
          "min" : 86038,
          "max" : 3440953,
          "mean" : 143369.023981,
          "stddev" : 47457.188604,
          "N" : 208460,
          "percentile" : {
            "1.000000" : 94720,
            "5.000000" : 98816,
            "10.000000" : 101888,
            "20.000000" : 113152,
            "30.000000" : 129536,
            "40.000000" : 132096,
            "50.000000" : 134144,
            "60.000000" : 138240,
            "70.000000" : 144384,
            "80.000000" : 158720,
            "90.000000" : 183296,
            "95.000000" : 216064,
            "99.000000" : 317440,
            "99.500000" : 358400,
            "99.900000" : 481280,
            "99.950000" : 552960,
            "99.990000" : 1515520
          }
        },
        "lat_ns" : {
          "min" : 86054,
          "max" : 3441142,
          "mean" : 143410.664497,
          "stddev" : 47477.485424,
          "N" : 208460
        },
        "bw_min" : 81472,
        "bw_max" : 121152,
        "bw_agg" : 100.000000,
        "bw_mean" : 111181.271186,
        "bw_dev" : 6460.255687,
        "bw_samples" : 59,
        "iops_min" : 5092,
        "iops_max" : 7572,
        "iops_mean" : 6948.813559,
        "iops_stddev" : 403.748320,
        "iops_samples" : 59
      },
      "write" : {
        "io_bytes" : 0,
        "io_kbytes" : 0,
        "bw_bytes" : 0,
        "bw" : 0,
        "iops" : 0.000000,
        "runtime" : 0,
        "total_ios" : 0,
        "short_ios" : 0,
        "drop_ios" : 0,
        "slat_ns" : {
          "min" : 0,
          "max" : 0,
          "mean" : 0.000000,
          "stddev" : 0.000000,
          "N" : 0
        },
        "clat_ns" : {
          "min" : 0,
          "max" : 0,
          "mean" : 0.000000,
          "stddev" : 0.000000,
          "N" : 0
        },
        "lat_ns" : {
          "min" : 0,
          "max" : 0,
          "mean" : 0.000000,
          "stddev" : 0.000000,
          "N" : 0
        },
        "bw_min" : 0,
        "bw_max" : 0,
        "bw_agg" : 0.000000,
        "bw_mean" : 0.000000,
        "bw_dev" : 0.000000,
        "bw_samples" : 0,
        "iops_min" : 0,
        "iops_max" : 0,
        "iops_mean" : 0.000000,
        "iops_stddev" : 0.000000,
        "iops_samples" : 0
      },
      "trim" : {
        "io_bytes" : 0,
        "io_kbytes" : 0,
        "bw_bytes" : 0,
        "bw" : 0,
        "iops" : 0.000000,
        "runtime" : 0,
        "total_ios" : 0,
        "short_ios" : 0,
        "drop_ios" : 0,
        "slat_ns" : {
          "min" : 0,
          "max" : 0,
          "mean" : 0.000000,
          "stddev" : 0.000000,
          "N" : 0
        },
        "clat_ns" : {
          "min" : 0,
          "max" : 0,
          "mean" : 0.000000,
          "stddev" : 0.000000,
          "N" : 0
        },
        "lat_ns" : {
          "min" : 0,
          "max" : 0,
          "mean" : 0.000000,
          "stddev" : 0.000000,
          "N" : 0
        },
        "bw_min" : 0,
        "bw_max" : 0,
        "bw_agg" : 0.000000,
        "bw_mean" : 0.000000,
        "bw_dev" : 0.000000,
        "bw_samples" : 0,
        "iops_min" : 0,
        "iops_max" : 0,
        "iops_mean" : 0.000000,
        "iops_stddev" : 0.000000,
        "iops_samples" : 0
      },
      "sync" : {
        "total_ios" : 0,
        "lat_ns" : {
          "min" : 0,
          "max" : 0,
          "mean" : 0.000000,
          "stddev" : 0.000000,
          "N" : 0
        }
      },
      "job_runtime" : 30000,
      "usr_cpu" : 0.943333,
      "sys_cpu" : 5.076667,
      "ctx" : 208461,
      "majf" : 0,
      "minf" : 17,
      "iodepth_level" : {
        "1" : 100.000000,
        "2" : 0.000000,
        "4" : 0.000000,
        "8" : 0.000000,
        "16" : 0.000000,
        "32" : 0.000000,
        ">=64" : 0.000000
      },
      "iodepth_submit" : {
        "0" : 0.000000,
        "4" : 100.000000,
        "8" : 0.000000,
        "16" : 0.000000,
        "32" : 0.000000,
        "64" : 0.000000,
        ">=64" : 0.000000
      },
      "iodepth_complete" : {
        "0" : 0.000000,
        "4" : 100.000000,
        "8" : 0.000000,
        "16" : 0.000000,
        "32" : 0.000000,
        "64" : 0.000000,
        ">=64" : 0.000000
      },
      "latency_ns" : {
        "2" : 0.000000,
        "4" : 0.000000,
        "10" : 0.000000,
        "20" : 0.000000,
        "50" : 0.000000,
        "100" : 0.000000,
        "250" : 0.000000,
        "500" : 0.000000,
        "750" : 0.000000,
        "1000" : 0.000000
      },
      "latency_us" : {
        "2" : 0.000000,
        "4" : 0.000000,
        "10" : 0.000000,
        "20" : 0.000000,
        "50" : 0.000000,
        "100" : 7.033004,
        "250" : 89.971697,
        "500" : 2.916147,
        "750" : 0.050369,
        "1000" : 0.010554
      },
      "latency_ms" : {
        "2" : 0.015351,
        "4" : 0.010000,
        "10" : 0.000000,
        "20" : 0.000000,
        "50" : 0.000000,
        "100" : 0.000000,
        "250" : 0.000000,
        "500" : 0.000000,
        "750" : 0.000000,
        "1000" : 0.000000,
        "2000" : 0.000000,
        ">=2000" : 0.000000
      },
      "latency_depth" : 1,
      "latency_target" : 0,
      "latency_percentile" : 100.000000,
      "latency_window" : 0
    }
  ],
  "disk_util" : [
    {
      "name" : "sdd",
      "read_ios" : 207736,
      "write_ios" : 62,
      "read_sectors" : 6645752,
      "write_sectors" : 8784,
      "read_merges" : 0,
      "write_merges" : 65,
      "read_ticks" : 28134,
      "write_ticks" : 35,
      "in_queue" : 28176,
      "util" : 87.852400
    }
  ]
}
