{
  "fio version" : "fio-3.36",
  "timestamp" : 1775097308,
  "timestamp_ms" : 1775097308185,
  "time" : "Thu Apr  2 10:35:08 2026",
  "jobs" : [
    {
      "jobname" : "bs_128k_rand_write",
      "groupid" : 0,
      "job_start" : 1775097270121,
      "error" : 0,
      "eta" : 0,
      "elapsed" : 31,
      "job options" : {
        "name" : "bs_128k_rand_write",
        "filename" : "fio_test_file",
        "rw" : "randwrite",
        "bs" : "128k",
        "ioengine" : "pvsync",
        "numjobs" : "1",
        "iodepth" : "1",
        "size" : "1G",
        "time_based" : "1",
        "runtime" : "30",
        "direct" : "1",
        "group_reporting" : "1"
      },
      "read" : {
        "io_bytes" : 0,
        "io_kbytes" : 0,
        "bw_bytes" : 0,
        "bw" : 0,
        "iops" : 0.000000,
        "runtime" : 0,
        "total_ios" : 0,
        "short_ios" : 0,
        "drop_ios" : 0,
        "slat_ns" : {
          "min" : 0,
          "max" : 0,
          "mean" : 0.000000,
          "stddev" : 0.000000,
          "N" : 0
        },
        "clat_ns" : {
          "min" : 0,
          "max" : 0,
          "mean" : 0.000000,
          "stddev" : 0.000000,
          "N" : 0
        },
        "lat_ns" : {
          "min" : 0,
          "max" : 0,
          "mean" : 0.000000,
          "stddev" : 0.000000,
          "N" : 0
        },
        "bw_min" : 0,
        "bw_max" : 0,
        "bw_agg" : 0.000000,
        "bw_mean" : 0.000000,
        "bw_dev" : 0.000000,
        "bw_samples" : 0,
        "iops_min" : 0,
        "iops_max" : 0,
        "iops_mean" : 0.000000,
        "iops_stddev" : 0.000000,
        "iops_samples" : 0
      },
      "write" : {
        "io_bytes" : 14164295680,
        "io_kbytes" : 13832320,
        "bw_bytes" : 472127451,
        "bw" : 461061,
        "iops" : 3602.046598,
        "runtime" : 30001,
        "total_ios" : 108065,
        "short_ios" : 0,
        "drop_ios" : 0,
        "slat_ns" : {
          "min" : 0,
          "max" : 0,
          "mean" : 0.000000,
          "stddev" : 0.000000,
          "N" : 0
        },
        "clat_ns" : {
          "min" : 62282,
          "max" : 132460657,
          "mean" : 273092.474002,
          "stddev" : 766404.047101,
          "N" : 108065,
          "percentile" : {
            "1.000000" : 74240,
            "5.000000" : 78336,
            "10.000000" : 83456,
            "20.000000" : 102912,
            "30.000000" : 120320,
            "40.000000" : 134144,
            "50.000000" : 156672,
            "60.000000" : 191488,
            "70.000000" : 248832,
            "80.000000" : 362496,
            "90.000000" : 577536,
            "95.000000" : 790528,
            "99.000000" : 1531904,
            "99.500000" : 1990656,
            "99.900000" : 3031040,
            "99.950000" : 6127616,
            "99.990000" : 22151168
          }
        },
        "lat_ns" : {
          "min" : 65190,
          "max" : 132463420,
          "mean" : 276774.456910,
          "stddev" : 766401.798477,
          "N" : 108065
        },
        "bw_min" : 318464,
        "bw_max" : 514560,
        "bw_agg" : 99.974198,
        "bw_mean" : 460943.186441,
        "bw_dev" : 38714.337052,
        "bw_samples" : 59,
        "iops_min" : 2488,
        "iops_max" : 4020,
        "iops_mean" : 3601.118644,
        "iops_stddev" : 302.455758,
        "iops_samples" : 59
      },
      "trim" : {
        "io_bytes" : 0,
        "io_kbytes" : 0,
        "bw_bytes" : 0,
        "bw" : 0,
        "iops" : 0.000000,
        "runtime" : 0,
        "total_ios" : 0,
        "short_ios" : 0,
        "drop_ios" : 0,
        "slat_ns" : {
          "min" : 0,
          "max" : 0,
          "mean" : 0.000000,
          "stddev" : 0.000000,
          "N" : 0
        },
        "clat_ns" : {
          "min" : 0,
          "max" : 0,
          "mean" : 0.000000,
          "stddev" : 0.000000,
          "N" : 0
        },
        "lat_ns" : {
          "min" : 0,
          "max" : 0,
          "mean" : 0.000000,
          "stddev" : 0.000000,
          "N" : 0
        },
        "bw_min" : 0,
        "bw_max" : 0,
        "bw_agg" : 0.000000,
        "bw_mean" : 0.000000,
        "bw_dev" : 0.000000,
        "bw_samples" : 0,
        "iops_min" : 0,
        "iops_max" : 0,
        "iops_mean" : 0.000000,
        "iops_stddev" : 0.000000,
        "iops_samples" : 0
      },
      "sync" : {
        "total_ios" : 0,
        "lat_ns" : {
          "min" : 0,
          "max" : 0,
          "mean" : 0.000000,
          "stddev" : 0.000000,
          "N" : 0
        }
      },
      "job_runtime" : 30000,
      "usr_cpu" : 2.496667,
      "sys_cpu" : 7.446667,
      "ctx" : 108067,
      "majf" : 0,
      "minf" : 12,
      "iodepth_level" : {
        "1" : 100.000000,
        "2" : 0.000000,
        "4" : 0.000000,
        "8" : 0.000000,
        "16" : 0.000000,
        "32" : 0.000000,
        ">=64" : 0.000000
      },
      "iodepth_submit" : {
        "0" : 0.000000,
        "4" : 100.000000,
        "8" : 0.000000,
        "16" : 0.000000,
        "32" : 0.000000,
        "64" : 0.000000,
        ">=64" : 0.000000
      },
      "iodepth_complete" : {
        "0" : 0.000000,
        "4" : 100.000000,
        "8" : 0.000000,
        "16" : 0.000000,
        "32" : 0.000000,
        "64" : 0.000000,
        ">=64" : 0.000000
      },
      "latency_ns" : {
        "2" : 0.000000,
        "4" : 0.000000,
        "10" : 0.000000,
        "20" : 0.000000,
        "50" : 0.000000,
        "100" : 0.000000,
        "250" : 0.000000,
        "500" : 0.000000,
        "750" : 0.000000,
        "1000" : 0.000000
      },
      "latency_us" : {
        "2" : 0.000000,
        "4" : 0.000000,
        "10" : 0.000000,
        "20" : 0.000000,
        "50" : 0.000000,
        "100" : 18.617499,
        "250" : 51.455143,
        "500" : 16.671448,
        "750" : 7.633369,
        "1000" : 3.122195
      },
      "latency_ms" : {
        "2" : 2.008976,
        "4" : 0.421968,
        "10" : 0.052746,
        "20" : 0.010000,
        "50" : 0.010000,
        "100" : 0.010000,
        "250" : 0.010000,
        "500" : 0.000000,
        "750" : 0.000000,
        "1000" : 0.000000,
        "2000" : 0.000000,
        ">=2000" : 0.000000
      },
      "latency_depth" : 1,
      "latency_target" : 0,
      "latency_percentile" : 100.000000,
      "latency_window" : 0
    }
  ],
  "disk_util" : [
    {
      "name" : "sdd",
      "read_ios" : 0,
      "write_ios" : 108006,
      "read_sectors" : 0,
      "write_sectors" : 27573264,
      "read_merges" : 0,
      "write_merges" : 72,
      "read_ticks" : 0,
      "write_ticks" : 27264,
      "in_queue" : 27295,
      "util" : 86.419424
    }
  ]
}
