{
  "fio version" : "fio-3.36",
  "timestamp" : 1775097102,
  "timestamp_ms" : 1775097102413,
  "time" : "Thu Apr  2 10:31:42 2026",
  "jobs" : [
    {
      "jobname" : "bs_1k_rand_write",
      "groupid" : 0,
      "job_start" : 1775097072392,
      "error" : 0,
      "eta" : 0,
      "elapsed" : 31,
      "job options" : {
        "name" : "bs_1k_rand_write",
        "filename" : "fio_test_file",
        "rw" : "randwrite",
        "bs" : "1k",
        "ioengine" : "pvsync",
        "numjobs" : "1",
        "iodepth" : "1",
        "size" : "1G",
        "time_based" : "1",
        "runtime" : "30",
        "direct" : "1",
        "group_reporting" : "1"
      },
      "read" : {
        "io_bytes" : 0,
        "io_kbytes" : 0,
        "bw_bytes" : 0,
        "bw" : 0,
        "iops" : 0.000000,
        "runtime" : 0,
        "total_ios" : 0,
        "short_ios" : 0,
        "drop_ios" : 0,
        "slat_ns" : {
          "min" : 0,
          "max" : 0,
          "mean" : 0.000000,
          "stddev" : 0.000000,
          "N" : 0
        },
        "clat_ns" : {
          "min" : 0,
          "max" : 0,
          "mean" : 0.000000,
          "stddev" : 0.000000,
          "N" : 0
        },
        "lat_ns" : {
          "min" : 0,
          "max" : 0,
          "mean" : 0.000000,
          "stddev" : 0.000000,
          "N" : 0
        },
        "bw_min" : 0,
        "bw_max" : 0,
        "bw_agg" : 0.000000,
        "bw_mean" : 0.000000,
        "bw_dev" : 0.000000,
        "bw_samples" : 0,
        "iops_min" : 0,
        "iops_max" : 0,
        "iops_mean" : 0.000000,
        "iops_stddev" : 0.000000,
        "iops_samples" : 0
      },
      "write" : {
        "io_bytes" : 305036288,
        "io_kbytes" : 297887,
        "bw_bytes" : 10167537,
        "bw" : 9929,
        "iops" : 9929.235692,
        "runtime" : 30001,
        "total_ios" : 297887,
        "short_ios" : 0,
        "drop_ios" : 0,
        "slat_ns" : {
          "min" : 0,
          "max" : 0,
          "mean" : 0.000000,
          "stddev" : 0.000000,
          "N" : 0
        },
        "clat_ns" : {
          "min" : 29891,
          "max" : 986198974,
          "mean" : 99882.568380,
          "stddev" : 3206013.293467,
          "N" : 297887,
          "percentile" : {
            "1.000000" : 48384,
            "5.000000" : 50432,
            "10.000000" : 51456,
            "20.000000" : 52992,
            "30.000000" : 54528,
            "40.000000" : 58112,
            "50.000000" : 62720,
            "60.000000" : 69120,
            "70.000000" : 77312,
            "80.000000" : 88576,
            "90.000000" : 107008,
            "95.000000" : 134144,
            "99.000000" : 195584,
            "99.500000" : 232448,
            "99.900000" : 1204224,
            "99.950000" : 2867200,
            "99.990000" : 38010880
          }
        },
        "lat_ns" : {
          "min" : 29909,
          "max" : 986199116,
          "mean" : 99944.363094,
          "stddev" : 3206014.869792,
          "N" : 297887
        },
        "bw_min" : 2,
        "bw_max" : 16388,
        "bw_agg" : 100.000000,
        "bw_mean" : 10441.357143,
        "bw_dev" : 4555.925837,
        "bw_samples" : 56,
        "iops_min" : 2,
        "iops_max" : 16388,
        "iops_mean" : 10441.357143,
        "iops_stddev" : 4555.925837,
        "iops_samples" : 56
      },
      "trim" : {
        "io_bytes" : 0,
        "io_kbytes" : 0,
        "bw_bytes" : 0,
        "bw" : 0,
        "iops" : 0.000000,
        "runtime" : 0,
        "total_ios" : 0,
        "short_ios" : 0,
        "drop_ios" : 0,
        "slat_ns" : {
          "min" : 0,
          "max" : 0,
          "mean" : 0.000000,
          "stddev" : 0.000000,
          "N" : 0
        },
        "clat_ns" : {
          "min" : 0,
          "max" : 0,
          "mean" : 0.000000,
          "stddev" : 0.000000,
          "N" : 0
        },
        "lat_ns" : {
          "min" : 0,
          "max" : 0,
          "mean" : 0.000000,
          "stddev" : 0.000000,
          "N" : 0
        },
        "bw_min" : 0,
        "bw_max" : 0,
        "bw_agg" : 0.000000,
        "bw_mean" : 0.000000,
        "bw_dev" : 0.000000,
        "bw_samples" : 0,
        "iops_min" : 0,
        "iops_max" : 0,
        "iops_mean" : 0.000000,
        "iops_stddev" : 0.000000,
        "iops_samples" : 0
      },
      "sync" : {
        "total_ios" : 0,
        "lat_ns" : {
          "min" : 0,
          "max" : 0,
          "mean" : 0.000000,
          "stddev" : 0.000000,
          "N" : 0
        }
      },
      "job_runtime" : 30000,
      "usr_cpu" : 2.153333,
      "sys_cpu" : 17.163333,
      "ctx" : 297875,
      "majf" : 0,
      "minf" : 9,
      "iodepth_level" : {
        "1" : 100.000000,
        "2" : 0.000000,
        "4" : 0.000000,
        "8" : 0.000000,
        "16" : 0.000000,
        "32" : 0.000000,
        ">=64" : 0.000000
      },
      "iodepth_submit" : {
        "0" : 0.000000,
        "4" : 100.000000,
        "8" : 0.000000,
        "16" : 0.000000,
        "32" : 0.000000,
        "64" : 0.000000,
        ">=64" : 0.000000
      },
      "iodepth_complete" : {
        "0" : 0.000000,
        "4" : 100.000000,
        "8" : 0.000000,
        "16" : 0.000000,
        "32" : 0.000000,
        "64" : 0.000000,
        ">=64" : 0.000000
      },
      "latency_ns" : {
        "2" : 0.000000,
        "4" : 0.000000,
        "10" : 0.000000,
        "20" : 0.000000,
        "50" : 0.000000,
        "100" : 0.000000,
        "250" : 0.000000,
        "500" : 0.000000,
        "750" : 0.000000,
        "1000" : 0.000000
      },
      "latency_us" : {
        "2" : 0.000000,
        "4" : 0.000000,
        "10" : 0.000000,
        "20" : 0.000000,
        "50" : 4.170709,
        "100" : 83.275537,
        "250" : 12.155280,
        "500" : 0.215182,
        "750" : 0.034241,
        "1000" : 0.032227
      },
      "latency_ms" : {
        "2" : 0.053376,
        "4" : 0.019470,
        "10" : 0.017121,
        "20" : 0.015442,
        "50" : 0.010000,
        "100" : 0.010000,
        "250" : 0.010000,
        "500" : 0.010000,
        "750" : 0.000000,
        "1000" : 0.010000,
        "2000" : 0.000000,
        ">=2000" : 0.000000
      },
      "latency_depth" : 1,
      "latency_target" : 0,
      "latency_percentile" : 100.000000,
      "latency_window" : 0
    }
  ],
  "disk_util" : [
    {
      "name" : "sdd",
      "read_ios" : 212,
      "write_ios" : 297014,
      "read_sectors" : 1696,
      "write_sectors" : 605046,
      "read_merges" : 0,
      "write_merges" : 86,
      "read_ticks" : 77,
      "write_ticks" : 26125,
      "in_queue" : 26220,
      "util" : 72.374345
    }
  ]
}
