{
  "fio version" : "fio-3.36",
  "timestamp" : 1775097209,
  "timestamp_ms" : 1775097209336,
  "time" : "Thu Apr  2 10:33:29 2026",
  "jobs" : [
    {
      "jobname" : "bs_16k_rand_write",
      "groupid" : 0,
      "job_start" : 1775097176366,
      "error" : 0,
      "eta" : 0,
      "elapsed" : 31,
      "job options" : {
        "name" : "bs_16k_rand_write",
        "filename" : "fio_test_file",
        "rw" : "randwrite",
        "bs" : "16k",
        "ioengine" : "pvsync",
        "numjobs" : "1",
        "iodepth" : "1",
        "size" : "1G",
        "time_based" : "1",
        "runtime" : "30",
        "direct" : "1",
        "group_reporting" : "1"
      },
      "read" : {
        "io_bytes" : 0,
        "io_kbytes" : 0,
        "bw_bytes" : 0,
        "bw" : 0,
        "iops" : 0.000000,
        "runtime" : 0,
        "total_ios" : 0,
        "short_ios" : 0,
        "drop_ios" : 0,
        "slat_ns" : {
          "min" : 0,
          "max" : 0,
          "mean" : 0.000000,
          "stddev" : 0.000000,
          "N" : 0
        },
        "clat_ns" : {
          "min" : 0,
          "max" : 0,
          "mean" : 0.000000,
          "stddev" : 0.000000,
          "N" : 0
        },
        "lat_ns" : {
          "min" : 0,
          "max" : 0,
          "mean" : 0.000000,
          "stddev" : 0.000000,
          "N" : 0
        },
        "bw_min" : 0,
        "bw_max" : 0,
        "bw_agg" : 0.000000,
        "bw_mean" : 0.000000,
        "bw_dev" : 0.000000,
        "bw_samples" : 0,
        "iops_min" : 0,
        "iops_max" : 0,
        "iops_mean" : 0.000000,
        "iops_stddev" : 0.000000,
        "iops_samples" : 0
      },
      "write" : {
        "io_bytes" : 6380191744,
        "io_kbytes" : 6230656,
        "bw_bytes" : 212665969,
        "bw" : 207681,
        "iops" : 12980.100663,
        "runtime" : 30001,
        "total_ios" : 389416,
        "short_ios" : 0,
        "drop_ios" : 0,
        "slat_ns" : {
          "min" : 0,
          "max" : 0,
          "mean" : 0.000000,
          "stddev" : 0.000000,
          "N" : 0
        },
        "clat_ns" : {
          "min" : 36626,
          "max" : 287099392,
          "mean" : 76342.453898,
          "stddev" : 687187.682030,
          "N" : 389416,
          "percentile" : {
            "1.000000" : 48384,
            "5.000000" : 51968,
            "10.000000" : 52992,
            "20.000000" : 55040,
            "30.000000" : 55552,
            "40.000000" : 56576,
            "50.000000" : 58624,
            "60.000000" : 62720,
            "70.000000" : 69120,
            "80.000000" : 80384,
            "90.000000" : 98816,
            "95.000000" : 119296,
            "99.000000" : 230400,
            "99.500000" : 448512,
            "99.900000" : 1044480,
            "99.950000" : 1466368,
            "99.990000" : 4489216
          }
        },
        "lat_ns" : {
          "min" : 36661,
          "max" : 287099593,
          "mean" : 76525.744081,
          "stddev" : 687189.878734,
          "N" : 389416
        },
        "bw_min" : 23089,
        "bw_max" : 241696,
        "bw_agg" : 100.000000,
        "bw_mean" : 207745.372881,
        "bw_dev" : 32466.773454,
        "bw_samples" : 59,
        "iops_min" : 1443,
        "iops_max" : 15106,
        "iops_mean" : 12984.084746,
        "iops_stddev" : 2029.179470,
        "iops_samples" : 59
      },
      "trim" : {
        "io_bytes" : 0,
        "io_kbytes" : 0,
        "bw_bytes" : 0,
        "bw" : 0,
        "iops" : 0.000000,
        "runtime" : 0,
        "total_ios" : 0,
        "short_ios" : 0,
        "drop_ios" : 0,
        "slat_ns" : {
          "min" : 0,
          "max" : 0,
          "mean" : 0.000000,
          "stddev" : 0.000000,
          "N" : 0
        },
        "clat_ns" : {
          "min" : 0,
          "max" : 0,
          "mean" : 0.000000,
          "stddev" : 0.000000,
          "N" : 0
        },
        "lat_ns" : {
          "min" : 0,
          "max" : 0,
          "mean" : 0.000000,
          "stddev" : 0.000000,
          "N" : 0
        },
        "bw_min" : 0,
        "bw_max" : 0,
        "bw_agg" : 0.000000,
        "bw_mean" : 0.000000,
        "bw_dev" : 0.000000,
        "bw_samples" : 0,
        "iops_min" : 0,
        "iops_max" : 0,
        "iops_mean" : 0.000000,
        "iops_stddev" : 0.000000,
        "iops_samples" : 0
      },
      "sync" : {
        "total_ios" : 0,
        "lat_ns" : {
          "min" : 0,
          "max" : 0,
          "mean" : 0.000000,
          "stddev" : 0.000000,
          "N" : 0
        }
      },
      "job_runtime" : 30000,
      "usr_cpu" : 2.543333,
      "sys_cpu" : 20.590000,
      "ctx" : 389408,
      "majf" : 0,
      "minf" : 11,
      "iodepth_level" : {
        "1" : 100.000000,
        "2" : 0.000000,
        "4" : 0.000000,
        "8" : 0.000000,
        "16" : 0.000000,
        "32" : 0.000000,
        ">=64" : 0.000000
      },
      "iodepth_submit" : {
        "0" : 0.000000,
        "4" : 100.000000,
        "8" : 0.000000,
        "16" : 0.000000,
        "32" : 0.000000,
        "64" : 0.000000,
        ">=64" : 0.000000
      },
      "iodepth_complete" : {
        "0" : 0.000000,
        "4" : 100.000000,
        "8" : 0.000000,
        "16" : 0.000000,
        "32" : 0.000000,
        "64" : 0.000000,
        ">=64" : 0.000000
      },
      "latency_ns" : {
        "2" : 0.000000,
        "4" : 0.000000,
        "10" : 0.000000,
        "20" : 0.000000,
        "50" : 0.000000,
        "100" : 0.000000,
        "250" : 0.000000,
        "500" : 0.000000,
        "750" : 0.000000,
        "1000" : 0.000000
      },
      "latency_us" : {
        "2" : 0.000000,
        "4" : 0.000000,
        "10" : 0.000000,
        "20" : 0.000000,
        "50" : 1.918257,
        "100" : 88.551575,
        "250" : 8.647565,
        "500" : 0.436551,
        "750" : 0.234710,
        "1000" : 0.100150
      },
      "latency_ms" : {
        "2" : 0.085256,
        "4" : 0.014894,
        "10" : 0.010000,
        "20" : 0.010000,
        "50" : 0.010000,
        "100" : 0.010000,
        "250" : 0.010000,
        "500" : 0.010000,
        "750" : 0.000000,
        "1000" : 0.000000,
        "2000" : 0.000000,
        ">=2000" : 0.000000
      },
      "latency_depth" : 1,
      "latency_target" : 0,
      "latency_percentile" : 100.000000,
      "latency_window" : 0
    }
  ],
  "disk_util" : [
    {
      "name" : "sdd",
      "read_ios" : 35,
      "write_ios" : 388078,
      "read_sectors" : 280,
      "write_sectors" : 12424720,
      "read_merges" : 0,
      "write_merges" : 92,
      "read_ticks" : 19,
      "write_ticks" : 24792,
      "in_queue" : 24839,
      "util" : 68.434217
    }
  ]
}
