{
  "fio version" : "fio-3.36",
  "timestamp" : 1775096910,
  "timestamp_ms" : 1775096910432,
  "time" : "Thu Apr  2 10:28:30 2026",
  "jobs" : [
    {
      "jobname" : "bs_2k_rand_read",
      "groupid" : 0,
      "job_start" : 1775096880420,
      "error" : 0,
      "eta" : 0,
      "elapsed" : 31,
      "job options" : {
        "name" : "bs_2k_rand_read",
        "filename" : "fio_test_file",
        "rw" : "randread",
        "bs" : "2k",
        "ioengine" : "pvsync",
        "numjobs" : "1",
        "iodepth" : "1",
        "size" : "1G",
        "time_based" : "1",
        "runtime" : "30",
        "direct" : "1",
        "group_reporting" : "1"
      },
      "read" : {
        "io_bytes" : 468367360,
        "io_kbytes" : 457390,
        "bw_bytes" : 15611724,
        "bw" : 15245,
        "iops" : 7622.912570,
        "runtime" : 30001,
        "total_ios" : 228695,
        "short_ios" : 0,
        "drop_ios" : 0,
        "slat_ns" : {
          "min" : 0,
          "max" : 0,
          "mean" : 0.000000,
          "stddev" : 0.000000,
          "N" : 0
        },
        "clat_ns" : {
          "min" : 51515,
          "max" : 2505746,
          "mean" : 130611.689289,
          "stddev" : 37115.923681,
          "N" : 228695,
          "percentile" : {
            "1.000000" : 88576,
            "5.000000" : 91648,
            "10.000000" : 93696,
            "20.000000" : 100864,
            "30.000000" : 121344,
            "40.000000" : 124416,
            "50.000000" : 126464,
            "60.000000" : 129536,
            "70.000000" : 134144,
            "80.000000" : 144384,
            "90.000000" : 164864,
            "95.000000" : 181248,
            "99.000000" : 284672,
            "99.500000" : 333824,
            "99.900000" : 428032,
            "99.950000" : 468992,
            "99.990000" : 675840
          }
        },
        "lat_ns" : {
          "min" : 51532,
          "max" : 2505812,
          "mean" : 130647.871265,
          "stddev" : 37130.975512,
          "N" : 228695
        },
        "bw_min" : 14894,
        "bw_max" : 15684,
        "bw_agg" : 100.000000,
        "bw_mean" : 15253.796610,
        "bw_dev" : 191.479429,
        "bw_samples" : 59,
        "iops_min" : 7447,
        "iops_max" : 7842,
        "iops_mean" : 7626.898305,
        "iops_stddev" : 95.739714,
        "iops_samples" : 59
      },
      "write" : {
        "io_bytes" : 0,
        "io_kbytes" : 0,
        "bw_bytes" : 0,
        "bw" : 0,
        "iops" : 0.000000,
        "runtime" : 0,
        "total_ios" : 0,
        "short_ios" : 0,
        "drop_ios" : 0,
        "slat_ns" : {
          "min" : 0,
          "max" : 0,
          "mean" : 0.000000,
          "stddev" : 0.000000,
          "N" : 0
        },
        "clat_ns" : {
          "min" : 0,
          "max" : 0,
          "mean" : 0.000000,
          "stddev" : 0.000000,
          "N" : 0
        },
        "lat_ns" : {
          "min" : 0,
          "max" : 0,
          "mean" : 0.000000,
          "stddev" : 0.000000,
          "N" : 0
        },
        "bw_min" : 0,
        "bw_max" : 0,
        "bw_agg" : 0.000000,
        "bw_mean" : 0.000000,
        "bw_dev" : 0.000000,
        "bw_samples" : 0,
        "iops_min" : 0,
        "iops_max" : 0,
        "iops_mean" : 0.000000,
        "iops_stddev" : 0.000000,
        "iops_samples" : 0
      },
      "trim" : {
        "io_bytes" : 0,
        "io_kbytes" : 0,
        "bw_bytes" : 0,
        "bw" : 0,
        "iops" : 0.000000,
        "runtime" : 0,
        "total_ios" : 0,
        "short_ios" : 0,
        "drop_ios" : 0,
        "slat_ns" : {
          "min" : 0,
          "max" : 0,
          "mean" : 0.000000,
          "stddev" : 0.000000,
          "N" : 0
        },
        "clat_ns" : {
          "min" : 0,
          "max" : 0,
          "mean" : 0.000000,
          "stddev" : 0.000000,
          "N" : 0
        },
        "lat_ns" : {
          "min" : 0,
          "max" : 0,
          "mean" : 0.000000,
          "stddev" : 0.000000,
          "N" : 0
        },
        "bw_min" : 0,
        "bw_max" : 0,
        "bw_agg" : 0.000000,
        "bw_mean" : 0.000000,
        "bw_dev" : 0.000000,
        "bw_samples" : 0,
        "iops_min" : 0,
        "iops_max" : 0,
        "iops_mean" : 0.000000,
        "iops_stddev" : 0.000000,
        "iops_samples" : 0
      },
      "sync" : {
        "total_ios" : 0,
        "lat_ns" : {
          "min" : 0,
          "max" : 0,
          "mean" : 0.000000,
          "stddev" : 0.000000,
          "N" : 0
        }
      },
      "job_runtime" : 30000,
      "usr_cpu" : 1.080000,
      "sys_cpu" : 5.053333,
      "ctx" : 228696,
      "majf" : 0,
      "minf" : 12,
      "iodepth_level" : {
        "1" : 100.000000,
        "2" : 0.000000,
        "4" : 0.000000,
        "8" : 0.000000,
        "16" : 0.000000,
        "32" : 0.000000,
        ">=64" : 0.000000
      },
      "iodepth_submit" : {
        "0" : 0.000000,
        "4" : 100.000000,
        "8" : 0.000000,
        "16" : 0.000000,
        "32" : 0.000000,
        "64" : 0.000000,
        ">=64" : 0.000000
      },
      "iodepth_complete" : {
        "0" : 0.000000,
        "4" : 100.000000,
        "8" : 0.000000,
        "16" : 0.000000,
        "32" : 0.000000,
        "64" : 0.000000,
        ">=64" : 0.000000
      },
      "latency_ns" : {
        "2" : 0.000000,
        "4" : 0.000000,
        "10" : 0.000000,
        "20" : 0.000000,
        "50" : 0.000000,
        "100" : 0.000000,
        "250" : 0.000000,
        "500" : 0.000000,
        "750" : 0.000000,
        "1000" : 0.000000
      },
      "latency_us" : {
        "2" : 0.000000,
        "4" : 0.000000,
        "10" : 0.000000,
        "20" : 0.000000,
        "50" : 0.000000,
        "100" : 19.420626,
        "250" : 79.028838,
        "500" : 1.522989,
        "750" : 0.018802,
        "1000" : 0.010000
      },
      "latency_ms" : {
        "2" : 0.010000,
        "4" : 0.010000,
        "10" : 0.000000,
        "20" : 0.000000,
        "50" : 0.000000,
        "100" : 0.000000,
        "250" : 0.000000,
        "500" : 0.000000,
        "750" : 0.000000,
        "1000" : 0.000000,
        "2000" : 0.000000,
        ">=2000" : 0.000000
      },
      "latency_depth" : 1,
      "latency_target" : 0,
      "latency_percentile" : 100.000000,
      "latency_window" : 0
    }
  ],
  "disk_util" : [
    {
      "name" : "sdd",
      "read_ios" : 227988,
      "write_ios" : 66,
      "read_sectors" : 912264,
      "write_sectors" : 9304,
      "read_merges" : 0,
      "write_merges" : 63,
      "read_ticks" : 27750,
      "write_ticks" : 37,
      "in_queue" : 27791,
      "util" : 85.712380
    }
  ]
}
