{
  "fio version" : "fio-3.36",
  "timestamp" : 1775097239,
  "timestamp_ms" : 1775097239605,
  "time" : "Thu Apr  2 10:33:59 2026",
  "jobs" : [
    {
      "jobname" : "bs_32k_rand_write",
      "groupid" : 0,
      "job_start" : 1775097209587,
      "error" : 0,
      "eta" : 0,
      "elapsed" : 31,
      "job options" : {
        "name" : "bs_32k_rand_write",
        "filename" : "fio_test_file",
        "rw" : "randwrite",
        "bs" : "32k",
        "ioengine" : "pvsync",
        "numjobs" : "1",
        "iodepth" : "1",
        "size" : "1G",
        "time_based" : "1",
        "runtime" : "30",
        "direct" : "1",
        "group_reporting" : "1"
      },
      "read" : {
        "io_bytes" : 0,
        "io_kbytes" : 0,
        "bw_bytes" : 0,
        "bw" : 0,
        "iops" : 0.000000,
        "runtime" : 0,
        "total_ios" : 0,
        "short_ios" : 0,
        "drop_ios" : 0,
        "slat_ns" : {
          "min" : 0,
          "max" : 0,
          "mean" : 0.000000,
          "stddev" : 0.000000,
          "N" : 0
        },
        "clat_ns" : {
          "min" : 0,
          "max" : 0,
          "mean" : 0.000000,
          "stddev" : 0.000000,
          "N" : 0
        },
        "lat_ns" : {
          "min" : 0,
          "max" : 0,
          "mean" : 0.000000,
          "stddev" : 0.000000,
          "N" : 0
        },
        "bw_min" : 0,
        "bw_max" : 0,
        "bw_agg" : 0.000000,
        "bw_mean" : 0.000000,
        "bw_dev" : 0.000000,
        "bw_samples" : 0,
        "iops_min" : 0,
        "iops_max" : 0,
        "iops_mean" : 0.000000,
        "iops_stddev" : 0.000000,
        "iops_samples" : 0
      },
      "write" : {
        "io_bytes" : 7104135168,
        "io_kbytes" : 6937632,
        "bw_bytes" : 236796612,
        "bw" : 231246,
        "iops" : 7226.459118,
        "runtime" : 30001,
        "total_ios" : 216801,
        "short_ios" : 0,
        "drop_ios" : 0,
        "slat_ns" : {
          "min" : 0,
          "max" : 0,
          "mean" : 0.000000,
          "stddev" : 0.000000,
          "N" : 0
        },
        "clat_ns" : {
          "min" : 41962,
          "max" : 555715699,
          "mean" : 136869.872182,
          "stddev" : 1709285.214949,
          "N" : 216801,
          "percentile" : {
            "1.000000" : 55552,
            "5.000000" : 57600,
            "10.000000" : 58624,
            "20.000000" : 60160,
            "30.000000" : 62720,
            "40.000000" : 67072,
            "50.000000" : 72192,
            "60.000000" : 81408,
            "70.000000" : 92672,
            "80.000000" : 107008,
            "90.000000" : 138240,
            "95.000000" : 175104,
            "99.000000" : 757760,
            "99.500000" : 1515520,
            "99.900000" : 13303808,
            "99.950000" : 15007744,
            "99.990000" : 30539776
          }
        },
        "lat_ns" : {
          "min" : 42489,
          "max" : 555716251,
          "mean" : 137618.678498,
          "stddev" : 1709287.344650,
          "N" : 216801
        },
        "bw_min" : 44352,
        "bw_max" : 410048,
        "bw_agg" : 100.000000,
        "bw_mean" : 232797.793103,
        "bw_dev" : 89598.953550,
        "bw_samples" : 58,
        "iops_min" : 1386,
        "iops_max" : 12814,
        "iops_mean" : 7274.931034,
        "iops_stddev" : 2799.967298,
        "iops_samples" : 58
      },
      "trim" : {
        "io_bytes" : 0,
        "io_kbytes" : 0,
        "bw_bytes" : 0,
        "bw" : 0,
        "iops" : 0.000000,
        "runtime" : 0,
        "total_ios" : 0,
        "short_ios" : 0,
        "drop_ios" : 0,
        "slat_ns" : {
          "min" : 0,
          "max" : 0,
          "mean" : 0.000000,
          "stddev" : 0.000000,
          "N" : 0
        },
        "clat_ns" : {
          "min" : 0,
          "max" : 0,
          "mean" : 0.000000,
          "stddev" : 0.000000,
          "N" : 0
        },
        "lat_ns" : {
          "min" : 0,
          "max" : 0,
          "mean" : 0.000000,
          "stddev" : 0.000000,
          "N" : 0
        },
        "bw_min" : 0,
        "bw_max" : 0,
        "bw_agg" : 0.000000,
        "bw_mean" : 0.000000,
        "bw_dev" : 0.000000,
        "bw_samples" : 0,
        "iops_min" : 0,
        "iops_max" : 0,
        "iops_mean" : 0.000000,
        "iops_stddev" : 0.000000,
        "iops_samples" : 0
      },
      "sync" : {
        "total_ios" : 0,
        "lat_ns" : {
          "min" : 0,
          "max" : 0,
          "mean" : 0.000000,
          "stddev" : 0.000000,
          "N" : 0
        }
      },
      "job_runtime" : 30000,
      "usr_cpu" : 2.326667,
      "sys_cpu" : 13.596667,
      "ctx" : 216822,
      "majf" : 0,
      "minf" : 10,
      "iodepth_level" : {
        "1" : 100.000000,
        "2" : 0.000000,
        "4" : 0.000000,
        "8" : 0.000000,
        "16" : 0.000000,
        "32" : 0.000000,
        ">=64" : 0.000000
      },
      "iodepth_submit" : {
        "0" : 0.000000,
        "4" : 100.000000,
        "8" : 0.000000,
        "16" : 0.000000,
        "32" : 0.000000,
        "64" : 0.000000,
        ">=64" : 0.000000
      },
      "iodepth_complete" : {
        "0" : 0.000000,
        "4" : 100.000000,
        "8" : 0.000000,
        "16" : 0.000000,
        "32" : 0.000000,
        "64" : 0.000000,
        ">=64" : 0.000000
      },
      "latency_ns" : {
        "2" : 0.000000,
        "4" : 0.000000,
        "10" : 0.000000,
        "20" : 0.000000,
        "50" : 0.000000,
        "100" : 0.000000,
        "250" : 0.000000,
        "500" : 0.000000,
        "750" : 0.000000,
        "1000" : 0.000000
      },
      "latency_us" : {
        "2" : 0.000000,
        "4" : 0.000000,
        "10" : 0.000000,
        "20" : 0.000000,
        "50" : 0.053505,
        "100" : 75.638950,
        "250" : 22.237905,
        "500" : 0.751842,
        "750" : 0.309039,
        "1000" : 0.214021
      },
      "latency_ms" : {
        "2" : 0.447415,
        "4" : 0.085332,
        "10" : 0.075184,
        "20" : 0.168357,
        "50" : 0.013376,
        "100" : 0.010000,
        "250" : 0.010000,
        "500" : 0.010000,
        "750" : 0.010000,
        "1000" : 0.000000,
        "2000" : 0.000000,
        ">=2000" : 0.000000
      },
      "latency_depth" : 1,
      "latency_target" : 0,
      "latency_percentile" : 100.000000,
      "latency_window" : 0
    }
  ],
  "disk_util" : [
    {
      "name" : "sdd",
      "read_ios" : 659,
      "write_ios" : 219809,
      "read_sectors" : 7224,
      "write_sectors" : 13958568,
      "read_merges" : 30,
      "write_merges" : 396,
      "read_ticks" : 626,
      "write_ticks" : 36788,
      "in_queue" : 37601,
      "util" : 78.855390
    }
  ]
}
