{
  "fio version" : "fio-3.36",
  "timestamp" : 1775097011,
  "timestamp_ms" : 1775097011606,
  "time" : "Thu Apr  2 10:30:11 2026",
  "jobs" : [
    {
      "jobname" : "bs_32k_rand_read",
      "groupid" : 0,
      "job_start" : 1775096982465,
      "error" : 0,
      "eta" : 0,
      "elapsed" : 31,
      "job options" : {
        "name" : "bs_32k_rand_read",
        "filename" : "fio_test_file",
        "rw" : "randread",
        "bs" : "32k",
        "ioengine" : "pvsync",
        "numjobs" : "1",
        "iodepth" : "1",
        "size" : "1G",
        "time_based" : "1",
        "runtime" : "30",
        "direct" : "1",
        "group_reporting" : "1"
      },
      "read" : {
        "io_bytes" : 5968625664,
        "io_kbytes" : 5828736,
        "bw_bytes" : 198947557,
        "bw" : 194284,
        "iops" : 6071.397620,
        "runtime" : 30001,
        "total_ios" : 182148,
        "short_ios" : 0,
        "drop_ios" : 0,
        "slat_ns" : {
          "min" : 0,
          "max" : 0,
          "mean" : 0.000000,
          "stddev" : 0.000000,
          "N" : 0
        },
        "clat_ns" : {
          "min" : 102516,
          "max" : 2072656,
          "mean" : 164197.713541,
          "stddev" : 47398.519807,
          "N" : 182148,
          "percentile" : {
            "1.000000" : 113152,
            "5.000000" : 117248,
            "10.000000" : 121344,
            "20.000000" : 138240,
            "30.000000" : 150528,
            "40.000000" : 152576,
            "50.000000" : 156672,
            "60.000000" : 158720,
            "70.000000" : 164864,
            "80.000000" : 179200,
            "90.000000" : 205824,
            "95.000000" : 234496,
            "99.000000" : 346112,
            "99.500000" : 391168,
            "99.900000" : 509952,
            "99.950000" : 577536,
            "99.990000" : 1662976
          }
        },
        "lat_ns" : {
          "min" : 102544,
          "max" : 2073036,
          "mean" : 164236.668429,
          "stddev" : 47414.409279,
          "N" : 182148
        },
        "bw_min" : 185600,
        "bw_max" : 199296,
        "bw_agg" : 100.000000,
        "bw_mean" : 194397.542373,
        "bw_dev" : 3560.252216,
        "bw_samples" : 59,
        "iops_min" : 5800,
        "iops_max" : 6228,
        "iops_mean" : 6074.762712,
        "iops_stddev" : 111.304388,
        "iops_samples" : 59
      },
      "write" : {
        "io_bytes" : 0,
        "io_kbytes" : 0,
        "bw_bytes" : 0,
        "bw" : 0,
        "iops" : 0.000000,
        "runtime" : 0,
        "total_ios" : 0,
        "short_ios" : 0,
        "drop_ios" : 0,
        "slat_ns" : {
          "min" : 0,
          "max" : 0,
          "mean" : 0.000000,
          "stddev" : 0.000000,
          "N" : 0
        },
        "clat_ns" : {
          "min" : 0,
          "max" : 0,
          "mean" : 0.000000,
          "stddev" : 0.000000,
          "N" : 0
        },
        "lat_ns" : {
          "min" : 0,
          "max" : 0,
          "mean" : 0.000000,
          "stddev" : 0.000000,
          "N" : 0
        },
        "bw_min" : 0,
        "bw_max" : 0,
        "bw_agg" : 0.000000,
        "bw_mean" : 0.000000,
        "bw_dev" : 0.000000,
        "bw_samples" : 0,
        "iops_min" : 0,
        "iops_max" : 0,
        "iops_mean" : 0.000000,
        "iops_stddev" : 0.000000,
        "iops_samples" : 0
      },
      "trim" : {
        "io_bytes" : 0,
        "io_kbytes" : 0,
        "bw_bytes" : 0,
        "bw" : 0,
        "iops" : 0.000000,
        "runtime" : 0,
        "total_ios" : 0,
        "short_ios" : 0,
        "drop_ios" : 0,
        "slat_ns" : {
          "min" : 0,
          "max" : 0,
          "mean" : 0.000000,
          "stddev" : 0.000000,
          "N" : 0
        },
        "clat_ns" : {
          "min" : 0,
          "max" : 0,
          "mean" : 0.000000,
          "stddev" : 0.000000,
          "N" : 0
        },
        "lat_ns" : {
          "min" : 0,
          "max" : 0,
          "mean" : 0.000000,
          "stddev" : 0.000000,
          "N" : 0
        },
        "bw_min" : 0,
        "bw_max" : 0,
        "bw_agg" : 0.000000,
        "bw_mean" : 0.000000,
        "bw_dev" : 0.000000,
        "bw_samples" : 0,
        "iops_min" : 0,
        "iops_max" : 0,
        "iops_mean" : 0.000000,
        "iops_stddev" : 0.000000,
        "iops_samples" : 0
      },
      "sync" : {
        "total_ios" : 0,
        "lat_ns" : {
          "min" : 0,
          "max" : 0,
          "mean" : 0.000000,
          "stddev" : 0.000000,
          "N" : 0
        }
      },
      "job_runtime" : 30000,
      "usr_cpu" : 0.680000,
      "sys_cpu" : 4.326667,
      "ctx" : 182149,
      "majf" : 0,
      "minf" : 17,
      "iodepth_level" : {
        "1" : 100.000000,
        "2" : 0.000000,
        "4" : 0.000000,
        "8" : 0.000000,
        "16" : 0.000000,
        "32" : 0.000000,
        ">=64" : 0.000000
      },
      "iodepth_submit" : {
        "0" : 0.000000,
        "4" : 100.000000,
        "8" : 0.000000,
        "16" : 0.000000,
        "32" : 0.000000,
        "64" : 0.000000,
        ">=64" : 0.000000
      },
      "iodepth_complete" : {
        "0" : 0.000000,
        "4" : 100.000000,
        "8" : 0.000000,
        "16" : 0.000000,
        "32" : 0.000000,
        "64" : 0.000000,
        ">=64" : 0.000000
      },
      "latency_ns" : {
        "2" : 0.000000,
        "4" : 0.000000,
        "10" : 0.000000,
        "20" : 0.000000,
        "50" : 0.000000,
        "100" : 0.000000,
        "250" : 0.000000,
        "500" : 0.000000,
        "750" : 0.000000,
        "1000" : 0.000000
      },
      "latency_us" : {
        "2" : 0.000000,
        "4" : 0.000000,
        "10" : 0.000000,
        "20" : 0.000000,
        "50" : 0.000000,
        "100" : 0.000000,
        "250" : 96.036739,
        "500" : 3.852911,
        "750" : 0.086194,
        "1000" : 0.010000
      },
      "latency_ms" : {
        "2" : 0.019215,
        "4" : 0.010000,
        "10" : 0.000000,
        "20" : 0.000000,
        "50" : 0.000000,
        "100" : 0.000000,
        "250" : 0.000000,
        "500" : 0.000000,
        "750" : 0.000000,
        "1000" : 0.000000,
        "2000" : 0.000000,
        ">=2000" : 0.000000
      },
      "latency_depth" : 1,
      "latency_target" : 0,
      "latency_percentile" : 100.000000,
      "latency_window" : 0
    }
  ],
  "disk_util" : [
    {
      "name" : "sdd",
      "read_ios" : 180653,
      "write_ios" : 89,
      "read_sectors" : 11557992,
      "write_sectors" : 9256,
      "read_merges" : 0,
      "write_merges" : 68,
      "read_ticks" : 27159,
      "write_ticks" : 54,
      "in_queue" : 27223,
      "util" : 86.723704
    }
  ]
}
