{
  "fio version" : "fio-3.36",
  "timestamp" : 1775098577,
  "timestamp_ms" : 1775098577139,
  "time" : "Thu Apr  2 10:56:17 2026",
  "jobs" : [
    {
      "jobname" : "bs_4k_rand_write",
      "groupid" : 0,
      "job_start" : 1775098547121,
      "error" : 0,
      "eta" : 0,
      "elapsed" : 31,
      "job options" : {
        "name" : "bs_4k_rand_write",
        "filename" : "fio_test_file",
        "rw" : "randwrite",
        "bs" : "4k",
        "ioengine" : "pvsync",
        "numjobs" : "1",
        "iodepth" : "1",
        "size" : "1G",
        "time_based" : "1",
        "runtime" : "30",
        "direct" : "1",
        "group_reporting" : "1"
      },
      "read" : {
        "io_bytes" : 0,
        "io_kbytes" : 0,
        "bw_bytes" : 0,
        "bw" : 0,
        "iops" : 0.000000,
        "runtime" : 0,
        "total_ios" : 0,
        "short_ios" : 0,
        "drop_ios" : 0,
        "slat_ns" : {
          "min" : 0,
          "max" : 0,
          "mean" : 0.000000,
          "stddev" : 0.000000,
          "N" : 0
        },
        "clat_ns" : {
          "min" : 0,
          "max" : 0,
          "mean" : 0.000000,
          "stddev" : 0.000000,
          "N" : 0
        },
        "lat_ns" : {
          "min" : 0,
          "max" : 0,
          "mean" : 0.000000,
          "stddev" : 0.000000,
          "N" : 0
        },
        "bw_min" : 0,
        "bw_max" : 0,
        "bw_agg" : 0.000000,
        "bw_mean" : 0.000000,
        "bw_dev" : 0.000000,
        "bw_samples" : 0,
        "iops_min" : 0,
        "iops_max" : 0,
        "iops_mean" : 0.000000,
        "iops_stddev" : 0.000000,
        "iops_samples" : 0
      },
      "write" : {
        "io_bytes" : 1322373120,
        "io_kbytes" : 1291380,
        "bw_bytes" : 44077634,
        "bw" : 43044,
        "iops" : 10761.141295,
        "runtime" : 30001,
        "total_ios" : 322845,
        "short_ios" : 0,
        "drop_ios" : 0,
        "slat_ns" : {
          "min" : 0,
          "max" : 0,
          "mean" : 0.000000,
          "stddev" : 0.000000,
          "N" : 0
        },
        "clat_ns" : {
          "min" : 41801,
          "max" : 783912540,
          "mean" : 92113.654955,
          "stddev" : 2159278.351794,
          "N" : 322845,
          "percentile" : {
            "1.000000" : 59648,
            "5.000000" : 61696,
            "10.000000" : 63232,
            "20.000000" : 67072,
            "30.000000" : 69120,
            "40.000000" : 71168,
            "50.000000" : 74240,
            "60.000000" : 76288,
            "70.000000" : 81408,
            "80.000000" : 90624,
            "90.000000" : 109056,
            "95.000000" : 125440,
            "99.000000" : 197632,
            "99.500000" : 248832,
            "99.900000" : 1138688,
            "99.950000" : 1531904,
            "99.990000" : 3653632
          }
        },
        "lat_ns" : {
          "min" : 41830,
          "max" : 783913110,
          "mean" : 92222.130518,
          "stddev" : 2159280.332127,
          "N" : 322845
        },
        "bw_min" : 8,
        "bw_max" : 50720,
        "bw_agg" : 100.000000,
        "bw_mean" : 43734.344828,
        "bw_dev" : 11544.307859,
        "bw_samples" : 58,
        "iops_min" : 2,
        "iops_max" : 12680,
        "iops_mean" : 10933.586207,
        "iops_stddev" : 2886.076965,
        "iops_samples" : 58
      },
      "trim" : {
        "io_bytes" : 0,
        "io_kbytes" : 0,
        "bw_bytes" : 0,
        "bw" : 0,
        "iops" : 0.000000,
        "runtime" : 0,
        "total_ios" : 0,
        "short_ios" : 0,
        "drop_ios" : 0,
        "slat_ns" : {
          "min" : 0,
          "max" : 0,
          "mean" : 0.000000,
          "stddev" : 0.000000,
          "N" : 0
        },
        "clat_ns" : {
          "min" : 0,
          "max" : 0,
          "mean" : 0.000000,
          "stddev" : 0.000000,
          "N" : 0
        },
        "lat_ns" : {
          "min" : 0,
          "max" : 0,
          "mean" : 0.000000,
          "stddev" : 0.000000,
          "N" : 0
        },
        "bw_min" : 0,
        "bw_max" : 0,
        "bw_agg" : 0.000000,
        "bw_mean" : 0.000000,
        "bw_dev" : 0.000000,
        "bw_samples" : 0,
        "iops_min" : 0,
        "iops_max" : 0,
        "iops_mean" : 0.000000,
        "iops_stddev" : 0.000000,
        "iops_samples" : 0
      },
      "sync" : {
        "total_ios" : 0,
        "lat_ns" : {
          "min" : 0,
          "max" : 0,
          "mean" : 0.000000,
          "stddev" : 0.000000,
          "N" : 0
        }
      },
      "job_runtime" : 30000,
      "usr_cpu" : 1.816667,
      "sys_cpu" : 17.616667,
      "ctx" : 322844,
      "majf" : 0,
      "minf" : 9,
      "iodepth_level" : {
        "1" : 100.000000,
        "2" : 0.000000,
        "4" : 0.000000,
        "8" : 0.000000,
        "16" : 0.000000,
        "32" : 0.000000,
        ">=64" : 0.000000
      },
      "iodepth_submit" : {
        "0" : 0.000000,
        "4" : 100.000000,
        "8" : 0.000000,
        "16" : 0.000000,
        "32" : 0.000000,
        "64" : 0.000000,
        ">=64" : 0.000000
      },
      "iodepth_complete" : {
        "0" : 0.000000,
        "4" : 100.000000,
        "8" : 0.000000,
        "16" : 0.000000,
        "32" : 0.000000,
        "64" : 0.000000,
        ">=64" : 0.000000
      },
      "latency_ns" : {
        "2" : 0.000000,
        "4" : 0.000000,
        "10" : 0.000000,
        "20" : 0.000000,
        "50" : 0.000000,
        "100" : 0.000000,
        "250" : 0.000000,
        "500" : 0.000000,
        "750" : 0.000000,
        "1000" : 0.000000
      },
      "latency_us" : {
        "2" : 0.000000,
        "4" : 0.000000,
        "10" : 0.000000,
        "20" : 0.000000,
        "50" : 0.010000,
        "100" : 85.726587,
        "250" : 13.768527,
        "500" : 0.354040,
        "750" : 0.016107,
        "1000" : 0.011770
      },
      "latency_ms" : {
        "2" : 0.090136,
        "4" : 0.017346,
        "10" : 0.010000,
        "20" : 0.010000,
        "50" : 0.000000,
        "100" : 0.000000,
        "250" : 0.000000,
        "500" : 0.010000,
        "750" : 0.010000,
        "1000" : 0.010000,
        "2000" : 0.000000,
        ">=2000" : 0.000000
      },
      "latency_depth" : 1,
      "latency_target" : 0,
      "latency_percentile" : 100.000000,
      "latency_window" : 0
    }
  ],
  "disk_util" : [
    {
      "name" : "sdd",
      "read_ios" : 54,
      "write_ios" : 321584,
      "read_sectors" : 680,
      "write_sectors" : 2580648,
      "read_merges" : 30,
      "write_merges" : 55,
      "read_ticks" : 7,
      "write_ticks" : 23473,
      "in_queue" : 23492,
      "util" : 69.259506
    }
  ]
}
