{
  "fio version" : "fio-3.36",
  "timestamp" : 1775098546,
  "timestamp_ms" : 1775098546830,
  "time" : "Thu Apr  2 10:55:46 2026",
  "jobs" : [
    {
      "jobname" : "bs_4k_rand_read",
      "groupid" : 0,
      "job_start" : 1775098516076,
      "error" : 0,
      "eta" : 0,
      "elapsed" : 31,
      "job options" : {
        "name" : "bs_4k_rand_read",
        "filename" : "fio_test_file",
        "rw" : "randread",
        "bs" : "4k",
        "ioengine" : "pvsync",
        "numjobs" : "1",
        "iodepth" : "1",
        "size" : "1G",
        "time_based" : "1",
        "runtime" : "30",
        "direct" : "1",
        "group_reporting" : "1"
      },
      "read" : {
        "io_bytes" : 1073844224,
        "io_kbytes" : 1048676,
        "bw_bytes" : 35793614,
        "bw" : 34954,
        "iops" : 8738.675377,
        "runtime" : 30001,
        "total_ios" : 262169,
        "short_ios" : 0,
        "drop_ios" : 0,
        "slat_ns" : {
          "min" : 0,
          "max" : 0,
          "mean" : 0.000000,
          "stddev" : 0.000000,
          "N" : 0
        },
        "clat_ns" : {
          "min" : 41199,
          "max" : 4735448,
          "mean" : 113833.873452,
          "stddev" : 55406.460208,
          "N" : 262169,
          "percentile" : {
            "1.000000" : 82432,
            "5.000000" : 85504,
            "10.000000" : 86528,
            "20.000000" : 90624,
            "30.000000" : 92672,
            "40.000000" : 95744,
            "50.000000" : 99840,
            "60.000000" : 107008,
            "70.000000" : 121344,
            "80.000000" : 132096,
            "90.000000" : 146432,
            "95.000000" : 168960,
            "99.000000" : 268288,
            "99.500000" : 325632,
            "99.900000" : 823296,
            "99.950000" : 1269760,
            "99.990000" : 1908736
          }
        },
        "lat_ns" : {
          "min" : 41227,
          "max" : 4735578,
          "mean" : 113878.252482,
          "stddev" : 55418.480544,
          "N" : 262169
        },
        "bw_min" : 32016,
        "bw_max" : 36112,
        "bw_agg" : 100.000000,
        "bw_mean" : 34967.474576,
        "bw_dev" : 771.343708,
        "bw_samples" : 59,
        "iops_min" : 8004,
        "iops_max" : 9028,
        "iops_mean" : 8741.779661,
        "iops_stddev" : 192.793803,
        "iops_samples" : 59
      },
      "write" : {
        "io_bytes" : 0,
        "io_kbytes" : 0,
        "bw_bytes" : 0,
        "bw" : 0,
        "iops" : 0.000000,
        "runtime" : 0,
        "total_ios" : 0,
        "short_ios" : 0,
        "drop_ios" : 0,
        "slat_ns" : {
          "min" : 0,
          "max" : 0,
          "mean" : 0.000000,
          "stddev" : 0.000000,
          "N" : 0
        },
        "clat_ns" : {
          "min" : 0,
          "max" : 0,
          "mean" : 0.000000,
          "stddev" : 0.000000,
          "N" : 0
        },
        "lat_ns" : {
          "min" : 0,
          "max" : 0,
          "mean" : 0.000000,
          "stddev" : 0.000000,
          "N" : 0
        },
        "bw_min" : 0,
        "bw_max" : 0,
        "bw_agg" : 0.000000,
        "bw_mean" : 0.000000,
        "bw_dev" : 0.000000,
        "bw_samples" : 0,
        "iops_min" : 0,
        "iops_max" : 0,
        "iops_mean" : 0.000000,
        "iops_stddev" : 0.000000,
        "iops_samples" : 0
      },
      "trim" : {
        "io_bytes" : 0,
        "io_kbytes" : 0,
        "bw_bytes" : 0,
        "bw" : 0,
        "iops" : 0.000000,
        "runtime" : 0,
        "total_ios" : 0,
        "short_ios" : 0,
        "drop_ios" : 0,
        "slat_ns" : {
          "min" : 0,
          "max" : 0,
          "mean" : 0.000000,
          "stddev" : 0.000000,
          "N" : 0
        },
        "clat_ns" : {
          "min" : 0,
          "max" : 0,
          "mean" : 0.000000,
          "stddev" : 0.000000,
          "N" : 0
        },
        "lat_ns" : {
          "min" : 0,
          "max" : 0,
          "mean" : 0.000000,
          "stddev" : 0.000000,
          "N" : 0
        },
        "bw_min" : 0,
        "bw_max" : 0,
        "bw_agg" : 0.000000,
        "bw_mean" : 0.000000,
        "bw_dev" : 0.000000,
        "bw_samples" : 0,
        "iops_min" : 0,
        "iops_max" : 0,
        "iops_mean" : 0.000000,
        "iops_stddev" : 0.000000,
        "iops_samples" : 0
      },
      "sync" : {
        "total_ios" : 0,
        "lat_ns" : {
          "min" : 0,
          "max" : 0,
          "mean" : 0.000000,
          "stddev" : 0.000000,
          "N" : 0
        }
      },
      "job_runtime" : 30000,
      "usr_cpu" : 1.083333,
      "sys_cpu" : 6.243333,
      "ctx" : 262180,
      "majf" : 0,
      "minf" : 21,
      "iodepth_level" : {
        "1" : 100.000000,
        "2" : 0.000000,
        "4" : 0.000000,
        "8" : 0.000000,
        "16" : 0.000000,
        "32" : 0.000000,
        ">=64" : 0.000000
      },
      "iodepth_submit" : {
        "0" : 0.000000,
        "4" : 100.000000,
        "8" : 0.000000,
        "16" : 0.000000,
        "32" : 0.000000,
        "64" : 0.000000,
        ">=64" : 0.000000
      },
      "iodepth_complete" : {
        "0" : 0.000000,
        "4" : 100.000000,
        "8" : 0.000000,
        "16" : 0.000000,
        "32" : 0.000000,
        "64" : 0.000000,
        ">=64" : 0.000000
      },
      "latency_ns" : {
        "2" : 0.000000,
        "4" : 0.000000,
        "10" : 0.000000,
        "20" : 0.000000,
        "50" : 0.000000,
        "100" : 0.000000,
        "250" : 0.000000,
        "500" : 0.000000,
        "750" : 0.000000,
        "1000" : 0.000000
      },
      "latency_us" : {
        "2" : 0.000000,
        "4" : 0.000000,
        "10" : 0.000000,
        "20" : 0.000000,
        "50" : 0.012969,
        "100" : 50.766490,
        "250" : 47.980501,
        "500" : 1.099291,
        "750" : 0.037380,
        "1000" : 0.027463
      },
      "latency_ms" : {
        "2" : 0.068658,
        "4" : 0.010000,
        "10" : 0.010000,
        "20" : 0.000000,
        "50" : 0.000000,
        "100" : 0.000000,
        "250" : 0.000000,
        "500" : 0.000000,
        "750" : 0.000000,
        "1000" : 0.000000,
        "2000" : 0.000000,
        ">=2000" : 0.000000
      },
      "latency_depth" : 1,
      "latency_target" : 0,
      "latency_percentile" : 100.000000,
      "latency_window" : 0
    }
  ],
  "disk_util" : [
    {
      "name" : "sdd",
      "read_ios" : 261524,
      "write_ios" : 69,
      "read_sectors" : 2097688,
      "write_sectors" : 9344,
      "read_merges" : 29,
      "write_merges" : 97,
      "read_ticks" : 27774,
      "write_ticks" : 33,
      "in_queue" : 27813,
      "util" : 85.787631
    }
  ]
}
