{
  "fio version" : "fio-3.36",
  "timestamp" : 1775097269,
  "timestamp_ms" : 1775097269870,
  "time" : "Thu Apr  2 10:34:29 2026",
  "jobs" : [
    {
      "jobname" : "bs_64k_rand_write",
      "groupid" : 0,
      "job_start" : 1775097239858,
      "error" : 0,
      "eta" : 0,
      "elapsed" : 31,
      "job options" : {
        "name" : "bs_64k_rand_write",
        "filename" : "fio_test_file",
        "rw" : "randwrite",
        "bs" : "64k",
        "ioengine" : "pvsync",
        "numjobs" : "1",
        "iodepth" : "1",
        "size" : "1G",
        "time_based" : "1",
        "runtime" : "30",
        "direct" : "1",
        "group_reporting" : "1"
      },
      "read" : {
        "io_bytes" : 0,
        "io_kbytes" : 0,
        "bw_bytes" : 0,
        "bw" : 0,
        "iops" : 0.000000,
        "runtime" : 0,
        "total_ios" : 0,
        "short_ios" : 0,
        "drop_ios" : 0,
        "slat_ns" : {
          "min" : 0,
          "max" : 0,
          "mean" : 0.000000,
          "stddev" : 0.000000,
          "N" : 0
        },
        "clat_ns" : {
          "min" : 0,
          "max" : 0,
          "mean" : 0.000000,
          "stddev" : 0.000000,
          "N" : 0
        },
        "lat_ns" : {
          "min" : 0,
          "max" : 0,
          "mean" : 0.000000,
          "stddev" : 0.000000,
          "N" : 0
        },
        "bw_min" : 0,
        "bw_max" : 0,
        "bw_agg" : 0.000000,
        "bw_mean" : 0.000000,
        "bw_dev" : 0.000000,
        "bw_samples" : 0,
        "iops_min" : 0,
        "iops_max" : 0,
        "iops_mean" : 0.000000,
        "iops_stddev" : 0.000000,
        "iops_samples" : 0
      },
      "write" : {
        "io_bytes" : 12786270208,
        "io_kbytes" : 12486592,
        "bw_bytes" : 426194800,
        "bw" : 416205,
        "iops" : 6503.216559,
        "runtime" : 30001,
        "total_ios" : 195103,
        "short_ios" : 0,
        "drop_ios" : 0,
        "slat_ns" : {
          "min" : 0,
          "max" : 0,
          "mean" : 0.000000,
          "stddev" : 0.000000,
          "N" : 0
        },
        "clat_ns" : {
          "min" : 51781,
          "max" : 200887268,
          "mean" : 151258.778973,
          "stddev" : 1117509.157157,
          "N" : 195103,
          "percentile" : {
            "1.000000" : 61184,
            "5.000000" : 63232,
            "10.000000" : 64768,
            "20.000000" : 67072,
            "30.000000" : 72192,
            "40.000000" : 79360,
            "50.000000" : 90624,
            "60.000000" : 102912,
            "70.000000" : 116224,
            "80.000000" : 142336,
            "90.000000" : 226304,
            "95.000000" : 407552,
            "99.000000" : 905216,
            "99.500000" : 1449984,
            "99.900000" : 2375680,
            "99.950000" : 3129344,
            "99.990000" : 22675456
          }
        },
        "lat_ns" : {
          "min" : 52945,
          "max" : 200889879,
          "mean" : 153069.499823,
          "stddev" : 1117512.434475,
          "N" : 195103
        },
        "bw_min" : 270080,
        "bw_max" : 487424,
        "bw_agg" : 99.829685,
        "bw_mean" : 415497.101695,
        "bw_dev" : 50089.372896,
        "bw_samples" : 59,
        "iops_min" : 4220,
        "iops_max" : 7616,
        "iops_mean" : 6492.135593,
        "iops_stddev" : 782.643783,
        "iops_samples" : 59
      },
      "trim" : {
        "io_bytes" : 0,
        "io_kbytes" : 0,
        "bw_bytes" : 0,
        "bw" : 0,
        "iops" : 0.000000,
        "runtime" : 0,
        "total_ios" : 0,
        "short_ios" : 0,
        "drop_ios" : 0,
        "slat_ns" : {
          "min" : 0,
          "max" : 0,
          "mean" : 0.000000,
          "stddev" : 0.000000,
          "N" : 0
        },
        "clat_ns" : {
          "min" : 0,
          "max" : 0,
          "mean" : 0.000000,
          "stddev" : 0.000000,
          "N" : 0
        },
        "lat_ns" : {
          "min" : 0,
          "max" : 0,
          "mean" : 0.000000,
          "stddev" : 0.000000,
          "N" : 0
        },
        "bw_min" : 0,
        "bw_max" : 0,
        "bw_agg" : 0.000000,
        "bw_mean" : 0.000000,
        "bw_dev" : 0.000000,
        "bw_samples" : 0,
        "iops_min" : 0,
        "iops_max" : 0,
        "iops_mean" : 0.000000,
        "iops_stddev" : 0.000000,
        "iops_samples" : 0
      },
      "sync" : {
        "total_ios" : 0,
        "lat_ns" : {
          "min" : 0,
          "max" : 0,
          "mean" : 0.000000,
          "stddev" : 0.000000,
          "N" : 0
        }
      },
      "job_runtime" : 30000,
      "usr_cpu" : 2.756667,
      "sys_cpu" : 12.110000,
      "ctx" : 195098,
      "majf" : 0,
      "minf" : 12,
      "iodepth_level" : {
        "1" : 100.000000,
        "2" : 0.000000,
        "4" : 0.000000,
        "8" : 0.000000,
        "16" : 0.000000,
        "32" : 0.000000,
        ">=64" : 0.000000
      },
      "iodepth_submit" : {
        "0" : 0.000000,
        "4" : 100.000000,
        "8" : 0.000000,
        "16" : 0.000000,
        "32" : 0.000000,
        "64" : 0.000000,
        ">=64" : 0.000000
      },
      "iodepth_complete" : {
        "0" : 0.000000,
        "4" : 100.000000,
        "8" : 0.000000,
        "16" : 0.000000,
        "32" : 0.000000,
        "64" : 0.000000,
        ">=64" : 0.000000
      },
      "latency_ns" : {
        "2" : 0.000000,
        "4" : 0.000000,
        "10" : 0.000000,
        "20" : 0.000000,
        "50" : 0.000000,
        "100" : 0.000000,
        "250" : 0.000000,
        "500" : 0.000000,
        "750" : 0.000000,
        "1000" : 0.000000
      },
      "latency_us" : {
        "2" : 0.000000,
        "4" : 0.000000,
        "10" : 0.000000,
        "20" : 0.000000,
        "50" : 0.000000,
        "100" : 57.968868,
        "250" : 33.366478,
        "500" : 4.951231,
        "750" : 2.296223,
        "1000" : 0.554579
      },
      "latency_ms" : {
        "2" : 0.669390,
        "4" : 0.152740,
        "10" : 0.026140,
        "20" : 0.010000,
        "50" : 0.010000,
        "100" : 0.010000,
        "250" : 0.010000,
        "500" : 0.000000,
        "750" : 0.000000,
        "1000" : 0.000000,
        "2000" : 0.000000,
        ">=2000" : 0.000000
      },
      "latency_depth" : 1,
      "latency_target" : 0,
      "latency_percentile" : 100.000000,
      "latency_window" : 0
    }
  ],
  "disk_util" : [
    {
      "name" : "sdd",
      "read_ios" : 94,
      "write_ios" : 194457,
      "read_sectors" : 14216,
      "write_sectors" : 24903440,
      "read_merges" : 29,
      "write_merges" : 69,
      "read_ticks" : 175,
      "write_ticks" : 25775,
      "in_queue" : 25978,
      "util" : 78.748666
    }
  ]
}
