{
  "fio version" : "fio-3.36",
  "timestamp" : 1775097041,
  "timestamp_ms" : 1775097041875,
  "time" : "Thu Apr  2 10:30:41 2026",
  "jobs" : [
    {
      "jobname" : "bs_64k_rand_read",
      "groupid" : 0,
      "job_start" : 1775097011856,
      "error" : 0,
      "eta" : 0,
      "elapsed" : 31,
      "job options" : {
        "name" : "bs_64k_rand_read",
        "filename" : "fio_test_file",
        "rw" : "randread",
        "bs" : "64k",
        "ioengine" : "pvsync",
        "numjobs" : "1",
        "iodepth" : "1",
        "size" : "1G",
        "time_based" : "1",
        "runtime" : "30",
        "direct" : "1",
        "group_reporting" : "1"
      },
      "read" : {
        "io_bytes" : 11943804928,
        "io_kbytes" : 11663872,
        "bw_bytes" : 398113560,
        "bw" : 388782,
        "iops" : 6074.730842,
        "runtime" : 30001,
        "total_ios" : 182248,
        "short_ios" : 0,
        "drop_ios" : 0,
        "slat_ns" : {
          "min" : 0,
          "max" : 0,
          "mean" : 0.000000,
          "stddev" : 0.000000,
          "N" : 0
        },
        "clat_ns" : {
          "min" : 106582,
          "max" : 5221203,
          "mean" : 164128.025356,
          "stddev" : 54575.495348,
          "N" : 182248,
          "percentile" : {
            "1.000000" : 114176,
            "5.000000" : 118272,
            "10.000000" : 123392,
            "20.000000" : 144384,
            "30.000000" : 148480,
            "40.000000" : 150528,
            "50.000000" : 154624,
            "60.000000" : 156672,
            "70.000000" : 164864,
            "80.000000" : 181248,
            "90.000000" : 201728,
            "95.000000" : 232448,
            "99.000000" : 346112,
            "99.500000" : 391168,
            "99.900000" : 497664,
            "99.950000" : 561152,
            "99.990000" : 1712128
          }
        },
        "lat_ns" : {
          "min" : 106599,
          "max" : 5221391,
          "mean" : 164164.844854,
          "stddev" : 54588.300851,
          "N" : 182248
        },
        "bw_min" : 347904,
        "bw_max" : 404992,
        "bw_agg" : 100.000000,
        "bw_mean" : 388952.949153,
        "bw_dev" : 9493.634320,
        "bw_samples" : 59,
        "iops_min" : 5436,
        "iops_max" : 6328,
        "iops_mean" : 6077.389831,
        "iops_stddev" : 148.338036,
        "iops_samples" : 59
      },
      "write" : {
        "io_bytes" : 0,
        "io_kbytes" : 0,
        "bw_bytes" : 0,
        "bw" : 0,
        "iops" : 0.000000,
        "runtime" : 0,
        "total_ios" : 0,
        "short_ios" : 0,
        "drop_ios" : 0,
        "slat_ns" : {
          "min" : 0,
          "max" : 0,
          "mean" : 0.000000,
          "stddev" : 0.000000,
          "N" : 0
        },
        "clat_ns" : {
          "min" : 0,
          "max" : 0,
          "mean" : 0.000000,
          "stddev" : 0.000000,
          "N" : 0
        },
        "lat_ns" : {
          "min" : 0,
          "max" : 0,
          "mean" : 0.000000,
          "stddev" : 0.000000,
          "N" : 0
        },
        "bw_min" : 0,
        "bw_max" : 0,
        "bw_agg" : 0.000000,
        "bw_mean" : 0.000000,
        "bw_dev" : 0.000000,
        "bw_samples" : 0,
        "iops_min" : 0,
        "iops_max" : 0,
        "iops_mean" : 0.000000,
        "iops_stddev" : 0.000000,
        "iops_samples" : 0
      },
      "trim" : {
        "io_bytes" : 0,
        "io_kbytes" : 0,
        "bw_bytes" : 0,
        "bw" : 0,
        "iops" : 0.000000,
        "runtime" : 0,
        "total_ios" : 0,
        "short_ios" : 0,
        "drop_ios" : 0,
        "slat_ns" : {
          "min" : 0,
          "max" : 0,
          "mean" : 0.000000,
          "stddev" : 0.000000,
          "N" : 0
        },
        "clat_ns" : {
          "min" : 0,
          "max" : 0,
          "mean" : 0.000000,
          "stddev" : 0.000000,
          "N" : 0
        },
        "lat_ns" : {
          "min" : 0,
          "max" : 0,
          "mean" : 0.000000,
          "stddev" : 0.000000,
          "N" : 0
        },
        "bw_min" : 0,
        "bw_max" : 0,
        "bw_agg" : 0.000000,
        "bw_mean" : 0.000000,
        "bw_dev" : 0.000000,
        "bw_samples" : 0,
        "iops_min" : 0,
        "iops_max" : 0,
        "iops_mean" : 0.000000,
        "iops_stddev" : 0.000000,
        "iops_samples" : 0
      },
      "sync" : {
        "total_ios" : 0,
        "lat_ns" : {
          "min" : 0,
          "max" : 0,
          "mean" : 0.000000,
          "stddev" : 0.000000,
          "N" : 0
        }
      },
      "job_runtime" : 30000,
      "usr_cpu" : 0.866667,
      "sys_cpu" : 4.680000,
      "ctx" : 182247,
      "majf" : 0,
      "minf" : 27,
      "iodepth_level" : {
        "1" : 100.000000,
        "2" : 0.000000,
        "4" : 0.000000,
        "8" : 0.000000,
        "16" : 0.000000,
        "32" : 0.000000,
        ">=64" : 0.000000
      },
      "iodepth_submit" : {
        "0" : 0.000000,
        "4" : 100.000000,
        "8" : 0.000000,
        "16" : 0.000000,
        "32" : 0.000000,
        "64" : 0.000000,
        ">=64" : 0.000000
      },
      "iodepth_complete" : {
        "0" : 0.000000,
        "4" : 100.000000,
        "8" : 0.000000,
        "16" : 0.000000,
        "32" : 0.000000,
        "64" : 0.000000,
        ">=64" : 0.000000
      },
      "latency_ns" : {
        "2" : 0.000000,
        "4" : 0.000000,
        "10" : 0.000000,
        "20" : 0.000000,
        "50" : 0.000000,
        "100" : 0.000000,
        "250" : 0.000000,
        "500" : 0.000000,
        "750" : 0.000000,
        "1000" : 0.000000
      },
      "latency_us" : {
        "2" : 0.000000,
        "4" : 0.000000,
        "10" : 0.000000,
        "20" : 0.000000,
        "50" : 0.000000,
        "100" : 0.000000,
        "250" : 96.220535,
        "500" : 3.680699,
        "750" : 0.071331,
        "1000" : 0.010000
      },
      "latency_ms" : {
        "2" : 0.012071,
        "4" : 0.010000,
        "10" : 0.010000,
        "20" : 0.000000,
        "50" : 0.000000,
        "100" : 0.000000,
        "250" : 0.000000,
        "500" : 0.000000,
        "750" : 0.000000,
        "1000" : 0.000000,
        "2000" : 0.000000,
        ">=2000" : 0.000000
      },
      "latency_depth" : 1,
      "latency_target" : 0,
      "latency_percentile" : 100.000000,
      "latency_window" : 0
    }
  ],
  "disk_util" : [
    {
      "name" : "sdd",
      "read_ios" : 181710,
      "write_ios" : 61,
      "read_sectors" : 23249048,
      "write_sectors" : 8960,
      "read_merges" : 0,
      "write_merges" : 65,
      "read_ticks" : 28146,
      "write_ticks" : 38,
      "in_queue" : 28193,
      "util" : 89.367663
    }
  ]
}
