{
  "fio version" : "fio-3.36",
  "timestamp" : 1775096940,
  "timestamp_ms" : 1775096940698,
  "time" : "Thu Apr  2 10:29:00 2026",
  "jobs" : [
    {
      "jobname" : "bs_8k_rand_read",
      "groupid" : 0,
      "job_start" : 1775096910681,
      "error" : 0,
      "eta" : 0,
      "elapsed" : 31,
      "job options" : {
        "name" : "bs_8k_rand_read",
        "filename" : "fio_test_file",
        "rw" : "randread",
        "bs" : "8k",
        "ioengine" : "pvsync",
        "numjobs" : "1",
        "iodepth" : "1",
        "size" : "1G",
        "time_based" : "1",
        "runtime" : "30",
        "direct" : "1",
        "group_reporting" : "1"
      },
      "read" : {
        "io_bytes" : 1809506304,
        "io_kbytes" : 1767096,
        "bw_bytes" : 60314866,
        "bw" : 58901,
        "iops" : 7362.654578,
        "runtime" : 30001,
        "total_ios" : 220887,
        "short_ios" : 0,
        "drop_ios" : 0,
        "slat_ns" : {
          "min" : 0,
          "max" : 0,
          "mean" : 0.000000,
          "stddev" : 0.000000,
          "N" : 0
        },
        "clat_ns" : {
          "min" : 52127,
          "max" : 11747940,
          "mean" : 135273.257516,
          "stddev" : 54193.075890,
          "N" : 220887,
          "percentile" : {
            "1.000000" : 89600,
            "5.000000" : 92672,
            "10.000000" : 95744,
            "20.000000" : 102912,
            "30.000000" : 123392,
            "40.000000" : 126464,
            "50.000000" : 128512,
            "60.000000" : 132096,
            "70.000000" : 136192,
            "80.000000" : 148480,
            "90.000000" : 173056,
            "95.000000" : 203776,
            "99.000000" : 309248,
            "99.500000" : 350208,
            "99.900000" : 460800,
            "99.950000" : 509952,
            "99.990000" : 847872
          }
        },
        "lat_ns" : {
          "min" : 52142,
          "max" : 11747959,
          "mean" : 135311.985807,
          "stddev" : 54207.031477,
          "N" : 220887
        },
        "bw_min" : 54976,
        "bw_max" : 61200,
        "bw_agg" : 100.000000,
        "bw_mean" : 58917.966102,
        "bw_dev" : 988.000383,
        "bw_samples" : 59,
        "iops_min" : 6872,
        "iops_max" : 7650,
        "iops_mean" : 7364.745763,
        "iops_stddev" : 123.500048,
        "iops_samples" : 59
      },
      "write" : {
        "io_bytes" : 0,
        "io_kbytes" : 0,
        "bw_bytes" : 0,
        "bw" : 0,
        "iops" : 0.000000,
        "runtime" : 0,
        "total_ios" : 0,
        "short_ios" : 0,
        "drop_ios" : 0,
        "slat_ns" : {
          "min" : 0,
          "max" : 0,
          "mean" : 0.000000,
          "stddev" : 0.000000,
          "N" : 0
        },
        "clat_ns" : {
          "min" : 0,
          "max" : 0,
          "mean" : 0.000000,
          "stddev" : 0.000000,
          "N" : 0
        },
        "lat_ns" : {
          "min" : 0,
          "max" : 0,
          "mean" : 0.000000,
          "stddev" : 0.000000,
          "N" : 0
        },
        "bw_min" : 0,
        "bw_max" : 0,
        "bw_agg" : 0.000000,
        "bw_mean" : 0.000000,
        "bw_dev" : 0.000000,
        "bw_samples" : 0,
        "iops_min" : 0,
        "iops_max" : 0,
        "iops_mean" : 0.000000,
        "iops_stddev" : 0.000000,
        "iops_samples" : 0
      },
      "trim" : {
        "io_bytes" : 0,
        "io_kbytes" : 0,
        "bw_bytes" : 0,
        "bw" : 0,
        "iops" : 0.000000,
        "runtime" : 0,
        "total_ios" : 0,
        "short_ios" : 0,
        "drop_ios" : 0,
        "slat_ns" : {
          "min" : 0,
          "max" : 0,
          "mean" : 0.000000,
          "stddev" : 0.000000,
          "N" : 0
        },
        "clat_ns" : {
          "min" : 0,
          "max" : 0,
          "mean" : 0.000000,
          "stddev" : 0.000000,
          "N" : 0
        },
        "lat_ns" : {
          "min" : 0,
          "max" : 0,
          "mean" : 0.000000,
          "stddev" : 0.000000,
          "N" : 0
        },
        "bw_min" : 0,
        "bw_max" : 0,
        "bw_agg" : 0.000000,
        "bw_mean" : 0.000000,
        "bw_dev" : 0.000000,
        "bw_samples" : 0,
        "iops_min" : 0,
        "iops_max" : 0,
        "iops_mean" : 0.000000,
        "iops_stddev" : 0.000000,
        "iops_samples" : 0
      },
      "sync" : {
        "total_ios" : 0,
        "lat_ns" : {
          "min" : 0,
          "max" : 0,
          "mean" : 0.000000,
          "stddev" : 0.000000,
          "N" : 0
        }
      },
      "job_runtime" : 30000,
      "usr_cpu" : 1.066667,
      "sys_cpu" : 4.993333,
      "ctx" : 220888,
      "majf" : 0,
      "minf" : 11,
      "iodepth_level" : {
        "1" : 100.000000,
        "2" : 0.000000,
        "4" : 0.000000,
        "8" : 0.000000,
        "16" : 0.000000,
        "32" : 0.000000,
        ">=64" : 0.000000
      },
      "iodepth_submit" : {
        "0" : 0.000000,
        "4" : 100.000000,
        "8" : 0.000000,
        "16" : 0.000000,
        "32" : 0.000000,
        "64" : 0.000000,
        ">=64" : 0.000000
      },
      "iodepth_complete" : {
        "0" : 0.000000,
        "4" : 100.000000,
        "8" : 0.000000,
        "16" : 0.000000,
        "32" : 0.000000,
        "64" : 0.000000,
        ">=64" : 0.000000
      },
      "latency_ns" : {
        "2" : 0.000000,
        "4" : 0.000000,
        "10" : 0.000000,
        "20" : 0.000000,
        "50" : 0.000000,
        "100" : 0.000000,
        "250" : 0.000000,
        "500" : 0.000000,
        "750" : 0.000000,
        "1000" : 0.000000
      },
      "latency_us" : {
        "2" : 0.000000,
        "4" : 0.000000,
        "10" : 0.000000,
        "20" : 0.000000,
        "50" : 0.000000,
        "100" : 18.112881,
        "250" : 79.181210,
        "500" : 2.651129,
        "750" : 0.043461,
        "1000" : 0.010000
      },
      "latency_ms" : {
        "2" : 0.010000,
        "4" : 0.010000,
        "10" : 0.010000,
        "20" : 0.010000,
        "50" : 0.000000,
        "100" : 0.000000,
        "250" : 0.000000,
        "500" : 0.000000,
        "750" : 0.000000,
        "1000" : 0.000000,
        "2000" : 0.000000,
        ">=2000" : 0.000000
      },
      "latency_depth" : 1,
      "latency_target" : 0,
      "latency_percentile" : 100.000000,
      "latency_window" : 0
    }
  ],
  "disk_util" : [
    {
      "name" : "sdd",
      "read_ios" : 220208,
      "write_ios" : 53,
      "read_sectors" : 3522688,
      "write_sectors" : 8880,
      "read_merges" : 0,
      "write_merges" : 67,
      "read_ticks" : 27788,
      "write_ticks" : 42,
      "in_queue" : 27836,
      "util" : 85.899146
    }
  ]
}
