{
  "fio version" : "fio-3.36",
  "timestamp" : 1775097176,
  "timestamp_ms" : 1775097176115,
  "time" : "Thu Apr  2 10:32:56 2026",
  "jobs" : [
    {
      "jobname" : "bs_8k_rand_write",
      "groupid" : 0,
      "job_start" : 1775097142761,
      "error" : 0,
      "eta" : 0,
      "elapsed" : 31,
      "job options" : {
        "name" : "bs_8k_rand_write",
        "filename" : "fio_test_file",
        "rw" : "randwrite",
        "bs" : "8k",
        "ioengine" : "pvsync",
        "numjobs" : "1",
        "iodepth" : "1",
        "size" : "1G",
        "time_based" : "1",
        "runtime" : "30",
        "direct" : "1",
        "group_reporting" : "1"
      },
      "read" : {
        "io_bytes" : 0,
        "io_kbytes" : 0,
        "bw_bytes" : 0,
        "bw" : 0,
        "iops" : 0.000000,
        "runtime" : 0,
        "total_ios" : 0,
        "short_ios" : 0,
        "drop_ios" : 0,
        "slat_ns" : {
          "min" : 0,
          "max" : 0,
          "mean" : 0.000000,
          "stddev" : 0.000000,
          "N" : 0
        },
        "clat_ns" : {
          "min" : 0,
          "max" : 0,
          "mean" : 0.000000,
          "stddev" : 0.000000,
          "N" : 0
        },
        "lat_ns" : {
          "min" : 0,
          "max" : 0,
          "mean" : 0.000000,
          "stddev" : 0.000000,
          "N" : 0
        },
        "bw_min" : 0,
        "bw_max" : 0,
        "bw_agg" : 0.000000,
        "bw_mean" : 0.000000,
        "bw_dev" : 0.000000,
        "bw_samples" : 0,
        "iops_min" : 0,
        "iops_max" : 0,
        "iops_mean" : 0.000000,
        "iops_stddev" : 0.000000,
        "iops_samples" : 0
      },
      "write" : {
        "io_bytes" : 3284303872,
        "io_kbytes" : 3207328,
        "bw_bytes" : 108096760,
        "bw" : 105563,
        "iops" : 13195.405325,
        "runtime" : 30383,
        "total_ios" : 400916,
        "short_ios" : 0,
        "drop_ios" : 0,
        "slat_ns" : {
          "min" : 0,
          "max" : 0,
          "mean" : 0.000000,
          "stddev" : 0.000000,
          "N" : 0
        },
        "clat_ns" : {
          "min" : 36053,
          "max" : 667656399,
          "mean" : 75096.928965,
          "stddev" : 1880766.374806,
          "N" : 400916,
          "percentile" : {
            "1.000000" : 48384,
            "5.000000" : 50432,
            "10.000000" : 51456,
            "20.000000" : 52480,
            "30.000000" : 53504,
            "40.000000" : 54528,
            "50.000000" : 56576,
            "60.000000" : 60672,
            "70.000000" : 67072,
            "80.000000" : 78336,
            "90.000000" : 94720,
            "95.000000" : 114176,
            "99.000000" : 183296,
            "99.500000" : 220160,
            "99.900000" : 317440,
            "99.950000" : 440320,
            "99.990000" : 1417216
          }
        },
        "lat_ns" : {
          "min" : 36186,
          "max" : 667656427,
          "mean" : 75196.892222,
          "stddev" : 1880767.025379,
          "N" : 400916
        },
        "bw_min" : 4688,
        "bw_max" : 129904,
        "bw_agg" : 100.000000,
        "bw_mean" : 108722.711864,
        "bw_dev" : 27722.348494,
        "bw_samples" : 59,
        "iops_min" : 586,
        "iops_max" : 16238,
        "iops_mean" : 13590.338983,
        "iops_stddev" : 3465.293562,
        "iops_samples" : 59
      },
      "trim" : {
        "io_bytes" : 0,
        "io_kbytes" : 0,
        "bw_bytes" : 0,
        "bw" : 0,
        "iops" : 0.000000,
        "runtime" : 0,
        "total_ios" : 0,
        "short_ios" : 0,
        "drop_ios" : 0,
        "slat_ns" : {
          "min" : 0,
          "max" : 0,
          "mean" : 0.000000,
          "stddev" : 0.000000,
          "N" : 0
        },
        "clat_ns" : {
          "min" : 0,
          "max" : 0,
          "mean" : 0.000000,
          "stddev" : 0.000000,
          "N" : 0
        },
        "lat_ns" : {
          "min" : 0,
          "max" : 0,
          "mean" : 0.000000,
          "stddev" : 0.000000,
          "N" : 0
        },
        "bw_min" : 0,
        "bw_max" : 0,
        "bw_agg" : 0.000000,
        "bw_mean" : 0.000000,
        "bw_dev" : 0.000000,
        "bw_samples" : 0,
        "iops_min" : 0,
        "iops_max" : 0,
        "iops_mean" : 0.000000,
        "iops_stddev" : 0.000000,
        "iops_samples" : 0
      },
      "sync" : {
        "total_ios" : 0,
        "lat_ns" : {
          "min" : 0,
          "max" : 0,
          "mean" : 0.000000,
          "stddev" : 0.000000,
          "N" : 0
        }
      },
      "job_runtime" : 30382,
      "usr_cpu" : 1.961688,
      "sys_cpu" : 21.042064,
      "ctx" : 400909,
      "majf" : 0,
      "minf" : 8,
      "iodepth_level" : {
        "1" : 100.000000,
        "2" : 0.000000,
        "4" : 0.000000,
        "8" : 0.000000,
        "16" : 0.000000,
        "32" : 0.000000,
        ">=64" : 0.000000
      },
      "iodepth_submit" : {
        "0" : 0.000000,
        "4" : 100.000000,
        "8" : 0.000000,
        "16" : 0.000000,
        "32" : 0.000000,
        "64" : 0.000000,
        ">=64" : 0.000000
      },
      "iodepth_complete" : {
        "0" : 0.000000,
        "4" : 100.000000,
        "8" : 0.000000,
        "16" : 0.000000,
        "32" : 0.000000,
        "64" : 0.000000,
        ">=64" : 0.000000
      },
      "latency_ns" : {
        "2" : 0.000000,
        "4" : 0.000000,
        "10" : 0.000000,
        "20" : 0.000000,
        "50" : 0.000000,
        "100" : 0.000000,
        "250" : 0.000000,
        "500" : 0.000000,
        "750" : 0.000000,
        "1000" : 0.000000
      },
      "latency_us" : {
        "2" : 0.000000,
        "4" : 0.000000,
        "10" : 0.000000,
        "20" : 0.000000,
        "50" : 4.053966,
        "100" : 87.840595,
        "250" : 7.812360,
        "500" : 0.250676,
        "750" : 0.020703,
        "1000" : 0.010000
      },
      "latency_ms" : {
        "2" : 0.010000,
        "4" : 0.010000,
        "10" : 0.000000,
        "20" : 0.000000,
        "50" : 0.000000,
        "100" : 0.000000,
        "250" : 0.010000,
        "500" : 0.010000,
        "750" : 0.010000,
        "1000" : 0.000000,
        "2000" : 0.000000,
        ">=2000" : 0.000000
      },
      "latency_depth" : 1,
      "latency_target" : 0,
      "latency_percentile" : 100.000000,
      "latency_window" : 0
    }
  ],
  "disk_util" : [
    {
      "name" : "sdd",
      "read_ios" : 52,
      "write_ios" : 400984,
      "read_sectors" : 416,
      "write_sectors" : 6422496,
      "read_merges" : 0,
      "write_merges" : 59,
      "read_ticks" : 7,
      "write_ticks" : 22867,
      "in_queue" : 22885,
      "util" : 66.296223
    }
  ]
}
