{
  "fio version" : "fio-3.36",
  "timestamp" : 1775096518,
  "timestamp_ms" : 1775096518768,
  "time" : "Thu Apr  2 10:21:58 2026",
  "jobs" : [
    {
      "jobname" : "bs_16k_rand_read",
      "groupid" : 0,
      "job_start" : 1775096488755,
      "error" : 0,
      "eta" : 0,
      "elapsed" : 31,
      "job options" : {
        "name" : "bs_16k_rand_read",
        "filename" : "fio_test_file",
        "rw" : "randread",
        "bs" : "16k",
        "ioengine" : "pvsync",
        "numjobs" : "1",
        "iodepth" : "1",
        "size" : "1G",
        "time_based" : "1",
        "runtime" : "30",
        "direct" : "1",
        "group_reporting" : "1"
      },
      "read" : {
        "io_bytes" : 2873475072,
        "io_kbytes" : 2806128,
        "bw_bytes" : 95779309,
        "bw" : 93534,
        "iops" : 5845.905136,
        "runtime" : 30001,
        "total_ios" : 175383,
        "short_ios" : 0,
        "drop_ios" : 0,
        "slat_ns" : {
          "min" : 0,
          "max" : 0,
          "mean" : 0.000000,
          "stddev" : 0.000000,
          "N" : 0
        },
        "clat_ns" : {
          "min" : 90243,
          "max" : 7224741,
          "mean" : 170033.079033,
          "stddev" : 67561.485765,
          "N" : 175383,
          "percentile" : {
            "1.000000" : 100864,
            "5.000000" : 107008,
            "10.000000" : 121344,
            "20.000000" : 136192,
            "30.000000" : 142336,
            "40.000000" : 150528,
            "50.000000" : 162816,
            "60.000000" : 173056,
            "70.000000" : 183296,
            "80.000000" : 197632,
            "90.000000" : 222208,
            "95.000000" : 248832,
            "99.000000" : 321536,
            "99.500000" : 366592,
            "99.900000" : 1089536,
            "99.950000" : 1531904,
            "99.990000" : 1810432
          }
        },
        "lat_ns" : {
          "min" : 90260,
          "max" : 7225126,
          "mean" : 170115.282815,
          "stddev" : 67588.561115,
          "N" : 175383
        },
        "bw_min" : 78368,
        "bw_max" : 101344,
        "bw_agg" : 100.000000,
        "bw_mean" : 93560.949153,
        "bw_dev" : 5410.679827,
        "bw_samples" : 59,
        "iops_min" : 4898,
        "iops_max" : 6334,
        "iops_mean" : 5847.559322,
        "iops_stddev" : 338.167489,
        "iops_samples" : 59
      },
      "write" : {
        "io_bytes" : 0,
        "io_kbytes" : 0,
        "bw_bytes" : 0,
        "bw" : 0,
        "iops" : 0.000000,
        "runtime" : 0,
        "total_ios" : 0,
        "short_ios" : 0,
        "drop_ios" : 0,
        "slat_ns" : {
          "min" : 0,
          "max" : 0,
          "mean" : 0.000000,
          "stddev" : 0.000000,
          "N" : 0
        },
        "clat_ns" : {
          "min" : 0,
          "max" : 0,
          "mean" : 0.000000,
          "stddev" : 0.000000,
          "N" : 0
        },
        "lat_ns" : {
          "min" : 0,
          "max" : 0,
          "mean" : 0.000000,
          "stddev" : 0.000000,
          "N" : 0
        },
        "bw_min" : 0,
        "bw_max" : 0,
        "bw_agg" : 0.000000,
        "bw_mean" : 0.000000,
        "bw_dev" : 0.000000,
        "bw_samples" : 0,
        "iops_min" : 0,
        "iops_max" : 0,
        "iops_mean" : 0.000000,
        "iops_stddev" : 0.000000,
        "iops_samples" : 0
      },
      "trim" : {
        "io_bytes" : 0,
        "io_kbytes" : 0,
        "bw_bytes" : 0,
        "bw" : 0,
        "iops" : 0.000000,
        "runtime" : 0,
        "total_ios" : 0,
        "short_ios" : 0,
        "drop_ios" : 0,
        "slat_ns" : {
          "min" : 0,
          "max" : 0,
          "mean" : 0.000000,
          "stddev" : 0.000000,
          "N" : 0
        },
        "clat_ns" : {
          "min" : 0,
          "max" : 0,
          "mean" : 0.000000,
          "stddev" : 0.000000,
          "N" : 0
        },
        "lat_ns" : {
          "min" : 0,
          "max" : 0,
          "mean" : 0.000000,
          "stddev" : 0.000000,
          "N" : 0
        },
        "bw_min" : 0,
        "bw_max" : 0,
        "bw_agg" : 0.000000,
        "bw_mean" : 0.000000,
        "bw_dev" : 0.000000,
        "bw_samples" : 0,
        "iops_min" : 0,
        "iops_max" : 0,
        "iops_mean" : 0.000000,
        "iops_stddev" : 0.000000,
        "iops_samples" : 0
      },
      "sync" : {
        "total_ios" : 0,
        "lat_ns" : {
          "min" : 0,
          "max" : 0,
          "mean" : 0.000000,
          "stddev" : 0.000000,
          "N" : 0
        }
      },
      "job_runtime" : 30000,
      "usr_cpu" : 1.446667,
      "sys_cpu" : 6.743333,
      "ctx" : 175386,
      "majf" : 0,
      "minf" : 15,
      "iodepth_level" : {
        "1" : 100.000000,
        "2" : 0.000000,
        "4" : 0.000000,
        "8" : 0.000000,
        "16" : 0.000000,
        "32" : 0.000000,
        ">=64" : 0.000000
      },
      "iodepth_submit" : {
        "0" : 0.000000,
        "4" : 100.000000,
        "8" : 0.000000,
        "16" : 0.000000,
        "32" : 0.000000,
        "64" : 0.000000,
        ">=64" : 0.000000
      },
      "iodepth_complete" : {
        "0" : 0.000000,
        "4" : 100.000000,
        "8" : 0.000000,
        "16" : 0.000000,
        "32" : 0.000000,
        "64" : 0.000000,
        ">=64" : 0.000000
      },
      "latency_ns" : {
        "2" : 0.000000,
        "4" : 0.000000,
        "10" : 0.000000,
        "20" : 0.000000,
        "50" : 0.000000,
        "100" : 0.000000,
        "250" : 0.000000,
        "500" : 0.000000,
        "750" : 0.000000,
        "1000" : 0.000000
      },
      "latency_us" : {
        "2" : 0.000000,
        "4" : 0.000000,
        "10" : 0.000000,
        "20" : 0.000000,
        "50" : 0.000000,
        "100" : 0.783998,
        "250" : 94.370036,
        "500" : 4.701140,
        "750" : 0.030790,
        "1000" : 0.010263
      },
      "latency_ms" : {
        "2" : 0.095790,
        "4" : 0.010000,
        "10" : 0.010000,
        "20" : 0.000000,
        "50" : 0.000000,
        "100" : 0.000000,
        "250" : 0.000000,
        "500" : 0.000000,
        "750" : 0.000000,
        "1000" : 0.000000,
        "2000" : 0.000000,
        ">=2000" : 0.000000
      },
      "latency_depth" : 1,
      "latency_target" : 0,
      "latency_percentile" : 100.000000,
      "latency_window" : 0
    }
  ],
  "disk_util" : [
    {
      "name" : "sdd",
      "read_ios" : 174759,
      "write_ios" : 55,
      "read_sectors" : 5592288,
      "write_sectors" : 1712,
      "read_merges" : 0,
      "write_merges" : 33,
      "read_ticks" : 27199,
      "write_ticks" : 16,
      "in_queue" : 27219,
      "util" : 84.954808
    }
  ]
}
