{
  "fio version" : "fio-3.36",
  "timestamp" : 1775096420,
  "timestamp_ms" : 1775096420817,
  "time" : "Thu Apr  2 10:20:20 2026",
  "jobs" : [
    {
      "jobname" : "bs_1k_rand_read",
      "groupid" : 0,
      "job_start" : 1775096390799,
      "error" : 0,
      "eta" : 0,
      "elapsed" : 31,
      "job options" : {
        "name" : "bs_1k_rand_read",
        "filename" : "fio_test_file",
        "rw" : "randread",
        "bs" : "1k",
        "ioengine" : "pvsync",
        "numjobs" : "1",
        "iodepth" : "1",
        "size" : "1G",
        "time_based" : "1",
        "runtime" : "30",
        "direct" : "1",
        "group_reporting" : "1"
      },
      "read" : {
        "io_bytes" : 173948928,
        "io_kbytes" : 169872,
        "bw_bytes" : 5798104,
        "bw" : 5662,
        "iops" : 5662.211260,
        "runtime" : 30001,
        "total_ios" : 169872,
        "short_ios" : 0,
        "drop_ios" : 0,
        "slat_ns" : {
          "min" : 0,
          "max" : 0,
          "mean" : 0.000000,
          "stddev" : 0.000000,
          "N" : 0
        },
        "clat_ns" : {
          "min" : 56834,
          "max" : 9377364,
          "mean" : 175258.333292,
          "stddev" : 110836.413264,
          "N" : 169872,
          "percentile" : {
            "1.000000" : 93696,
            "5.000000" : 98816,
            "10.000000" : 115200,
            "20.000000" : 128512,
            "30.000000" : 136192,
            "40.000000" : 148480,
            "50.000000" : 160768,
            "60.000000" : 171008,
            "70.000000" : 185344,
            "80.000000" : 207872,
            "90.000000" : 244736,
            "95.000000" : 272384,
            "99.000000" : 366592,
            "99.500000" : 444416,
            "99.900000" : 1728512,
            "99.950000" : 2179072,
            "99.990000" : 2899968
          }
        },
        "lat_ns" : {
          "min" : 56851,
          "max" : 9377731,
          "mean" : 175355.539312,
          "stddev" : 110872.077384,
          "N" : 169872
        },
        "bw_min" : 1904,
        "bw_max" : 6750,
        "bw_agg" : 100.000000,
        "bw_mean" : 5696.237288,
        "bw_dev" : 962.110044,
        "bw_samples" : 59,
        "iops_min" : 1904,
        "iops_max" : 6750,
        "iops_mean" : 5696.237288,
        "iops_stddev" : 962.110044,
        "iops_samples" : 59
      },
      "write" : {
        "io_bytes" : 0,
        "io_kbytes" : 0,
        "bw_bytes" : 0,
        "bw" : 0,
        "iops" : 0.000000,
        "runtime" : 0,
        "total_ios" : 0,
        "short_ios" : 0,
        "drop_ios" : 0,
        "slat_ns" : {
          "min" : 0,
          "max" : 0,
          "mean" : 0.000000,
          "stddev" : 0.000000,
          "N" : 0
        },
        "clat_ns" : {
          "min" : 0,
          "max" : 0,
          "mean" : 0.000000,
          "stddev" : 0.000000,
          "N" : 0
        },
        "lat_ns" : {
          "min" : 0,
          "max" : 0,
          "mean" : 0.000000,
          "stddev" : 0.000000,
          "N" : 0
        },
        "bw_min" : 0,
        "bw_max" : 0,
        "bw_agg" : 0.000000,
        "bw_mean" : 0.000000,
        "bw_dev" : 0.000000,
        "bw_samples" : 0,
        "iops_min" : 0,
        "iops_max" : 0,
        "iops_mean" : 0.000000,
        "iops_stddev" : 0.000000,
        "iops_samples" : 0
      },
      "trim" : {
        "io_bytes" : 0,
        "io_kbytes" : 0,
        "bw_bytes" : 0,
        "bw" : 0,
        "iops" : 0.000000,
        "runtime" : 0,
        "total_ios" : 0,
        "short_ios" : 0,
        "drop_ios" : 0,
        "slat_ns" : {
          "min" : 0,
          "max" : 0,
          "mean" : 0.000000,
          "stddev" : 0.000000,
          "N" : 0
        },
        "clat_ns" : {
          "min" : 0,
          "max" : 0,
          "mean" : 0.000000,
          "stddev" : 0.000000,
          "N" : 0
        },
        "lat_ns" : {
          "min" : 0,
          "max" : 0,
          "mean" : 0.000000,
          "stddev" : 0.000000,
          "N" : 0
        },
        "bw_min" : 0,
        "bw_max" : 0,
        "bw_agg" : 0.000000,
        "bw_mean" : 0.000000,
        "bw_dev" : 0.000000,
        "bw_samples" : 0,
        "iops_min" : 0,
        "iops_max" : 0,
        "iops_mean" : 0.000000,
        "iops_stddev" : 0.000000,
        "iops_samples" : 0
      },
      "sync" : {
        "total_ios" : 0,
        "lat_ns" : {
          "min" : 0,
          "max" : 0,
          "mean" : 0.000000,
          "stddev" : 0.000000,
          "N" : 0
        }
      },
      "job_runtime" : 30000,
      "usr_cpu" : 1.933333,
      "sys_cpu" : 7.483333,
      "ctx" : 169873,
      "majf" : 0,
      "minf" : 11,
      "iodepth_level" : {
        "1" : 100.000000,
        "2" : 0.000000,
        "4" : 0.000000,
        "8" : 0.000000,
        "16" : 0.000000,
        "32" : 0.000000,
        ">=64" : 0.000000
      },
      "iodepth_submit" : {
        "0" : 0.000000,
        "4" : 100.000000,
        "8" : 0.000000,
        "16" : 0.000000,
        "32" : 0.000000,
        "64" : 0.000000,
        ">=64" : 0.000000
      },
      "iodepth_complete" : {
        "0" : 0.000000,
        "4" : 100.000000,
        "8" : 0.000000,
        "16" : 0.000000,
        "32" : 0.000000,
        "64" : 0.000000,
        ">=64" : 0.000000
      },
      "latency_ns" : {
        "2" : 0.000000,
        "4" : 0.000000,
        "10" : 0.000000,
        "20" : 0.000000,
        "50" : 0.000000,
        "100" : 0.000000,
        "250" : 0.000000,
        "500" : 0.000000,
        "750" : 0.000000,
        "1000" : 0.000000
      },
      "latency_us" : {
        "2" : 0.000000,
        "4" : 0.000000,
        "10" : 0.000000,
        "20" : 0.000000,
        "50" : 0.000000,
        "100" : 5.594801,
        "250" : 85.588561,
        "500" : 8.403975,
        "750" : 0.070641,
        "1000" : 0.021192
      },
      "latency_ms" : {
        "2" : 0.263139,
        "4" : 0.054158,
        "10" : 0.010000,
        "20" : 0.000000,
        "50" : 0.000000,
        "100" : 0.000000,
        "250" : 0.000000,
        "500" : 0.000000,
        "750" : 0.000000,
        "1000" : 0.000000,
        "2000" : 0.000000,
        ">=2000" : 0.000000
      },
      "latency_depth" : 1,
      "latency_target" : 0,
      "latency_percentile" : 100.000000,
      "latency_window" : 0
    }
  ],
  "disk_util" : [
    {
      "name" : "sdd",
      "read_ios" : 169432,
      "write_ios" : 116,
      "read_sectors" : 338864,
      "write_sectors" : 3888,
      "read_merges" : 0,
      "write_merges" : 166,
      "read_ticks" : 26880,
      "write_ticks" : 57,
      "in_queue" : 26947,
      "util" : 83.301087
    }
  ]
}
