{
  "fio version" : "fio-3.36",
  "timestamp" : 1775096749,
  "timestamp_ms" : 1775096749001,
  "time" : "Thu Apr  2 10:25:49 2026",
  "jobs" : [
    {
      "jobname" : "bs_16k_rand_write",
      "groupid" : 0,
      "job_start" : 1775096711848,
      "error" : 0,
      "eta" : 0,
      "elapsed" : 31,
      "job options" : {
        "name" : "bs_16k_rand_write",
        "filename" : "fio_test_file",
        "rw" : "randwrite",
        "bs" : "16k",
        "ioengine" : "pvsync",
        "numjobs" : "1",
        "iodepth" : "1",
        "size" : "1G",
        "time_based" : "1",
        "runtime" : "30",
        "direct" : "1",
        "group_reporting" : "1"
      },
      "read" : {
        "io_bytes" : 0,
        "io_kbytes" : 0,
        "bw_bytes" : 0,
        "bw" : 0,
        "iops" : 0.000000,
        "runtime" : 0,
        "total_ios" : 0,
        "short_ios" : 0,
        "drop_ios" : 0,
        "slat_ns" : {
          "min" : 0,
          "max" : 0,
          "mean" : 0.000000,
          "stddev" : 0.000000,
          "N" : 0
        },
        "clat_ns" : {
          "min" : 0,
          "max" : 0,
          "mean" : 0.000000,
          "stddev" : 0.000000,
          "N" : 0
        },
        "lat_ns" : {
          "min" : 0,
          "max" : 0,
          "mean" : 0.000000,
          "stddev" : 0.000000,
          "N" : 0
        },
        "bw_min" : 0,
        "bw_max" : 0,
        "bw_agg" : 0.000000,
        "bw_mean" : 0.000000,
        "bw_dev" : 0.000000,
        "bw_samples" : 0,
        "iops_min" : 0,
        "iops_max" : 0,
        "iops_mean" : 0.000000,
        "iops_stddev" : 0.000000,
        "iops_samples" : 0
      },
      "write" : {
        "io_bytes" : 5601427456,
        "io_kbytes" : 5470144,
        "bw_bytes" : 186645811,
        "bw" : 182271,
        "iops" : 11391.956283,
        "runtime" : 30011,
        "total_ios" : 341884,
        "short_ios" : 0,
        "drop_ios" : 0,
        "slat_ns" : {
          "min" : 0,
          "max" : 0,
          "mean" : 0.000000,
          "stddev" : 0.000000,
          "N" : 0
        },
        "clat_ns" : {
          "min" : 34313,
          "max" : 302355126,
          "mean" : 87066.409323,
          "stddev" : 780423.978044,
          "N" : 341884,
          "percentile" : {
            "1.000000" : 51456,
            "5.000000" : 52480,
            "10.000000" : 54016,
            "20.000000" : 55040,
            "30.000000" : 55552,
            "40.000000" : 56576,
            "50.000000" : 58112,
            "60.000000" : 60672,
            "70.000000" : 66048,
            "80.000000" : 76288,
            "90.000000" : 95744,
            "95.000000" : 118272,
            "99.000000" : 276480,
            "99.500000" : 651264,
            "99.900000" : 3620864,
            "99.950000" : 10813440,
            "99.990000" : 15794176
          }
        },
        "lat_ns" : {
          "min" : 34433,
          "max" : 302355440,
          "mean" : 87267.894961,
          "stddev" : 780426.167837,
          "N" : 341884
        },
        "bw_min" : 83776,
        "bw_max" : 235744,
        "bw_agg" : 100.000000,
        "bw_mean" : 182318.644068,
        "bw_dev" : 37711.205093,
        "bw_samples" : 59,
        "iops_min" : 5236,
        "iops_max" : 14734,
        "iops_mean" : 11394.915254,
        "iops_stddev" : 2356.950318,
        "iops_samples" : 59
      },
      "trim" : {
        "io_bytes" : 0,
        "io_kbytes" : 0,
        "bw_bytes" : 0,
        "bw" : 0,
        "iops" : 0.000000,
        "runtime" : 0,
        "total_ios" : 0,
        "short_ios" : 0,
        "drop_ios" : 0,
        "slat_ns" : {
          "min" : 0,
          "max" : 0,
          "mean" : 0.000000,
          "stddev" : 0.000000,
          "N" : 0
        },
        "clat_ns" : {
          "min" : 0,
          "max" : 0,
          "mean" : 0.000000,
          "stddev" : 0.000000,
          "N" : 0
        },
        "lat_ns" : {
          "min" : 0,
          "max" : 0,
          "mean" : 0.000000,
          "stddev" : 0.000000,
          "N" : 0
        },
        "bw_min" : 0,
        "bw_max" : 0,
        "bw_agg" : 0.000000,
        "bw_mean" : 0.000000,
        "bw_dev" : 0.000000,
        "bw_samples" : 0,
        "iops_min" : 0,
        "iops_max" : 0,
        "iops_mean" : 0.000000,
        "iops_stddev" : 0.000000,
        "iops_samples" : 0
      },
      "sync" : {
        "total_ios" : 0,
        "lat_ns" : {
          "min" : 0,
          "max" : 0,
          "mean" : 0.000000,
          "stddev" : 0.000000,
          "N" : 0
        }
      },
      "job_runtime" : 30010,
      "usr_cpu" : 2.159280,
      "sys_cpu" : 17.477507,
      "ctx" : 341883,
      "majf" : 0,
      "minf" : 10,
      "iodepth_level" : {
        "1" : 100.000000,
        "2" : 0.000000,
        "4" : 0.000000,
        "8" : 0.000000,
        "16" : 0.000000,
        "32" : 0.000000,
        ">=64" : 0.000000
      },
      "iodepth_submit" : {
        "0" : 0.000000,
        "4" : 100.000000,
        "8" : 0.000000,
        "16" : 0.000000,
        "32" : 0.000000,
        "64" : 0.000000,
        ">=64" : 0.000000
      },
      "iodepth_complete" : {
        "0" : 0.000000,
        "4" : 100.000000,
        "8" : 0.000000,
        "16" : 0.000000,
        "32" : 0.000000,
        "64" : 0.000000,
        ">=64" : 0.000000
      },
      "latency_ns" : {
        "2" : 0.000000,
        "4" : 0.000000,
        "10" : 0.000000,
        "20" : 0.000000,
        "50" : 0.000000,
        "100" : 0.000000,
        "250" : 0.000000,
        "500" : 0.000000,
        "750" : 0.000000,
        "1000" : 0.000000
      },
      "latency_us" : {
        "2" : 0.000000,
        "4" : 0.000000,
        "10" : 0.000000,
        "20" : 0.000000,
        "50" : 0.561594,
        "100" : 90.784594,
        "250" : 7.546127,
        "500" : 0.403646,
        "750" : 0.293667,
        "1000" : 0.107639
      },
      "latency_ms" : {
        "2" : 0.158241,
        "4" : 0.050309,
        "10" : 0.040950,
        "20" : 0.045922,
        "50" : 0.010000,
        "100" : 0.010000,
        "250" : 0.010000,
        "500" : 0.010000,
        "750" : 0.000000,
        "1000" : 0.000000,
        "2000" : 0.000000,
        ">=2000" : 0.000000
      },
      "latency_depth" : 1,
      "latency_target" : 0,
      "latency_percentile" : 100.000000,
      "latency_window" : 0
    }
  ],
  "disk_util" : [
    {
      "name" : "sdd",
      "read_ios" : 0,
      "write_ios" : 341574,
      "read_sectors" : 0,
      "write_sectors" : 10939376,
      "read_merges" : 0,
      "write_merges" : 102,
      "read_ticks" : 0,
      "write_ticks" : 25858,
      "in_queue" : 25911,
      "util" : 72.129398
    }
  ]
}
