{
  "fio version" : "fio-3.36",
  "timestamp" : 1775096651,
  "timestamp_ms" : 1775096651063,
  "time" : "Thu Apr  2 10:24:11 2026",
  "jobs" : [
    {
      "jobname" : "bs_1k_rand_write",
      "groupid" : 0,
      "job_start" : 1775096621933,
      "error" : 0,
      "eta" : 0,
      "elapsed" : 31,
      "job options" : {
        "name" : "bs_1k_rand_write",
        "filename" : "fio_test_file",
        "rw" : "randwrite",
        "bs" : "1k",
        "ioengine" : "pvsync",
        "numjobs" : "1",
        "iodepth" : "1",
        "size" : "1G",
        "time_based" : "1",
        "runtime" : "30",
        "direct" : "1",
        "group_reporting" : "1"
      },
      "read" : {
        "io_bytes" : 0,
        "io_kbytes" : 0,
        "bw_bytes" : 0,
        "bw" : 0,
        "iops" : 0.000000,
        "runtime" : 0,
        "total_ios" : 0,
        "short_ios" : 0,
        "drop_ios" : 0,
        "slat_ns" : {
          "min" : 0,
          "max" : 0,
          "mean" : 0.000000,
          "stddev" : 0.000000,
          "N" : 0
        },
        "clat_ns" : {
          "min" : 0,
          "max" : 0,
          "mean" : 0.000000,
          "stddev" : 0.000000,
          "N" : 0
        },
        "lat_ns" : {
          "min" : 0,
          "max" : 0,
          "mean" : 0.000000,
          "stddev" : 0.000000,
          "N" : 0
        },
        "bw_min" : 0,
        "bw_max" : 0,
        "bw_agg" : 0.000000,
        "bw_mean" : 0.000000,
        "bw_dev" : 0.000000,
        "bw_samples" : 0,
        "iops_min" : 0,
        "iops_max" : 0,
        "iops_mean" : 0.000000,
        "iops_stddev" : 0.000000,
        "iops_samples" : 0
      },
      "write" : {
        "io_bytes" : 245781504,
        "io_kbytes" : 240021,
        "bw_bytes" : 8192443,
        "bw" : 8000,
        "iops" : 8000.433319,
        "runtime" : 30001,
        "total_ios" : 240021,
        "short_ios" : 0,
        "drop_ios" : 0,
        "slat_ns" : {
          "min" : 0,
          "max" : 0,
          "mean" : 0.000000,
          "stddev" : 0.000000,
          "N" : 0
        },
        "clat_ns" : {
          "min" : 41586,
          "max" : 677812527,
          "mean" : 124301.872719,
          "stddev" : 2621373.912354,
          "N" : 240021,
          "percentile" : {
            "1.000000" : 50944,
            "5.000000" : 51968,
            "10.000000" : 52992,
            "20.000000" : 55040,
            "30.000000" : 56064,
            "40.000000" : 57088,
            "50.000000" : 58112,
            "60.000000" : 60672,
            "70.000000" : 66048,
            "80.000000" : 76288,
            "90.000000" : 95744,
            "95.000000" : 119296,
            "99.000000" : 228352,
            "99.500000" : 1011712,
            "99.900000" : 13697024,
            "99.950000" : 17170432,
            "99.990000" : 32899072
          }
        },
        "lat_ns" : {
          "min" : 41635,
          "max" : 677813341,
          "mean" : 124353.844955,
          "stddev" : 2621377.072022,
          "N" : 240021
        },
        "bw_min" : 1,
        "bw_max" : 15712,
        "bw_agg" : 100.000000,
        "bw_mean" : 8033.965517,
        "bw_dev" : 4870.292257,
        "bw_samples" : 58,
        "iops_min" : 1,
        "iops_max" : 15712,
        "iops_mean" : 8033.965517,
        "iops_stddev" : 4870.292257,
        "iops_samples" : 58
      },
      "trim" : {
        "io_bytes" : 0,
        "io_kbytes" : 0,
        "bw_bytes" : 0,
        "bw" : 0,
        "iops" : 0.000000,
        "runtime" : 0,
        "total_ios" : 0,
        "short_ios" : 0,
        "drop_ios" : 0,
        "slat_ns" : {
          "min" : 0,
          "max" : 0,
          "mean" : 0.000000,
          "stddev" : 0.000000,
          "N" : 0
        },
        "clat_ns" : {
          "min" : 0,
          "max" : 0,
          "mean" : 0.000000,
          "stddev" : 0.000000,
          "N" : 0
        },
        "lat_ns" : {
          "min" : 0,
          "max" : 0,
          "mean" : 0.000000,
          "stddev" : 0.000000,
          "N" : 0
        },
        "bw_min" : 0,
        "bw_max" : 0,
        "bw_agg" : 0.000000,
        "bw_mean" : 0.000000,
        "bw_dev" : 0.000000,
        "bw_samples" : 0,
        "iops_min" : 0,
        "iops_max" : 0,
        "iops_mean" : 0.000000,
        "iops_stddev" : 0.000000,
        "iops_samples" : 0
      },
      "sync" : {
        "total_ios" : 0,
        "lat_ns" : {
          "min" : 0,
          "max" : 0,
          "mean" : 0.000000,
          "stddev" : 0.000000,
          "N" : 0
        }
      },
      "job_runtime" : 30000,
      "usr_cpu" : 0.913333,
      "sys_cpu" : 12.400000,
      "ctx" : 240017,
      "majf" : 0,
      "minf" : 12,
      "iodepth_level" : {
        "1" : 100.000000,
        "2" : 0.000000,
        "4" : 0.000000,
        "8" : 0.000000,
        "16" : 0.000000,
        "32" : 0.000000,
        ">=64" : 0.000000
      },
      "iodepth_submit" : {
        "0" : 0.000000,
        "4" : 100.000000,
        "8" : 0.000000,
        "16" : 0.000000,
        "32" : 0.000000,
        "64" : 0.000000,
        ">=64" : 0.000000
      },
      "iodepth_complete" : {
        "0" : 0.000000,
        "4" : 100.000000,
        "8" : 0.000000,
        "16" : 0.000000,
        "32" : 0.000000,
        "64" : 0.000000,
        ">=64" : 0.000000
      },
      "latency_ns" : {
        "2" : 0.000000,
        "4" : 0.000000,
        "10" : 0.000000,
        "20" : 0.000000,
        "50" : 0.000000,
        "100" : 0.000000,
        "250" : 0.000000,
        "500" : 0.000000,
        "750" : 0.000000,
        "1000" : 0.000000
      },
      "latency_us" : {
        "2" : 0.000000,
        "4" : 0.000000,
        "10" : 0.000000,
        "20" : 0.000000,
        "50" : 0.185817,
        "100" : 91.127443,
        "250" : 7.832648,
        "500" : 0.247895,
        "750" : 0.060828,
        "1000" : 0.044163
      },
      "latency_ms" : {
        "2" : 0.115407,
        "4" : 0.100408,
        "10" : 0.106241,
        "20" : 0.150820,
        "50" : 0.022081,
        "100" : 0.010000,
        "250" : 0.010000,
        "500" : 0.010000,
        "750" : 0.010000,
        "1000" : 0.000000,
        "2000" : 0.000000,
        ">=2000" : 0.000000
      },
      "latency_depth" : 1,
      "latency_target" : 0,
      "latency_percentile" : 100.000000,
      "latency_window" : 0
    }
  ],
  "disk_util" : [
    {
      "name" : "sdd",
      "read_ios" : 0,
      "write_ios" : 238257,
      "read_sectors" : 0,
      "write_sectors" : 478272,
      "read_merges" : 0,
      "write_merges" : 31,
      "read_ticks" : 0,
      "write_ticks" : 24174,
      "in_queue" : 24342,
      "util" : 74.097394
    }
  ]
}
