{
  "fio version" : "fio-3.36",
  "timestamp" : 1775096621,
  "timestamp_ms" : 1775096621679,
  "time" : "Thu Apr  2 10:23:41 2026",
  "jobs" : [
    {
      "jobname" : "bs_128k_rand_read",
      "groupid" : 0,
      "job_start" : 1775096579551,
      "error" : 0,
      "eta" : 0,
      "elapsed" : 31,
      "job options" : {
        "name" : "bs_128k_rand_read",
        "filename" : "fio_test_file",
        "rw" : "randread",
        "bs" : "128k",
        "ioengine" : "pvsync",
        "numjobs" : "1",
        "iodepth" : "1",
        "size" : "1G",
        "time_based" : "1",
        "runtime" : "30",
        "direct" : "1",
        "group_reporting" : "1"
      },
      "read" : {
        "io_bytes" : 15527182336,
        "io_kbytes" : 15163264,
        "bw_bytes" : 517555492,
        "bw" : 505425,
        "iops" : 3948.635045,
        "runtime" : 30001,
        "total_ios" : 118463,
        "short_ios" : 0,
        "drop_ios" : 0,
        "slat_ns" : {
          "min" : 0,
          "max" : 0,
          "mean" : 0.000000,
          "stddev" : 0.000000,
          "N" : 0
        },
        "clat_ns" : {
          "min" : 127563,
          "max" : 5588198,
          "mean" : 252288.466812,
          "stddev" : 92295.356246,
          "N" : 118463,
          "percentile" : {
            "1.000000" : 158720,
            "5.000000" : 173056,
            "10.000000" : 183296,
            "20.000000" : 199680,
            "30.000000" : 214016,
            "40.000000" : 226304,
            "50.000000" : 238592,
            "60.000000" : 250880,
            "70.000000" : 268288,
            "80.000000" : 288768,
            "90.000000" : 333824,
            "95.000000" : 378880,
            "99.000000" : 473088,
            "99.500000" : 518144,
            "99.900000" : 1466368,
            "99.950000" : 1875968,
            "99.990000" : 2965504
          }
        },
        "lat_ns" : {
          "min" : 127578,
          "max" : 5588329,
          "mean" : 252369.215966,
          "stddev" : 92313.186869,
          "N" : 118463
        },
        "bw_min" : 473600,
        "bw_max" : 553472,
        "bw_agg" : 99.954042,
        "bw_mean" : 505193.016949,
        "bw_dev" : 17178.845468,
        "bw_samples" : 59,
        "iops_min" : 3700,
        "iops_max" : 4324,
        "iops_mean" : 3946.610169,
        "iops_stddev" : 134.226008,
        "iops_samples" : 59
      },
      "write" : {
        "io_bytes" : 0,
        "io_kbytes" : 0,
        "bw_bytes" : 0,
        "bw" : 0,
        "iops" : 0.000000,
        "runtime" : 0,
        "total_ios" : 0,
        "short_ios" : 0,
        "drop_ios" : 0,
        "slat_ns" : {
          "min" : 0,
          "max" : 0,
          "mean" : 0.000000,
          "stddev" : 0.000000,
          "N" : 0
        },
        "clat_ns" : {
          "min" : 0,
          "max" : 0,
          "mean" : 0.000000,
          "stddev" : 0.000000,
          "N" : 0
        },
        "lat_ns" : {
          "min" : 0,
          "max" : 0,
          "mean" : 0.000000,
          "stddev" : 0.000000,
          "N" : 0
        },
        "bw_min" : 0,
        "bw_max" : 0,
        "bw_agg" : 0.000000,
        "bw_mean" : 0.000000,
        "bw_dev" : 0.000000,
        "bw_samples" : 0,
        "iops_min" : 0,
        "iops_max" : 0,
        "iops_mean" : 0.000000,
        "iops_stddev" : 0.000000,
        "iops_samples" : 0
      },
      "trim" : {
        "io_bytes" : 0,
        "io_kbytes" : 0,
        "bw_bytes" : 0,
        "bw" : 0,
        "iops" : 0.000000,
        "runtime" : 0,
        "total_ios" : 0,
        "short_ios" : 0,
        "drop_ios" : 0,
        "slat_ns" : {
          "min" : 0,
          "max" : 0,
          "mean" : 0.000000,
          "stddev" : 0.000000,
          "N" : 0
        },
        "clat_ns" : {
          "min" : 0,
          "max" : 0,
          "mean" : 0.000000,
          "stddev" : 0.000000,
          "N" : 0
        },
        "lat_ns" : {
          "min" : 0,
          "max" : 0,
          "mean" : 0.000000,
          "stddev" : 0.000000,
          "N" : 0
        },
        "bw_min" : 0,
        "bw_max" : 0,
        "bw_agg" : 0.000000,
        "bw_mean" : 0.000000,
        "bw_dev" : 0.000000,
        "bw_samples" : 0,
        "iops_min" : 0,
        "iops_max" : 0,
        "iops_mean" : 0.000000,
        "iops_stddev" : 0.000000,
        "iops_samples" : 0
      },
      "sync" : {
        "total_ios" : 0,
        "lat_ns" : {
          "min" : 0,
          "max" : 0,
          "mean" : 0.000000,
          "stddev" : 0.000000,
          "N" : 0
        }
      },
      "job_runtime" : 30000,
      "usr_cpu" : 0.886667,
      "sys_cpu" : 5.320000,
      "ctx" : 118463,
      "majf" : 0,
      "minf" : 40,
      "iodepth_level" : {
        "1" : 100.000000,
        "2" : 0.000000,
        "4" : 0.000000,
        "8" : 0.000000,
        "16" : 0.000000,
        "32" : 0.000000,
        ">=64" : 0.000000
      },
      "iodepth_submit" : {
        "0" : 0.000000,
        "4" : 100.000000,
        "8" : 0.000000,
        "16" : 0.000000,
        "32" : 0.000000,
        "64" : 0.000000,
        ">=64" : 0.000000
      },
      "iodepth_complete" : {
        "0" : 0.000000,
        "4" : 100.000000,
        "8" : 0.000000,
        "16" : 0.000000,
        "32" : 0.000000,
        "64" : 0.000000,
        ">=64" : 0.000000
      },
      "latency_ns" : {
        "2" : 0.000000,
        "4" : 0.000000,
        "10" : 0.000000,
        "20" : 0.000000,
        "50" : 0.000000,
        "100" : 0.000000,
        "250" : 0.000000,
        "500" : 0.000000,
        "750" : 0.000000,
        "1000" : 0.000000
      },
      "latency_us" : {
        "2" : 0.000000,
        "4" : 0.000000,
        "10" : 0.000000,
        "20" : 0.000000,
        "50" : 0.000000,
        "100" : 0.000000,
        "250" : 59.755367,
        "500" : 39.589576,
        "750" : 0.528435,
        "1000" : 0.011818
      },
      "latency_ms" : {
        "2" : 0.070064,
        "4" : 0.043051,
        "10" : 0.010000,
        "20" : 0.000000,
        "50" : 0.000000,
        "100" : 0.000000,
        "250" : 0.000000,
        "500" : 0.000000,
        "750" : 0.000000,
        "1000" : 0.000000,
        "2000" : 0.000000,
        ">=2000" : 0.000000
      },
      "latency_depth" : 1,
      "latency_target" : 0,
      "latency_percentile" : 100.000000,
      "latency_window" : 0
    }
  ],
  "disk_util" : [
    {
      "name" : "sdd",
      "read_ios" : 117557,
      "write_ios" : 36,
      "read_sectors" : 30094592,
      "write_sectors" : 872,
      "read_merges" : 0,
      "write_merges" : 37,
      "read_ticks" : 28740,
      "write_ticks" : 14,
      "in_queue" : 28760,
      "util" : 92.067533
    }
  ]
}
