{
  "fio version" : "fio-3.36",
  "timestamp" : 1775096849,
  "timestamp_ms" : 1775096849842,
  "time" : "Thu Apr  2 10:27:29 2026",
  "jobs" : [
    {
      "jobname" : "bs_128k_rand_write",
      "groupid" : 0,
      "job_start" : 1775096812736,
      "error" : 0,
      "eta" : 0,
      "elapsed" : 31,
      "job options" : {
        "name" : "bs_128k_rand_write",
        "filename" : "fio_test_file",
        "rw" : "randwrite",
        "bs" : "128k",
        "ioengine" : "pvsync",
        "numjobs" : "1",
        "iodepth" : "1",
        "size" : "1G",
        "time_based" : "1",
        "runtime" : "30",
        "direct" : "1",
        "group_reporting" : "1"
      },
      "read" : {
        "io_bytes" : 0,
        "io_kbytes" : 0,
        "bw_bytes" : 0,
        "bw" : 0,
        "iops" : 0.000000,
        "runtime" : 0,
        "total_ios" : 0,
        "short_ios" : 0,
        "drop_ios" : 0,
        "slat_ns" : {
          "min" : 0,
          "max" : 0,
          "mean" : 0.000000,
          "stddev" : 0.000000,
          "N" : 0
        },
        "clat_ns" : {
          "min" : 0,
          "max" : 0,
          "mean" : 0.000000,
          "stddev" : 0.000000,
          "N" : 0
        },
        "lat_ns" : {
          "min" : 0,
          "max" : 0,
          "mean" : 0.000000,
          "stddev" : 0.000000,
          "N" : 0
        },
        "bw_min" : 0,
        "bw_max" : 0,
        "bw_agg" : 0.000000,
        "bw_mean" : 0.000000,
        "bw_dev" : 0.000000,
        "bw_samples" : 0,
        "iops_min" : 0,
        "iops_max" : 0,
        "iops_mean" : 0.000000,
        "iops_stddev" : 0.000000,
        "iops_samples" : 0
      },
      "write" : {
        "io_bytes" : 14116716544,
        "io_kbytes" : 13785856,
        "bw_bytes" : 470541533,
        "bw" : 459513,
        "iops" : 3589.947002,
        "runtime" : 30001,
        "total_ios" : 107702,
        "short_ios" : 0,
        "drop_ios" : 0,
        "slat_ns" : {
          "min" : 0,
          "max" : 0,
          "mean" : 0.000000,
          "stddev" : 0.000000,
          "N" : 0
        },
        "clat_ns" : {
          "min" : 67637,
          "max" : 207870012,
          "mean" : 274177.915099,
          "stddev" : 993370.012629,
          "N" : 107702,
          "percentile" : {
            "1.000000" : 75264,
            "5.000000" : 78336,
            "10.000000" : 82432,
            "20.000000" : 97792,
            "30.000000" : 117248,
            "40.000000" : 130560,
            "50.000000" : 152576,
            "60.000000" : 189440,
            "70.000000" : 250880,
            "80.000000" : 366592,
            "90.000000" : 585728,
            "95.000000" : 798720,
            "99.000000" : 1466368,
            "99.500000" : 1908736,
            "99.900000" : 3260416,
            "99.950000" : 5996544,
            "99.990000" : 32636928
          }
        },
        "lat_ns" : {
          "min" : 70198,
          "max" : 207873717,
          "mean" : 277778.723961,
          "stddev" : 993372.510391,
          "N" : 107702
        },
        "bw_min" : 281600,
        "bw_max" : 515072,
        "bw_agg" : 99.955123,
        "bw_mean" : 459307.389831,
        "bw_dev" : 42954.374517,
        "bw_samples" : 59,
        "iops_min" : 2200,
        "iops_max" : 4024,
        "iops_mean" : 3588.338983,
        "iops_stddev" : 335.581051,
        "iops_samples" : 59
      },
      "trim" : {
        "io_bytes" : 0,
        "io_kbytes" : 0,
        "bw_bytes" : 0,
        "bw" : 0,
        "iops" : 0.000000,
        "runtime" : 0,
        "total_ios" : 0,
        "short_ios" : 0,
        "drop_ios" : 0,
        "slat_ns" : {
          "min" : 0,
          "max" : 0,
          "mean" : 0.000000,
          "stddev" : 0.000000,
          "N" : 0
        },
        "clat_ns" : {
          "min" : 0,
          "max" : 0,
          "mean" : 0.000000,
          "stddev" : 0.000000,
          "N" : 0
        },
        "lat_ns" : {
          "min" : 0,
          "max" : 0,
          "mean" : 0.000000,
          "stddev" : 0.000000,
          "N" : 0
        },
        "bw_min" : 0,
        "bw_max" : 0,
        "bw_agg" : 0.000000,
        "bw_mean" : 0.000000,
        "bw_dev" : 0.000000,
        "bw_samples" : 0,
        "iops_min" : 0,
        "iops_max" : 0,
        "iops_mean" : 0.000000,
        "iops_stddev" : 0.000000,
        "iops_samples" : 0
      },
      "sync" : {
        "total_ios" : 0,
        "lat_ns" : {
          "min" : 0,
          "max" : 0,
          "mean" : 0.000000,
          "stddev" : 0.000000,
          "N" : 0
        }
      },
      "job_runtime" : 30000,
      "usr_cpu" : 2.283333,
      "sys_cpu" : 7.286667,
      "ctx" : 107707,
      "majf" : 0,
      "minf" : 9,
      "iodepth_level" : {
        "1" : 100.000000,
        "2" : 0.000000,
        "4" : 0.000000,
        "8" : 0.000000,
        "16" : 0.000000,
        "32" : 0.000000,
        ">=64" : 0.000000
      },
      "iodepth_submit" : {
        "0" : 0.000000,
        "4" : 100.000000,
        "8" : 0.000000,
        "16" : 0.000000,
        "32" : 0.000000,
        "64" : 0.000000,
        ">=64" : 0.000000
      },
      "iodepth_complete" : {
        "0" : 0.000000,
        "4" : 100.000000,
        "8" : 0.000000,
        "16" : 0.000000,
        "32" : 0.000000,
        "64" : 0.000000,
        ">=64" : 0.000000
      },
      "latency_ns" : {
        "2" : 0.000000,
        "4" : 0.000000,
        "10" : 0.000000,
        "20" : 0.000000,
        "50" : 0.000000,
        "100" : 0.000000,
        "250" : 0.000000,
        "500" : 0.000000,
        "750" : 0.000000,
        "1000" : 0.000000
      },
      "latency_us" : {
        "2" : 0.000000,
        "4" : 0.000000,
        "10" : 0.000000,
        "20" : 0.000000,
        "50" : 0.000000,
        "100" : 20.964327,
        "250" : 48.988877,
        "500" : 16.465804,
        "750" : 7.829010,
        "1000" : 3.281276
      },
      "latency_ms" : {
        "2" : 2.050101,
        "4" : 0.352825,
        "10" : 0.049210,
        "20" : 0.010000,
        "50" : 0.010000,
        "100" : 0.010000,
        "250" : 0.010000,
        "500" : 0.000000,
        "750" : 0.000000,
        "1000" : 0.000000,
        "2000" : 0.000000,
        ">=2000" : 0.000000
      },
      "latency_depth" : 1,
      "latency_target" : 0,
      "latency_percentile" : 100.000000,
      "latency_window" : 0
    }
  ],
  "disk_util" : [
    {
      "name" : "sdd",
      "read_ios" : 0,
      "write_ios" : 107367,
      "read_sectors" : 0,
      "write_sectors" : 27480648,
      "read_merges" : 0,
      "write_merges" : 64,
      "read_ticks" : 0,
      "write_ticks" : 27161,
      "in_queue" : 27198,
      "util" : 86.643322
    }
  ]
}
