{
  "fio version" : "fio-3.36",
  "timestamp" : 1775096681,
  "timestamp_ms" : 1775096681327,
  "time" : "Thu Apr  2 10:24:41 2026",
  "jobs" : [
    {
      "jobname" : "bs_2k_rand_write",
      "groupid" : 0,
      "job_start" : 1775096651313,
      "error" : 0,
      "eta" : 0,
      "elapsed" : 31,
      "job options" : {
        "name" : "bs_2k_rand_write",
        "filename" : "fio_test_file",
        "rw" : "randwrite",
        "bs" : "2k",
        "ioengine" : "pvsync",
        "numjobs" : "1",
        "iodepth" : "1",
        "size" : "1G",
        "time_based" : "1",
        "runtime" : "30",
        "direct" : "1",
        "group_reporting" : "1"
      },
      "read" : {
        "io_bytes" : 0,
        "io_kbytes" : 0,
        "bw_bytes" : 0,
        "bw" : 0,
        "iops" : 0.000000,
        "runtime" : 0,
        "total_ios" : 0,
        "short_ios" : 0,
        "drop_ios" : 0,
        "slat_ns" : {
          "min" : 0,
          "max" : 0,
          "mean" : 0.000000,
          "stddev" : 0.000000,
          "N" : 0
        },
        "clat_ns" : {
          "min" : 0,
          "max" : 0,
          "mean" : 0.000000,
          "stddev" : 0.000000,
          "N" : 0
        },
        "lat_ns" : {
          "min" : 0,
          "max" : 0,
          "mean" : 0.000000,
          "stddev" : 0.000000,
          "N" : 0
        },
        "bw_min" : 0,
        "bw_max" : 0,
        "bw_agg" : 0.000000,
        "bw_mean" : 0.000000,
        "bw_dev" : 0.000000,
        "bw_samples" : 0,
        "iops_min" : 0,
        "iops_max" : 0,
        "iops_mean" : 0.000000,
        "iops_stddev" : 0.000000,
        "iops_samples" : 0
      },
      "write" : {
        "io_bytes" : 683681792,
        "io_kbytes" : 667658,
        "bw_bytes" : 22788633,
        "bw" : 22254,
        "iops" : 11127.262425,
        "runtime" : 30001,
        "total_ios" : 333829,
        "short_ios" : 0,
        "drop_ios" : 0,
        "slat_ns" : {
          "min" : 0,
          "max" : 0,
          "mean" : 0.000000,
          "stddev" : 0.000000,
          "N" : 0
        },
        "clat_ns" : {
          "min" : 33115,
          "max" : 252906563,
          "mean" : 89208.510821,
          "stddev" : 927046.534195,
          "N" : 333829,
          "percentile" : {
            "1.000000" : 46336,
            "5.000000" : 47360,
            "10.000000" : 48384,
            "20.000000" : 49920,
            "30.000000" : 51456,
            "40.000000" : 52480,
            "50.000000" : 53504,
            "60.000000" : 56064,
            "70.000000" : 61184,
            "80.000000" : 71168,
            "90.000000" : 87552,
            "95.000000" : 104960,
            "99.000000" : 177152,
            "99.500000" : 246784,
            "99.900000" : 8716288,
            "99.950000" : 10813440,
            "99.990000" : 18481152
          }
        },
        "lat_ns" : {
          "min" : 33139,
          "max" : 252906581,
          "mean" : 89271.570954,
          "stddev" : 927048.767299,
          "N" : 333829
        },
        "bw_min" : 4092,
        "bw_max" : 34044,
        "bw_agg" : 99.287676,
        "bw_mean" : 22096.745763,
        "bw_dev" : 8428.446758,
        "bw_samples" : 59,
        "iops_min" : 2046,
        "iops_max" : 17022,
        "iops_mean" : 11048.372881,
        "iops_stddev" : 4214.223379,
        "iops_samples" : 59
      },
      "trim" : {
        "io_bytes" : 0,
        "io_kbytes" : 0,
        "bw_bytes" : 0,
        "bw" : 0,
        "iops" : 0.000000,
        "runtime" : 0,
        "total_ios" : 0,
        "short_ios" : 0,
        "drop_ios" : 0,
        "slat_ns" : {
          "min" : 0,
          "max" : 0,
          "mean" : 0.000000,
          "stddev" : 0.000000,
          "N" : 0
        },
        "clat_ns" : {
          "min" : 0,
          "max" : 0,
          "mean" : 0.000000,
          "stddev" : 0.000000,
          "N" : 0
        },
        "lat_ns" : {
          "min" : 0,
          "max" : 0,
          "mean" : 0.000000,
          "stddev" : 0.000000,
          "N" : 0
        },
        "bw_min" : 0,
        "bw_max" : 0,
        "bw_agg" : 0.000000,
        "bw_mean" : 0.000000,
        "bw_dev" : 0.000000,
        "bw_samples" : 0,
        "iops_min" : 0,
        "iops_max" : 0,
        "iops_mean" : 0.000000,
        "iops_stddev" : 0.000000,
        "iops_samples" : 0
      },
      "sync" : {
        "total_ios" : 0,
        "lat_ns" : {
          "min" : 0,
          "max" : 0,
          "mean" : 0.000000,
          "stddev" : 0.000000,
          "N" : 0
        }
      },
      "job_runtime" : 30000,
      "usr_cpu" : 1.783333,
      "sys_cpu" : 17.066667,
      "ctx" : 333834,
      "majf" : 0,
      "minf" : 8,
      "iodepth_level" : {
        "1" : 100.000000,
        "2" : 0.000000,
        "4" : 0.000000,
        "8" : 0.000000,
        "16" : 0.000000,
        "32" : 0.000000,
        ">=64" : 0.000000
      },
      "iodepth_submit" : {
        "0" : 0.000000,
        "4" : 100.000000,
        "8" : 0.000000,
        "16" : 0.000000,
        "32" : 0.000000,
        "64" : 0.000000,
        ">=64" : 0.000000
      },
      "iodepth_complete" : {
        "0" : 0.000000,
        "4" : 100.000000,
        "8" : 0.000000,
        "16" : 0.000000,
        "32" : 0.000000,
        "64" : 0.000000,
        ">=64" : 0.000000
      },
      "latency_ns" : {
        "2" : 0.000000,
        "4" : 0.000000,
        "10" : 0.000000,
        "20" : 0.000000,
        "50" : 0.000000,
        "100" : 0.000000,
        "250" : 0.000000,
        "500" : 0.000000,
        "750" : 0.000000,
        "1000" : 0.000000
      },
      "latency_us" : {
        "2" : 0.000000,
        "4" : 0.000000,
        "10" : 0.000000,
        "20" : 0.000000,
        "50" : 21.007162,
        "100" : 72.931052,
        "250" : 5.568120,
        "500" : 0.104245,
        "750" : 0.035647,
        "1000" : 0.021268
      },
      "latency_ms" : {
        "2" : 0.051224,
        "4" : 0.055418,
        "10" : 0.159663,
        "20" : 0.058413,
        "50" : 0.010000,
        "100" : 0.010000,
        "250" : 0.010000,
        "500" : 0.010000,
        "750" : 0.000000,
        "1000" : 0.000000,
        "2000" : 0.000000,
        ">=2000" : 0.000000
      },
      "latency_depth" : 1,
      "latency_target" : 0,
      "latency_percentile" : 100.000000,
      "latency_window" : 0
    }
  ],
  "disk_util" : [
    {
      "name" : "sdd",
      "read_ios" : 0,
      "write_ios" : 335319,
      "read_sectors" : 0,
      "write_sectors" : 1438428,
      "read_merges" : 0,
      "write_merges" : 297,
      "read_ticks" : 0,
      "write_ticks" : 39701,
      "in_queue" : 40173,
      "util" : 73.490078
    }
  ]
}
