{
  "fio version" : "fio-3.36",
  "timestamp" : 1775096451,
  "timestamp_ms" : 1775096451106,
  "time" : "Thu Apr  2 10:20:51 2026",
  "jobs" : [
    {
      "jobname" : "bs_2k_rand_read",
      "groupid" : 0,
      "job_start" : 1775096421087,
      "error" : 0,
      "eta" : 0,
      "elapsed" : 31,
      "job options" : {
        "name" : "bs_2k_rand_read",
        "filename" : "fio_test_file",
        "rw" : "randread",
        "bs" : "2k",
        "ioengine" : "pvsync",
        "numjobs" : "1",
        "iodepth" : "1",
        "size" : "1G",
        "time_based" : "1",
        "runtime" : "30",
        "direct" : "1",
        "group_reporting" : "1"
      },
      "read" : {
        "io_bytes" : 392099840,
        "io_kbytes" : 382910,
        "bw_bytes" : 13069559,
        "bw" : 12763,
        "iops" : 6381.620613,
        "runtime" : 30001,
        "total_ios" : 191455,
        "short_ios" : 0,
        "drop_ios" : 0,
        "slat_ns" : {
          "min" : 0,
          "max" : 0,
          "mean" : 0.000000,
          "stddev" : 0.000000,
          "N" : 0
        },
        "clat_ns" : {
          "min" : 57580,
          "max" : 25898719,
          "mean" : 155682.390891,
          "stddev" : 94353.023197,
          "N" : 191455,
          "percentile" : {
            "1.000000" : 91648,
            "5.000000" : 95744,
            "10.000000" : 103936,
            "20.000000" : 124416,
            "30.000000" : 128512,
            "40.000000" : 136192,
            "50.000000" : 146432,
            "60.000000" : 156672,
            "70.000000" : 168960,
            "80.000000" : 183296,
            "90.000000" : 209920,
            "95.000000" : 240640,
            "99.000000" : 309248,
            "99.500000" : 346112,
            "99.900000" : 440320,
            "99.950000" : 522240,
            "99.990000" : 1794048
          }
        },
        "lat_ns" : {
          "min" : 57597,
          "max" : 25899125,
          "mean" : 155752.164524,
          "stddev" : 94372.827141,
          "N" : 191455
        },
        "bw_min" : 8752,
        "bw_max" : 13708,
        "bw_agg" : 100.000000,
        "bw_mean" : 12767.186441,
        "bw_dev" : 1305.080952,
        "bw_samples" : 59,
        "iops_min" : 4376,
        "iops_max" : 6854,
        "iops_mean" : 6383.593220,
        "iops_stddev" : 652.540476,
        "iops_samples" : 59
      },
      "write" : {
        "io_bytes" : 0,
        "io_kbytes" : 0,
        "bw_bytes" : 0,
        "bw" : 0,
        "iops" : 0.000000,
        "runtime" : 0,
        "total_ios" : 0,
        "short_ios" : 0,
        "drop_ios" : 0,
        "slat_ns" : {
          "min" : 0,
          "max" : 0,
          "mean" : 0.000000,
          "stddev" : 0.000000,
          "N" : 0
        },
        "clat_ns" : {
          "min" : 0,
          "max" : 0,
          "mean" : 0.000000,
          "stddev" : 0.000000,
          "N" : 0
        },
        "lat_ns" : {
          "min" : 0,
          "max" : 0,
          "mean" : 0.000000,
          "stddev" : 0.000000,
          "N" : 0
        },
        "bw_min" : 0,
        "bw_max" : 0,
        "bw_agg" : 0.000000,
        "bw_mean" : 0.000000,
        "bw_dev" : 0.000000,
        "bw_samples" : 0,
        "iops_min" : 0,
        "iops_max" : 0,
        "iops_mean" : 0.000000,
        "iops_stddev" : 0.000000,
        "iops_samples" : 0
      },
      "trim" : {
        "io_bytes" : 0,
        "io_kbytes" : 0,
        "bw_bytes" : 0,
        "bw" : 0,
        "iops" : 0.000000,
        "runtime" : 0,
        "total_ios" : 0,
        "short_ios" : 0,
        "drop_ios" : 0,
        "slat_ns" : {
          "min" : 0,
          "max" : 0,
          "mean" : 0.000000,
          "stddev" : 0.000000,
          "N" : 0
        },
        "clat_ns" : {
          "min" : 0,
          "max" : 0,
          "mean" : 0.000000,
          "stddev" : 0.000000,
          "N" : 0
        },
        "lat_ns" : {
          "min" : 0,
          "max" : 0,
          "mean" : 0.000000,
          "stddev" : 0.000000,
          "N" : 0
        },
        "bw_min" : 0,
        "bw_max" : 0,
        "bw_agg" : 0.000000,
        "bw_mean" : 0.000000,
        "bw_dev" : 0.000000,
        "bw_samples" : 0,
        "iops_min" : 0,
        "iops_max" : 0,
        "iops_mean" : 0.000000,
        "iops_stddev" : 0.000000,
        "iops_samples" : 0
      },
      "sync" : {
        "total_ios" : 0,
        "lat_ns" : {
          "min" : 0,
          "max" : 0,
          "mean" : 0.000000,
          "stddev" : 0.000000,
          "N" : 0
        }
      },
      "job_runtime" : 30000,
      "usr_cpu" : 1.766667,
      "sys_cpu" : 6.523333,
      "ctx" : 191455,
      "majf" : 0,
      "minf" : 13,
      "iodepth_level" : {
        "1" : 100.000000,
        "2" : 0.000000,
        "4" : 0.000000,
        "8" : 0.000000,
        "16" : 0.000000,
        "32" : 0.000000,
        ">=64" : 0.000000
      },
      "iodepth_submit" : {
        "0" : 0.000000,
        "4" : 100.000000,
        "8" : 0.000000,
        "16" : 0.000000,
        "32" : 0.000000,
        "64" : 0.000000,
        ">=64" : 0.000000
      },
      "iodepth_complete" : {
        "0" : 0.000000,
        "4" : 100.000000,
        "8" : 0.000000,
        "16" : 0.000000,
        "32" : 0.000000,
        "64" : 0.000000,
        ">=64" : 0.000000
      },
      "latency_ns" : {
        "2" : 0.000000,
        "4" : 0.000000,
        "10" : 0.000000,
        "20" : 0.000000,
        "50" : 0.000000,
        "100" : 0.000000,
        "250" : 0.000000,
        "500" : 0.000000,
        "750" : 0.000000,
        "1000" : 0.000000
      },
      "latency_us" : {
        "2" : 0.000000,
        "4" : 0.000000,
        "10" : 0.000000,
        "20" : 0.000000,
        "50" : 0.000000,
        "100" : 8.365412,
        "250" : 87.580894,
        "500" : 3.999896,
        "750" : 0.018803,
        "1000" : 0.010000
      },
      "latency_ms" : {
        "2" : 0.017759,
        "4" : 0.010000,
        "10" : 0.010000,
        "20" : 0.010000,
        "50" : 0.010000,
        "100" : 0.000000,
        "250" : 0.000000,
        "500" : 0.000000,
        "750" : 0.000000,
        "1000" : 0.000000,
        "2000" : 0.000000,
        ">=2000" : 0.000000
      },
      "latency_depth" : 1,
      "latency_target" : 0,
      "latency_percentile" : 100.000000,
      "latency_window" : 0
    }
  ],
  "disk_util" : [
    {
      "name" : "sdd",
      "read_ios" : 190814,
      "write_ios" : 87,
      "read_sectors" : 763404,
      "write_sectors" : 2952,
      "read_merges" : 0,
      "write_merges" : 86,
      "read_ticks" : 27177,
      "write_ticks" : 32,
      "in_queue" : 27215,
      "util" : 84.426804
    }
  ]
}
