{
  "fio version" : "fio-3.36",
  "timestamp" : 1775096549,
  "timestamp_ms" : 1775096549036,
  "time" : "Thu Apr  2 10:22:29 2026",
  "jobs" : [
    {
      "jobname" : "bs_32k_rand_read",
      "groupid" : 0,
      "job_start" : 1775096519023,
      "error" : 0,
      "eta" : 0,
      "elapsed" : 31,
      "job options" : {
        "name" : "bs_32k_rand_read",
        "filename" : "fio_test_file",
        "rw" : "randread",
        "bs" : "32k",
        "ioengine" : "pvsync",
        "numjobs" : "1",
        "iodepth" : "1",
        "size" : "1G",
        "time_based" : "1",
        "runtime" : "30",
        "direct" : "1",
        "group_reporting" : "1"
      },
      "read" : {
        "io_bytes" : 5460492288,
        "io_kbytes" : 5332512,
        "bw_bytes" : 182010342,
        "bw" : 177744,
        "iops" : 5554.514850,
        "runtime" : 30001,
        "total_ios" : 166641,
        "short_ios" : 0,
        "drop_ios" : 0,
        "slat_ns" : {
          "min" : 0,
          "max" : 0,
          "mean" : 0.000000,
          "stddev" : 0.000000,
          "N" : 0
        },
        "clat_ns" : {
          "min" : 97036,
          "max" : 22594319,
          "mean" : 179052.678927,
          "stddev" : 90114.759153,
          "N" : 166641,
          "percentile" : {
            "1.000000" : 110080,
            "5.000000" : 117248,
            "10.000000" : 132096,
            "20.000000" : 144384,
            "30.000000" : 150528,
            "40.000000" : 160768,
            "50.000000" : 171008,
            "60.000000" : 181248,
            "70.000000" : 191488,
            "80.000000" : 205824,
            "90.000000" : 232448,
            "95.000000" : 264192,
            "99.000000" : 342016,
            "99.500000" : 374784,
            "99.900000" : 452608,
            "99.950000" : 493568,
            "99.990000" : 1044480
          }
        },
        "lat_ns" : {
          "min" : 97053,
          "max" : 22594785,
          "mean" : 179129.474757,
          "stddev" : 90132.436170,
          "N" : 166641
        },
        "bw_min" : 155136,
        "bw_max" : 206720,
        "bw_agg" : 100.000000,
        "bw_mean" : 177839.728814,
        "bw_dev" : 9416.055426,
        "bw_samples" : 59,
        "iops_min" : 4848,
        "iops_max" : 6460,
        "iops_mean" : 5557.491525,
        "iops_stddev" : 294.251732,
        "iops_samples" : 59
      },
      "write" : {
        "io_bytes" : 0,
        "io_kbytes" : 0,
        "bw_bytes" : 0,
        "bw" : 0,
        "iops" : 0.000000,
        "runtime" : 0,
        "total_ios" : 0,
        "short_ios" : 0,
        "drop_ios" : 0,
        "slat_ns" : {
          "min" : 0,
          "max" : 0,
          "mean" : 0.000000,
          "stddev" : 0.000000,
          "N" : 0
        },
        "clat_ns" : {
          "min" : 0,
          "max" : 0,
          "mean" : 0.000000,
          "stddev" : 0.000000,
          "N" : 0
        },
        "lat_ns" : {
          "min" : 0,
          "max" : 0,
          "mean" : 0.000000,
          "stddev" : 0.000000,
          "N" : 0
        },
        "bw_min" : 0,
        "bw_max" : 0,
        "bw_agg" : 0.000000,
        "bw_mean" : 0.000000,
        "bw_dev" : 0.000000,
        "bw_samples" : 0,
        "iops_min" : 0,
        "iops_max" : 0,
        "iops_mean" : 0.000000,
        "iops_stddev" : 0.000000,
        "iops_samples" : 0
      },
      "trim" : {
        "io_bytes" : 0,
        "io_kbytes" : 0,
        "bw_bytes" : 0,
        "bw" : 0,
        "iops" : 0.000000,
        "runtime" : 0,
        "total_ios" : 0,
        "short_ios" : 0,
        "drop_ios" : 0,
        "slat_ns" : {
          "min" : 0,
          "max" : 0,
          "mean" : 0.000000,
          "stddev" : 0.000000,
          "N" : 0
        },
        "clat_ns" : {
          "min" : 0,
          "max" : 0,
          "mean" : 0.000000,
          "stddev" : 0.000000,
          "N" : 0
        },
        "lat_ns" : {
          "min" : 0,
          "max" : 0,
          "mean" : 0.000000,
          "stddev" : 0.000000,
          "N" : 0
        },
        "bw_min" : 0,
        "bw_max" : 0,
        "bw_agg" : 0.000000,
        "bw_mean" : 0.000000,
        "bw_dev" : 0.000000,
        "bw_samples" : 0,
        "iops_min" : 0,
        "iops_max" : 0,
        "iops_mean" : 0.000000,
        "iops_stddev" : 0.000000,
        "iops_samples" : 0
      },
      "sync" : {
        "total_ios" : 0,
        "lat_ns" : {
          "min" : 0,
          "max" : 0,
          "mean" : 0.000000,
          "stddev" : 0.000000,
          "N" : 0
        }
      },
      "job_runtime" : 30000,
      "usr_cpu" : 1.353333,
      "sys_cpu" : 6.430000,
      "ctx" : 166641,
      "majf" : 0,
      "minf" : 18,
      "iodepth_level" : {
        "1" : 100.000000,
        "2" : 0.000000,
        "4" : 0.000000,
        "8" : 0.000000,
        "16" : 0.000000,
        "32" : 0.000000,
        ">=64" : 0.000000
      },
      "iodepth_submit" : {
        "0" : 0.000000,
        "4" : 100.000000,
        "8" : 0.000000,
        "16" : 0.000000,
        "32" : 0.000000,
        "64" : 0.000000,
        ">=64" : 0.000000
      },
      "iodepth_complete" : {
        "0" : 0.000000,
        "4" : 100.000000,
        "8" : 0.000000,
        "16" : 0.000000,
        "32" : 0.000000,
        "64" : 0.000000,
        ">=64" : 0.000000
      },
      "latency_ns" : {
        "2" : 0.000000,
        "4" : 0.000000,
        "10" : 0.000000,
        "20" : 0.000000,
        "50" : 0.000000,
        "100" : 0.000000,
        "250" : 0.000000,
        "500" : 0.000000,
        "750" : 0.000000,
        "1000" : 0.000000
      },
      "latency_us" : {
        "2" : 0.000000,
        "4" : 0.000000,
        "10" : 0.000000,
        "20" : 0.000000,
        "50" : 0.000000,
        "100" : 0.015002,
        "250" : 93.196152,
        "500" : 6.740838,
        "750" : 0.032405,
        "1000" : 0.010000
      },
      "latency_ms" : {
        "2" : 0.010000,
        "4" : 0.010000,
        "10" : 0.010000,
        "20" : 0.010000,
        "50" : 0.010000,
        "100" : 0.000000,
        "250" : 0.000000,
        "500" : 0.000000,
        "750" : 0.000000,
        "1000" : 0.000000,
        "2000" : 0.000000,
        ">=2000" : 0.000000
      },
      "latency_depth" : 1,
      "latency_target" : 0,
      "latency_percentile" : 100.000000,
      "latency_window" : 0
    }
  ],
  "disk_util" : [
    {
      "name" : "sdd",
      "read_ios" : 166081,
      "write_ios" : 35,
      "read_sectors" : 10629184,
      "write_sectors" : 744,
      "read_merges" : 0,
      "write_merges" : 26,
      "read_ticks" : 27347,
      "write_ticks" : 15,
      "in_queue" : 27369,
      "util" : 85.560855
    }
  ]
}
