{
  "fio version" : "fio-3.36",
  "timestamp" : 1775096782,
  "timestamp_ms" : 1775096782216,
  "time" : "Thu Apr  2 10:26:22 2026",
  "jobs" : [
    {
      "jobname" : "bs_32k_rand_write",
      "groupid" : 0,
      "job_start" : 1775096749253,
      "error" : 0,
      "eta" : 0,
      "elapsed" : 31,
      "job options" : {
        "name" : "bs_32k_rand_write",
        "filename" : "fio_test_file",
        "rw" : "randwrite",
        "bs" : "32k",
        "ioengine" : "pvsync",
        "numjobs" : "1",
        "iodepth" : "1",
        "size" : "1G",
        "time_based" : "1",
        "runtime" : "30",
        "direct" : "1",
        "group_reporting" : "1"
      },
      "read" : {
        "io_bytes" : 0,
        "io_kbytes" : 0,
        "bw_bytes" : 0,
        "bw" : 0,
        "iops" : 0.000000,
        "runtime" : 0,
        "total_ios" : 0,
        "short_ios" : 0,
        "drop_ios" : 0,
        "slat_ns" : {
          "min" : 0,
          "max" : 0,
          "mean" : 0.000000,
          "stddev" : 0.000000,
          "N" : 0
        },
        "clat_ns" : {
          "min" : 0,
          "max" : 0,
          "mean" : 0.000000,
          "stddev" : 0.000000,
          "N" : 0
        },
        "lat_ns" : {
          "min" : 0,
          "max" : 0,
          "mean" : 0.000000,
          "stddev" : 0.000000,
          "N" : 0
        },
        "bw_min" : 0,
        "bw_max" : 0,
        "bw_agg" : 0.000000,
        "bw_mean" : 0.000000,
        "bw_dev" : 0.000000,
        "bw_samples" : 0,
        "iops_min" : 0,
        "iops_max" : 0,
        "iops_mean" : 0.000000,
        "iops_stddev" : 0.000000,
        "iops_samples" : 0
      },
      "write" : {
        "io_bytes" : 10321854464,
        "io_kbytes" : 10079936,
        "bw_bytes" : 344050347,
        "bw" : 335986,
        "iops" : 10499.583347,
        "runtime" : 30001,
        "total_ios" : 314998,
        "short_ios" : 0,
        "drop_ios" : 0,
        "slat_ns" : {
          "min" : 0,
          "max" : 0,
          "mean" : 0.000000,
          "stddev" : 0.000000,
          "N" : 0
        },
        "clat_ns" : {
          "min" : 46771,
          "max" : 341921521,
          "mean" : 94080.069346,
          "stddev" : 1000680.139222,
          "N" : 314998,
          "percentile" : {
            "1.000000" : 55552,
            "5.000000" : 56576,
            "10.000000" : 57600,
            "20.000000" : 58624,
            "30.000000" : 59648,
            "40.000000" : 60160,
            "50.000000" : 61696,
            "60.000000" : 64256,
            "70.000000" : 70144,
            "80.000000" : 81408,
            "90.000000" : 100864,
            "95.000000" : 123392,
            "99.000000" : 366592,
            "99.500000" : 921600,
            "99.900000" : 2637824,
            "99.950000" : 12386304,
            "99.990000" : 16056320
          }
        },
        "lat_ns" : {
          "min" : 47345,
          "max" : 341921937,
          "mean" : 94732.468765,
          "stddev" : 1000681.916893,
          "N" : 314998
        },
        "bw_min" : 126464,
        "bw_max" : 441472,
        "bw_agg" : 99.937001,
        "bw_mean" : 335775.457627,
        "bw_dev" : 97988.503330,
        "bw_samples" : 59,
        "iops_min" : 3952,
        "iops_max" : 13796,
        "iops_mean" : 10492.983051,
        "iops_stddev" : 3062.140729,
        "iops_samples" : 59
      },
      "trim" : {
        "io_bytes" : 0,
        "io_kbytes" : 0,
        "bw_bytes" : 0,
        "bw" : 0,
        "iops" : 0.000000,
        "runtime" : 0,
        "total_ios" : 0,
        "short_ios" : 0,
        "drop_ios" : 0,
        "slat_ns" : {
          "min" : 0,
          "max" : 0,
          "mean" : 0.000000,
          "stddev" : 0.000000,
          "N" : 0
        },
        "clat_ns" : {
          "min" : 0,
          "max" : 0,
          "mean" : 0.000000,
          "stddev" : 0.000000,
          "N" : 0
        },
        "lat_ns" : {
          "min" : 0,
          "max" : 0,
          "mean" : 0.000000,
          "stddev" : 0.000000,
          "N" : 0
        },
        "bw_min" : 0,
        "bw_max" : 0,
        "bw_agg" : 0.000000,
        "bw_mean" : 0.000000,
        "bw_dev" : 0.000000,
        "bw_samples" : 0,
        "iops_min" : 0,
        "iops_max" : 0,
        "iops_mean" : 0.000000,
        "iops_stddev" : 0.000000,
        "iops_samples" : 0
      },
      "sync" : {
        "total_ios" : 0,
        "lat_ns" : {
          "min" : 0,
          "max" : 0,
          "mean" : 0.000000,
          "stddev" : 0.000000,
          "N" : 0
        }
      },
      "job_runtime" : 30000,
      "usr_cpu" : 2.340000,
      "sys_cpu" : 16.650000,
      "ctx" : 314990,
      "majf" : 0,
      "minf" : 9,
      "iodepth_level" : {
        "1" : 100.000000,
        "2" : 0.000000,
        "4" : 0.000000,
        "8" : 0.000000,
        "16" : 0.000000,
        "32" : 0.000000,
        ">=64" : 0.000000
      },
      "iodepth_submit" : {
        "0" : 0.000000,
        "4" : 100.000000,
        "8" : 0.000000,
        "16" : 0.000000,
        "32" : 0.000000,
        "64" : 0.000000,
        ">=64" : 0.000000
      },
      "iodepth_complete" : {
        "0" : 0.000000,
        "4" : 100.000000,
        "8" : 0.000000,
        "16" : 0.000000,
        "32" : 0.000000,
        "64" : 0.000000,
        ">=64" : 0.000000
      },
      "latency_ns" : {
        "2" : 0.000000,
        "4" : 0.000000,
        "10" : 0.000000,
        "20" : 0.000000,
        "50" : 0.000000,
        "100" : 0.000000,
        "250" : 0.000000,
        "500" : 0.000000,
        "750" : 0.000000,
        "1000" : 0.000000
      },
      "latency_us" : {
        "2" : 0.000000,
        "4" : 0.000000,
        "10" : 0.000000,
        "20" : 0.000000,
        "50" : 0.097461,
        "100" : 89.555807,
        "250" : 8.938152,
        "500" : 0.541273,
        "750" : 0.262541,
        "1000" : 0.158096
      },
      "latency_ms" : {
        "2" : 0.311748,
        "4" : 0.048254,
        "10" : 0.023492,
        "20" : 0.058731,
        "50" : 0.010000,
        "100" : 0.010000,
        "250" : 0.010000,
        "500" : 0.010000,
        "750" : 0.000000,
        "1000" : 0.000000,
        "2000" : 0.000000,
        ">=2000" : 0.000000
      },
      "latency_depth" : 1,
      "latency_target" : 0,
      "latency_percentile" : 100.000000,
      "latency_window" : 0
    }
  ],
  "disk_util" : [
    {
      "name" : "sdd",
      "read_ios" : 0,
      "write_ios" : 313986,
      "read_sectors" : 0,
      "write_sectors" : 20099344,
      "read_merges" : 0,
      "write_merges" : 88,
      "read_ticks" : 0,
      "write_ticks" : 24532,
      "in_queue" : 24564,
      "util" : 73.460948
    }
  ]
}
