{
  "fio version" : "fio-3.36",
  "timestamp" : 1775096812,
  "timestamp_ms" : 1775096812484,
  "time" : "Thu Apr  2 10:26:52 2026",
  "jobs" : [
    {
      "jobname" : "bs_64k_rand_write",
      "groupid" : 0,
      "job_start" : 1775096782466,
      "error" : 0,
      "eta" : 0,
      "elapsed" : 31,
      "job options" : {
        "name" : "bs_64k_rand_write",
        "filename" : "fio_test_file",
        "rw" : "randwrite",
        "bs" : "64k",
        "ioengine" : "pvsync",
        "numjobs" : "1",
        "iodepth" : "1",
        "size" : "1G",
        "time_based" : "1",
        "runtime" : "30",
        "direct" : "1",
        "group_reporting" : "1"
      },
      "read" : {
        "io_bytes" : 0,
        "io_kbytes" : 0,
        "bw_bytes" : 0,
        "bw" : 0,
        "iops" : 0.000000,
        "runtime" : 0,
        "total_ios" : 0,
        "short_ios" : 0,
        "drop_ios" : 0,
        "slat_ns" : {
          "min" : 0,
          "max" : 0,
          "mean" : 0.000000,
          "stddev" : 0.000000,
          "N" : 0
        },
        "clat_ns" : {
          "min" : 0,
          "max" : 0,
          "mean" : 0.000000,
          "stddev" : 0.000000,
          "N" : 0
        },
        "lat_ns" : {
          "min" : 0,
          "max" : 0,
          "mean" : 0.000000,
          "stddev" : 0.000000,
          "N" : 0
        },
        "bw_min" : 0,
        "bw_max" : 0,
        "bw_agg" : 0.000000,
        "bw_mean" : 0.000000,
        "bw_dev" : 0.000000,
        "bw_samples" : 0,
        "iops_min" : 0,
        "iops_max" : 0,
        "iops_mean" : 0.000000,
        "iops_stddev" : 0.000000,
        "iops_samples" : 0
      },
      "write" : {
        "io_bytes" : 13019185152,
        "io_kbytes" : 12714048,
        "bw_bytes" : 433958373,
        "bw" : 423787,
        "iops" : 6621.679277,
        "runtime" : 30001,
        "total_ios" : 198657,
        "short_ios" : 0,
        "drop_ios" : 0,
        "slat_ns" : {
          "min" : 0,
          "max" : 0,
          "mean" : 0.000000,
          "stddev" : 0.000000,
          "N" : 0
        },
        "clat_ns" : {
          "min" : 51720,
          "max" : 133804755,
          "mean" : 148631.705170,
          "stddev" : 923049.897603,
          "N" : 198657,
          "percentile" : {
            "1.000000" : 61184,
            "5.000000" : 63232,
            "10.000000" : 63744,
            "20.000000" : 66048,
            "30.000000" : 69120,
            "40.000000" : 74240,
            "50.000000" : 82432,
            "60.000000" : 95744,
            "70.000000" : 111104,
            "80.000000" : 140288,
            "90.000000" : 238592,
            "95.000000" : 440320,
            "99.000000" : 946176,
            "99.500000" : 1499136,
            "99.900000" : 2310144,
            "99.950000" : 3063808,
            "99.990000" : 47448064
          }
        },
        "lat_ns" : {
          "min" : 52889,
          "max" : 133806412,
          "mean" : 150376.588255,
          "stddev" : 923053.281051,
          "N" : 198657
        },
        "bw_min" : 161920,
        "bw_max" : 498816,
        "bw_agg" : 100.000000,
        "bw_mean" : 424007.593220,
        "bw_dev" : 55345.624074,
        "bw_samples" : 59,
        "iops_min" : 2530,
        "iops_max" : 7794,
        "iops_mean" : 6625.118644,
        "iops_stddev" : 864.775376,
        "iops_samples" : 59
      },
      "trim" : {
        "io_bytes" : 0,
        "io_kbytes" : 0,
        "bw_bytes" : 0,
        "bw" : 0,
        "iops" : 0.000000,
        "runtime" : 0,
        "total_ios" : 0,
        "short_ios" : 0,
        "drop_ios" : 0,
        "slat_ns" : {
          "min" : 0,
          "max" : 0,
          "mean" : 0.000000,
          "stddev" : 0.000000,
          "N" : 0
        },
        "clat_ns" : {
          "min" : 0,
          "max" : 0,
          "mean" : 0.000000,
          "stddev" : 0.000000,
          "N" : 0
        },
        "lat_ns" : {
          "min" : 0,
          "max" : 0,
          "mean" : 0.000000,
          "stddev" : 0.000000,
          "N" : 0
        },
        "bw_min" : 0,
        "bw_max" : 0,
        "bw_agg" : 0.000000,
        "bw_mean" : 0.000000,
        "bw_dev" : 0.000000,
        "bw_samples" : 0,
        "iops_min" : 0,
        "iops_max" : 0,
        "iops_mean" : 0.000000,
        "iops_stddev" : 0.000000,
        "iops_samples" : 0
      },
      "sync" : {
        "total_ios" : 0,
        "lat_ns" : {
          "min" : 0,
          "max" : 0,
          "mean" : 0.000000,
          "stddev" : 0.000000,
          "N" : 0
        }
      },
      "job_runtime" : 30000,
      "usr_cpu" : 2.673333,
      "sys_cpu" : 11.563333,
      "ctx" : 198655,
      "majf" : 0,
      "minf" : 10,
      "iodepth_level" : {
        "1" : 100.000000,
        "2" : 0.000000,
        "4" : 0.000000,
        "8" : 0.000000,
        "16" : 0.000000,
        "32" : 0.000000,
        ">=64" : 0.000000
      },
      "iodepth_submit" : {
        "0" : 0.000000,
        "4" : 100.000000,
        "8" : 0.000000,
        "16" : 0.000000,
        "32" : 0.000000,
        "64" : 0.000000,
        ">=64" : 0.000000
      },
      "iodepth_complete" : {
        "0" : 0.000000,
        "4" : 100.000000,
        "8" : 0.000000,
        "16" : 0.000000,
        "32" : 0.000000,
        "64" : 0.000000,
        ">=64" : 0.000000
      },
      "latency_ns" : {
        "2" : 0.000000,
        "4" : 0.000000,
        "10" : 0.000000,
        "20" : 0.000000,
        "50" : 0.000000,
        "100" : 0.000000,
        "250" : 0.000000,
        "500" : 0.000000,
        "750" : 0.000000,
        "1000" : 0.000000
      },
      "latency_us" : {
        "2" : 0.000000,
        "4" : 0.000000,
        "10" : 0.000000,
        "20" : 0.000000,
        "50" : 0.000000,
        "100" : 63.153073,
        "250" : 27.479525,
        "500" : 5.392712,
        "750" : 2.492235,
        "1000" : 0.554222
      },
      "latency_ms" : {
        "2" : 0.729398,
        "4" : 0.163599,
        "10" : 0.023659,
        "20" : 0.010000,
        "50" : 0.010000,
        "100" : 0.010000,
        "250" : 0.010000,
        "500" : 0.000000,
        "750" : 0.000000,
        "1000" : 0.000000,
        "2000" : 0.000000,
        ">=2000" : 0.000000
      },
      "latency_depth" : 1,
      "latency_target" : 0,
      "latency_percentile" : 100.000000,
      "latency_window" : 0
    }
  ],
  "disk_util" : [
    {
      "name" : "sdd",
      "read_ios" : 0,
      "write_ios" : 198000,
      "read_sectors" : 0,
      "write_sectors" : 25345480,
      "read_merges" : 0,
      "write_merges" : 59,
      "read_ticks" : 0,
      "write_ticks" : 26052,
      "in_queue" : 26144,
      "util" : 79.493080
    }
  ]
}
