{
  "fio version" : "fio-3.36",
  "timestamp" : 1775096579,
  "timestamp_ms" : 1775096579300,
  "time" : "Thu Apr  2 10:22:59 2026",
  "jobs" : [
    {
      "jobname" : "bs_64k_rand_read",
      "groupid" : 0,
      "job_start" : 1775096549289,
      "error" : 0,
      "eta" : 0,
      "elapsed" : 31,
      "job options" : {
        "name" : "bs_64k_rand_read",
        "filename" : "fio_test_file",
        "rw" : "randread",
        "bs" : "64k",
        "ioengine" : "pvsync",
        "numjobs" : "1",
        "iodepth" : "1",
        "size" : "1G",
        "time_based" : "1",
        "runtime" : "30",
        "direct" : "1",
        "group_reporting" : "1"
      },
      "read" : {
        "io_bytes" : 10562568192,
        "io_kbytes" : 10315008,
        "bw_bytes" : 352073870,
        "bw" : 343822,
        "iops" : 5372.220926,
        "runtime" : 30001,
        "total_ios" : 161172,
        "short_ios" : 0,
        "drop_ios" : 0,
        "slat_ns" : {
          "min" : 0,
          "max" : 0,
          "mean" : 0.000000,
          "stddev" : 0.000000,
          "N" : 0
        },
        "clat_ns" : {
          "min" : 110140,
          "max" : 4919508,
          "mean" : 185290.070056,
          "stddev" : 62099.270400,
          "N" : 161172,
          "percentile" : {
            "1.000000" : 118272,
            "5.000000" : 127488,
            "10.000000" : 144384,
            "20.000000" : 152576,
            "30.000000" : 156672,
            "40.000000" : 164864,
            "50.000000" : 175104,
            "60.000000" : 185344,
            "70.000000" : 195584,
            "80.000000" : 207872,
            "90.000000" : 236544,
            "95.000000" : 268288,
            "99.000000" : 366592,
            "99.500000" : 407552,
            "99.900000" : 528384,
            "99.950000" : 847872,
            "99.990000" : 2310144
          }
        },
        "lat_ns" : {
          "min" : 110165,
          "max" : 4919637,
          "mean" : 185359.625040,
          "stddev" : 62119.378098,
          "N" : 161172
        },
        "bw_min" : 316416,
        "bw_max" : 381952,
        "bw_agg" : 100.000000,
        "bw_mean" : 344070.508475,
        "bw_dev" : 14211.050036,
        "bw_samples" : 59,
        "iops_min" : 4944,
        "iops_max" : 5968,
        "iops_mean" : 5376.101695,
        "iops_stddev" : 222.047657,
        "iops_samples" : 59
      },
      "write" : {
        "io_bytes" : 0,
        "io_kbytes" : 0,
        "bw_bytes" : 0,
        "bw" : 0,
        "iops" : 0.000000,
        "runtime" : 0,
        "total_ios" : 0,
        "short_ios" : 0,
        "drop_ios" : 0,
        "slat_ns" : {
          "min" : 0,
          "max" : 0,
          "mean" : 0.000000,
          "stddev" : 0.000000,
          "N" : 0
        },
        "clat_ns" : {
          "min" : 0,
          "max" : 0,
          "mean" : 0.000000,
          "stddev" : 0.000000,
          "N" : 0
        },
        "lat_ns" : {
          "min" : 0,
          "max" : 0,
          "mean" : 0.000000,
          "stddev" : 0.000000,
          "N" : 0
        },
        "bw_min" : 0,
        "bw_max" : 0,
        "bw_agg" : 0.000000,
        "bw_mean" : 0.000000,
        "bw_dev" : 0.000000,
        "bw_samples" : 0,
        "iops_min" : 0,
        "iops_max" : 0,
        "iops_mean" : 0.000000,
        "iops_stddev" : 0.000000,
        "iops_samples" : 0
      },
      "trim" : {
        "io_bytes" : 0,
        "io_kbytes" : 0,
        "bw_bytes" : 0,
        "bw" : 0,
        "iops" : 0.000000,
        "runtime" : 0,
        "total_ios" : 0,
        "short_ios" : 0,
        "drop_ios" : 0,
        "slat_ns" : {
          "min" : 0,
          "max" : 0,
          "mean" : 0.000000,
          "stddev" : 0.000000,
          "N" : 0
        },
        "clat_ns" : {
          "min" : 0,
          "max" : 0,
          "mean" : 0.000000,
          "stddev" : 0.000000,
          "N" : 0
        },
        "lat_ns" : {
          "min" : 0,
          "max" : 0,
          "mean" : 0.000000,
          "stddev" : 0.000000,
          "N" : 0
        },
        "bw_min" : 0,
        "bw_max" : 0,
        "bw_agg" : 0.000000,
        "bw_mean" : 0.000000,
        "bw_dev" : 0.000000,
        "bw_samples" : 0,
        "iops_min" : 0,
        "iops_max" : 0,
        "iops_mean" : 0.000000,
        "iops_stddev" : 0.000000,
        "iops_samples" : 0
      },
      "sync" : {
        "total_ios" : 0,
        "lat_ns" : {
          "min" : 0,
          "max" : 0,
          "mean" : 0.000000,
          "stddev" : 0.000000,
          "N" : 0
        }
      },
      "job_runtime" : 30000,
      "usr_cpu" : 1.043333,
      "sys_cpu" : 5.873333,
      "ctx" : 161174,
      "majf" : 0,
      "minf" : 28,
      "iodepth_level" : {
        "1" : 100.000000,
        "2" : 0.000000,
        "4" : 0.000000,
        "8" : 0.000000,
        "16" : 0.000000,
        "32" : 0.000000,
        ">=64" : 0.000000
      },
      "iodepth_submit" : {
        "0" : 0.000000,
        "4" : 100.000000,
        "8" : 0.000000,
        "16" : 0.000000,
        "32" : 0.000000,
        "64" : 0.000000,
        ">=64" : 0.000000
      },
      "iodepth_complete" : {
        "0" : 0.000000,
        "4" : 100.000000,
        "8" : 0.000000,
        "16" : 0.000000,
        "32" : 0.000000,
        "64" : 0.000000,
        ">=64" : 0.000000
      },
      "latency_ns" : {
        "2" : 0.000000,
        "4" : 0.000000,
        "10" : 0.000000,
        "20" : 0.000000,
        "50" : 0.000000,
        "100" : 0.000000,
        "250" : 0.000000,
        "500" : 0.000000,
        "750" : 0.000000,
        "1000" : 0.000000
      },
      "latency_us" : {
        "2" : 0.000000,
        "4" : 0.000000,
        "10" : 0.000000,
        "20" : 0.000000,
        "50" : 0.000000,
        "100" : 0.000000,
        "250" : 92.674906,
        "500" : 7.197280,
        "750" : 0.075696,
        "1000" : 0.010000
      },
      "latency_ms" : {
        "2" : 0.034125,
        "4" : 0.010548,
        "10" : 0.010000,
        "20" : 0.000000,
        "50" : 0.000000,
        "100" : 0.000000,
        "250" : 0.000000,
        "500" : 0.000000,
        "750" : 0.000000,
        "1000" : 0.000000,
        "2000" : 0.000000,
        ">=2000" : 0.000000
      },
      "latency_depth" : 1,
      "latency_target" : 0,
      "latency_percentile" : 100.000000,
      "latency_window" : 0
    }
  ],
  "disk_util" : [
    {
      "name" : "sdd",
      "read_ios" : 160647,
      "write_ios" : 71,
      "read_sectors" : 20562816,
      "write_sectors" : 2248,
      "read_merges" : 0,
      "write_merges" : 50,
      "read_ticks" : 27644,
      "write_ticks" : 22,
      "in_queue" : 27671,
      "util" : 87.889804
    }
  ]
}
