{
  "fio version" : "fio-3.36",
  "timestamp" : 1775096488,
  "timestamp_ms" : 1775096488501,
  "time" : "Thu Apr  2 10:21:28 2026",
  "jobs" : [
    {
      "jobname" : "bs_8k_rand_read",
      "groupid" : 0,
      "job_start" : 1775096451361,
      "error" : 0,
      "eta" : 0,
      "elapsed" : 31,
      "job options" : {
        "name" : "bs_8k_rand_read",
        "filename" : "fio_test_file",
        "rw" : "randread",
        "bs" : "8k",
        "ioengine" : "pvsync",
        "numjobs" : "1",
        "iodepth" : "1",
        "size" : "1G",
        "time_based" : "1",
        "runtime" : "30",
        "direct" : "1",
        "group_reporting" : "1"
      },
      "read" : {
        "io_bytes" : 1565229056,
        "io_kbytes" : 1528544,
        "bw_bytes" : 52172562,
        "bw" : 50949,
        "iops" : 6368.721043,
        "runtime" : 30001,
        "total_ios" : 191068,
        "short_ios" : 0,
        "drop_ios" : 0,
        "slat_ns" : {
          "min" : 0,
          "max" : 0,
          "mean" : 0.000000,
          "stddev" : 0.000000,
          "N" : 0
        },
        "clat_ns" : {
          "min" : 56113,
          "max" : 4406648,
          "mean" : 156060.413832,
          "stddev" : 58842.356253,
          "N" : 191068,
          "percentile" : {
            "1.000000" : 93696,
            "5.000000" : 97792,
            "10.000000" : 105984,
            "20.000000" : 126464,
            "30.000000" : 132096,
            "40.000000" : 138240,
            "50.000000" : 148480,
            "60.000000" : 158720,
            "70.000000" : 168960,
            "80.000000" : 181248,
            "90.000000" : 205824,
            "95.000000" : 232448,
            "99.000000" : 305152,
            "99.500000" : 342016,
            "99.900000" : 452608,
            "99.950000" : 1044480,
            "99.990000" : 2277376
          }
        },
        "lat_ns" : {
          "min" : 56142,
          "max" : 4406874,
          "mean" : 156131.361227,
          "stddev" : 58867.387531,
          "N" : 191068
        },
        "bw_min" : 43440,
        "bw_max" : 54000,
        "bw_agg" : 100.000000,
        "bw_mean" : 51112.677966,
        "bw_dev" : 2115.827925,
        "bw_samples" : 59,
        "iops_min" : 5430,
        "iops_max" : 6750,
        "iops_mean" : 6389.084746,
        "iops_stddev" : 264.478491,
        "iops_samples" : 59
      },
      "write" : {
        "io_bytes" : 0,
        "io_kbytes" : 0,
        "bw_bytes" : 0,
        "bw" : 0,
        "iops" : 0.000000,
        "runtime" : 0,
        "total_ios" : 0,
        "short_ios" : 0,
        "drop_ios" : 0,
        "slat_ns" : {
          "min" : 0,
          "max" : 0,
          "mean" : 0.000000,
          "stddev" : 0.000000,
          "N" : 0
        },
        "clat_ns" : {
          "min" : 0,
          "max" : 0,
          "mean" : 0.000000,
          "stddev" : 0.000000,
          "N" : 0
        },
        "lat_ns" : {
          "min" : 0,
          "max" : 0,
          "mean" : 0.000000,
          "stddev" : 0.000000,
          "N" : 0
        },
        "bw_min" : 0,
        "bw_max" : 0,
        "bw_agg" : 0.000000,
        "bw_mean" : 0.000000,
        "bw_dev" : 0.000000,
        "bw_samples" : 0,
        "iops_min" : 0,
        "iops_max" : 0,
        "iops_mean" : 0.000000,
        "iops_stddev" : 0.000000,
        "iops_samples" : 0
      },
      "trim" : {
        "io_bytes" : 0,
        "io_kbytes" : 0,
        "bw_bytes" : 0,
        "bw" : 0,
        "iops" : 0.000000,
        "runtime" : 0,
        "total_ios" : 0,
        "short_ios" : 0,
        "drop_ios" : 0,
        "slat_ns" : {
          "min" : 0,
          "max" : 0,
          "mean" : 0.000000,
          "stddev" : 0.000000,
          "N" : 0
        },
        "clat_ns" : {
          "min" : 0,
          "max" : 0,
          "mean" : 0.000000,
          "stddev" : 0.000000,
          "N" : 0
        },
        "lat_ns" : {
          "min" : 0,
          "max" : 0,
          "mean" : 0.000000,
          "stddev" : 0.000000,
          "N" : 0
        },
        "bw_min" : 0,
        "bw_max" : 0,
        "bw_agg" : 0.000000,
        "bw_mean" : 0.000000,
        "bw_dev" : 0.000000,
        "bw_samples" : 0,
        "iops_min" : 0,
        "iops_max" : 0,
        "iops_mean" : 0.000000,
        "iops_stddev" : 0.000000,
        "iops_samples" : 0
      },
      "sync" : {
        "total_ios" : 0,
        "lat_ns" : {
          "min" : 0,
          "max" : 0,
          "mean" : 0.000000,
          "stddev" : 0.000000,
          "N" : 0
        }
      },
      "job_runtime" : 30000,
      "usr_cpu" : 1.480000,
      "sys_cpu" : 6.390000,
      "ctx" : 191071,
      "majf" : 0,
      "minf" : 16,
      "iodepth_level" : {
        "1" : 100.000000,
        "2" : 0.000000,
        "4" : 0.000000,
        "8" : 0.000000,
        "16" : 0.000000,
        "32" : 0.000000,
        ">=64" : 0.000000
      },
      "iodepth_submit" : {
        "0" : 0.000000,
        "4" : 100.000000,
        "8" : 0.000000,
        "16" : 0.000000,
        "32" : 0.000000,
        "64" : 0.000000,
        ">=64" : 0.000000
      },
      "iodepth_complete" : {
        "0" : 0.000000,
        "4" : 100.000000,
        "8" : 0.000000,
        "16" : 0.000000,
        "32" : 0.000000,
        "64" : 0.000000,
        ">=64" : 0.000000
      },
      "latency_ns" : {
        "2" : 0.000000,
        "4" : 0.000000,
        "10" : 0.000000,
        "20" : 0.000000,
        "50" : 0.000000,
        "100" : 0.000000,
        "250" : 0.000000,
        "500" : 0.000000,
        "750" : 0.000000,
        "1000" : 0.000000
      },
      "latency_us" : {
        "2" : 0.000000,
        "4" : 0.000000,
        "10" : 0.000000,
        "20" : 0.000000,
        "50" : 0.000000,
        "100" : 7.289028,
        "250" : 89.502167,
        "500" : 3.138150,
        "750" : 0.016225,
        "1000" : 0.010000
      },
      "latency_ms" : {
        "2" : 0.037683,
        "4" : 0.012038,
        "10" : 0.010000,
        "20" : 0.000000,
        "50" : 0.000000,
        "100" : 0.000000,
        "250" : 0.000000,
        "500" : 0.000000,
        "750" : 0.000000,
        "1000" : 0.000000,
        "2000" : 0.000000,
        ">=2000" : 0.000000
      },
      "latency_depth" : 1,
      "latency_target" : 0,
      "latency_percentile" : 100.000000,
      "latency_window" : 0
    }
  ],
  "disk_util" : [
    {
      "name" : "sdd",
      "read_ios" : 190472,
      "write_ios" : 47,
      "read_sectors" : 3047552,
      "write_sectors" : 1400,
      "read_merges" : 0,
      "write_merges" : 38,
      "read_ticks" : 27262,
      "write_ticks" : 19,
      "in_queue" : 27289,
      "util" : 85.424588
    }
  ]
}
