{
  "fio version" : "fio-3.36",
  "timestamp" : 1775096711,
  "timestamp_ms" : 1775096711592,
  "time" : "Thu Apr  2 10:25:11 2026",
  "jobs" : [
    {
      "jobname" : "bs_8k_rand_write",
      "groupid" : 0,
      "job_start" : 1775096681578,
      "error" : 0,
      "eta" : 0,
      "elapsed" : 31,
      "job options" : {
        "name" : "bs_8k_rand_write",
        "filename" : "fio_test_file",
        "rw" : "randwrite",
        "bs" : "8k",
        "ioengine" : "pvsync",
        "numjobs" : "1",
        "iodepth" : "1",
        "size" : "1G",
        "time_based" : "1",
        "runtime" : "30",
        "direct" : "1",
        "group_reporting" : "1"
      },
      "read" : {
        "io_bytes" : 0,
        "io_kbytes" : 0,
        "bw_bytes" : 0,
        "bw" : 0,
        "iops" : 0.000000,
        "runtime" : 0,
        "total_ios" : 0,
        "short_ios" : 0,
        "drop_ios" : 0,
        "slat_ns" : {
          "min" : 0,
          "max" : 0,
          "mean" : 0.000000,
          "stddev" : 0.000000,
          "N" : 0
        },
        "clat_ns" : {
          "min" : 0,
          "max" : 0,
          "mean" : 0.000000,
          "stddev" : 0.000000,
          "N" : 0
        },
        "lat_ns" : {
          "min" : 0,
          "max" : 0,
          "mean" : 0.000000,
          "stddev" : 0.000000,
          "N" : 0
        },
        "bw_min" : 0,
        "bw_max" : 0,
        "bw_agg" : 0.000000,
        "bw_mean" : 0.000000,
        "bw_dev" : 0.000000,
        "bw_samples" : 0,
        "iops_min" : 0,
        "iops_max" : 0,
        "iops_mean" : 0.000000,
        "iops_stddev" : 0.000000,
        "iops_samples" : 0
      },
      "write" : {
        "io_bytes" : 2793725952,
        "io_kbytes" : 2728248,
        "bw_bytes" : 93121094,
        "bw" : 90938,
        "iops" : 11367.321089,
        "runtime" : 30001,
        "total_ios" : 341031,
        "short_ios" : 0,
        "drop_ios" : 0,
        "slat_ns" : {
          "min" : 0,
          "max" : 0,
          "mean" : 0.000000,
          "stddev" : 0.000000,
          "N" : 0
        },
        "clat_ns" : {
          "min" : 36437,
          "max" : 334711504,
          "mean" : 87262.996945,
          "stddev" : 1042170.791362,
          "N" : 341031,
          "percentile" : {
            "1.000000" : 47360,
            "5.000000" : 49408,
            "10.000000" : 50944,
            "20.000000" : 52480,
            "30.000000" : 53504,
            "40.000000" : 54528,
            "50.000000" : 56064,
            "60.000000" : 60160,
            "70.000000" : 66048,
            "80.000000" : 77312,
            "90.000000" : 93696,
            "95.000000" : 112128,
            "99.000000" : 183296,
            "99.500000" : 226304,
            "99.900000" : 9895936,
            "99.950000" : 11730944,
            "99.990000" : 17170432
          }
        },
        "lat_ns" : {
          "min" : 36471,
          "max" : 334711765,
          "mean" : 87394.847536,
          "stddev" : 1042173.338203,
          "N" : 341031
        },
        "bw_min" : 18896,
        "bw_max" : 125968,
        "bw_agg" : 99.842126,
        "bw_mean" : 90795.966102,
        "bw_dev" : 21799.730313,
        "bw_samples" : 59,
        "iops_min" : 2362,
        "iops_max" : 15746,
        "iops_mean" : 11349.491525,
        "iops_stddev" : 2724.974979,
        "iops_samples" : 59
      },
      "trim" : {
        "io_bytes" : 0,
        "io_kbytes" : 0,
        "bw_bytes" : 0,
        "bw" : 0,
        "iops" : 0.000000,
        "runtime" : 0,
        "total_ios" : 0,
        "short_ios" : 0,
        "drop_ios" : 0,
        "slat_ns" : {
          "min" : 0,
          "max" : 0,
          "mean" : 0.000000,
          "stddev" : 0.000000,
          "N" : 0
        },
        "clat_ns" : {
          "min" : 0,
          "max" : 0,
          "mean" : 0.000000,
          "stddev" : 0.000000,
          "N" : 0
        },
        "lat_ns" : {
          "min" : 0,
          "max" : 0,
          "mean" : 0.000000,
          "stddev" : 0.000000,
          "N" : 0
        },
        "bw_min" : 0,
        "bw_max" : 0,
        "bw_agg" : 0.000000,
        "bw_mean" : 0.000000,
        "bw_dev" : 0.000000,
        "bw_samples" : 0,
        "iops_min" : 0,
        "iops_max" : 0,
        "iops_mean" : 0.000000,
        "iops_stddev" : 0.000000,
        "iops_samples" : 0
      },
      "sync" : {
        "total_ios" : 0,
        "lat_ns" : {
          "min" : 0,
          "max" : 0,
          "mean" : 0.000000,
          "stddev" : 0.000000,
          "N" : 0
        }
      },
      "job_runtime" : 30000,
      "usr_cpu" : 1.823333,
      "sys_cpu" : 17.960000,
      "ctx" : 341049,
      "majf" : 0,
      "minf" : 11,
      "iodepth_level" : {
        "1" : 100.000000,
        "2" : 0.000000,
        "4" : 0.000000,
        "8" : 0.000000,
        "16" : 0.000000,
        "32" : 0.000000,
        ">=64" : 0.000000
      },
      "iodepth_submit" : {
        "0" : 0.000000,
        "4" : 100.000000,
        "8" : 0.000000,
        "16" : 0.000000,
        "32" : 0.000000,
        "64" : 0.000000,
        ">=64" : 0.000000
      },
      "iodepth_complete" : {
        "0" : 0.000000,
        "4" : 100.000000,
        "8" : 0.000000,
        "16" : 0.000000,
        "32" : 0.000000,
        "64" : 0.000000,
        ">=64" : 0.000000
      },
      "latency_ns" : {
        "2" : 0.000000,
        "4" : 0.000000,
        "10" : 0.000000,
        "20" : 0.000000,
        "50" : 0.000000,
        "100" : 0.000000,
        "250" : 0.000000,
        "500" : 0.000000,
        "750" : 0.000000,
        "1000" : 0.000000
      },
      "latency_us" : {
        "2" : 0.000000,
        "4" : 0.000000,
        "10" : 0.000000,
        "20" : 0.000000,
        "50" : 6.832517,
        "100" : 85.391651,
        "250" : 7.392290,
        "500" : 0.167727,
        "750" : 0.013489,
        "1000" : 0.010000
      },
      "latency_ms" : {
        "2" : 0.034308,
        "4" : 0.025511,
        "10" : 0.040759,
        "20" : 0.088555,
        "50" : 0.010000,
        "100" : 0.010000,
        "250" : 0.010000,
        "500" : 0.010000,
        "750" : 0.000000,
        "1000" : 0.000000,
        "2000" : 0.000000,
        ">=2000" : 0.000000
      },
      "latency_depth" : 1,
      "latency_target" : 0,
      "latency_percentile" : 100.000000,
      "latency_window" : 0
    }
  ],
  "disk_util" : [
    {
      "name" : "sdd",
      "read_ios" : 1,
      "write_ios" : 346589,
      "read_sectors" : 8,
      "write_sectors" : 5678480,
      "read_merges" : 0,
      "write_merges" : 524,
      "read_ticks" : 0,
      "write_ticks" : 41094,
      "in_queue" : 41417,
      "util" : 73.450058
    }
  ]
}
